App,Category,Rating,Reviews,Size,Installs,Type,Price,Content Rating,Genres,Last Updated,Current Ver,Android Ver
Pixel Music Player 4,MEDICAL,4.8,35,19M,500+,Free,0,Everyone,Medical,"December 11, 2015",1.17.1,4.1 and up
Bright Calendar,FAMILY,4.1,642,11M,"50,000+",Free,0,Everyone,Casual,"February 4, 2015",3.19.8,Varies with device
Happy Chess,SOCIAL,4.2,151,10M,"10,000+",Free,0,Everyone,Social,"November 14, 2017",5.8.0,5.0 and up
Mini Calendar,SHOPPING,3.6,160,Varies with device,"10,000+",Free,0,Everyone,Shopping,"October 17, 2017",5.16.5,4.1 and up
Pocket Translator,LIFESTYLE,4.4,756,41M,"50,000+",Free,0,Everyone,Lifestyle,"August 30, 2016",3.18.5,4.4 and up
Pro Puzzle,PHOTOGRAPHY,4.1,9826,6.2M,"500,000+",Free,0,Everyone,Photography,"July 29, 2017",3.1.5,4.4 and up
Ultimate Flashlight,TRAVEL_AND_LOCAL,3.9,60,6.0M,"5,000+",Free,0,Everyone,Travel & Local,"December 4, 2016",2.3.7,4.4 and up
Bright Coloring Book 13,MEDICAL,5.0,855,16M,"50,000+",Free,0,Everyone,Medical,"October 25, 2016",1.12.6,4.0.3 and up
Tiny Photo Editor,TOOLS,3.6,38637,29M,"5,000,000+",Free,0,Everyone,Tools,"May 10, 2016",6.17.8,4.0.3 and up
Ultimate Music Player,GAME,4.7,21848,13M,"1,000,000+",Free,0,Teen,Action,"June 15, 2017",1.7.3,5.0 and up
Simple Bible 2,BOOKS_AND_REFERENCE,4.3,314,3.3M,"5,000+",Free,0,Everyone,Books & Reference,"May 21, 2018",7.14.5,Varies with device
Magic Puzzle,BUSINESS,4.6,177,22M,"5,000+",Free,0,Everyone,Business,"November 14, 2017",2.0.9,4.1 and up
Easy Budget,FAMILY,4.7,54k,34M,"5,000,000+",Free,0,Everyone,Casual,"October 31, 2017",3.14.8,4.1 and up
Pixel Bible 13,MEDICAL,4.6,16553,14M,"500,000+",Paid,$4.99,Everyone,Medical,,3.18.5,Varies with device
Secure Workout,TRAVEL_AND_LOCAL,,28,2.4M,"1,000+",Free,0,Everyone,Travel & Local,"October 30, 2016",2.19.3,4.0.3 and up
Star Notes,ART_AND_DESIGN,4.0,15.5k,29M,"1,000,000+",Free,0,Everyone,Art & Design,"March 7, 2018",7.19.4,4.4 and up
Quick Bible,BOOKS_AND_REFERENCE,4.9,29041,Varies with device,"1,000,000+",Free,0,Everyone,Books & Reference,"May 15, 2017",5.5.7,4.0.3 and up
Magic Scanner,SOCIAL,4.5,1633,Varies with device,"100,000+",Free,0,Everyone,Social,"October 13, 2016",Varies with device,4.0.3 and up
Magic Wallpapers,HEALTH_AND_FITNESS,,6,Varies with device,500+,Free,0,Teen,Health & Fitness,"June 7, 2018",1.6.4,5.0 and up
Tiny Keyboard 17,GAME,,3915,191k,"100,000+",Paid,$9.99,Everyone,Action,"April 12, 2018",4.11.2,4.1 and up
Free Coloring Book 18,ENTERTAINMENT,3.4,96,225k,"5,000+",Free,0,Mature 17+,Entertainment,"April 13, 2017",4.9.9,5.0 and up
Smart Photo Editor,SPORTS,4.6,150,Varies with device,"5,000+",Free,0,Everyone,Sports,"November 28, 2017",7.11.9,4.4 and up
Cool Dictionary,HEALTH_AND_FITNESS,3.7,675,8.4M,"10,000+",Free,0,Everyone,Health & Fitness,"April 17, 2018",2.5.7,4.4 and up
Free Bible 17,ART_AND_DESIGN,4.3,19652,6.4M,"1,000,000+",Free,0,Everyone,Art & Design,"July 28, 2017",6.16.9,4.0.3 and up
Bright Scanner,COMMUNICATION,4.1,136,2.1M,"5,000+",Free,0,Teen,Communication,"May 1, 2018",4.18.1,4.0.3 and up
Bright Keyboard,HEALTH_AND_FITNESS,3.9,102,24M,"5,000+",Free,0,Everyone,Health & Fitness,"September 9, 2017",7.1.4,5.0 and up
Smart Scanner,SOCIAL,4.1,29,8.0M,"1,000+",Free,0,Everyone 10+,Social,"October 29, 2015",4.11.0,5.0 and up
Magic Bible,PHOTOGRAPHY,4.0,7,4.9M,50+,Free,0,Teen,Photography,"June 4, 2017",3.7.8,Varies with device
Smart Wallpapers 10,MEDICAL,4.5,106,15M,"5,000+",Free,0,Everyone,Medical,"July 13, 2017",2.0.2,Varies with device
Magic Recipes,FINANCE,4.4,16177,17M,"500,000+",Free,0,Everyone,Finance,"July 9, 2018",7.14.6,4.1 and up
Secure Messenger 15,HEALTH_AND_FITNESS,4.2,395,21M,"50,000+",Free,0,Everyone,Health & Fitness,"November 13, 2017",1.12.7,4.1 and up
Secure Notes,TRAVEL_AND_LOCAL,4.4,37153,33M,"1,000,000+",Free,0,Everyone,Travel & Local,"October 28, 2016",8.5.8,4.1 and up
Simple Maps,EDUCATION,4.7,84,Varies with device,"5,000+",Free,0,Everyone,Education,"October 5, 2016",4.19.6,4.0.3 and up
Easy Weather,SHOPPING,3.2,66,27M,"5,000+",Free,0,Everyone,Shopping,"May 25, 2018",8.10.4,4.1 and up
Super Bible,PRODUCTIVITY,4.4,114,15M,"5,000+",Free,0,Teen,Productivity,"June 15, 2014",3.8.5,4.0.3 and up
Pocket Budget,TRAVEL_AND_LOCAL,3.8,78,19M,"5,000+",Free,0,Everyone,Travel & Local,"April 17, 2016",8.14.8,4.1 and up
Simple Translator 9,SHOPPING,3.5,6.7k,41M,"500,000+",Free,0,Everyone,Shopping,"April 10, 2018",6.4.6,4.1 and up
Secure Radio 15,BUSINESS,3.6,6k,99M,"100,000+",Free,0,Everyone,Business,"September 2, 2017",4.7.0,4.1 and up
Pro Notes,ENTERTAINMENT,4.3,37,28M,"5,000+",Free,0,Everyone,Entertainment,"January 24, 2018",5.5.5,5.0 and up
Bright Maps,SPORTS,4.6,782,6.1M,"50,000+",Free,0,Everyone,Sports,"June 12, 2017",4.2.5,4.0.3 and up
Pixel Radio,PHOTOGRAPHY,3.4,4,Varies with device,100+,Free,0,Everyone,Photography,"July 17, 2018",5.1.6,4.1 and up
Ultimate VPN,MEDICAL,4.5,10002,9.1M,"500,000+",Free,0,Everyone,Medical,"September 24, 2017",7.14.0,5.0 and up
Cool Coloring Book,SOCIAL,4.4,149,13M,"5,000+",Free,0,Everyone,Social,"August 19, 2017",7.6.4,4.0.3 and up
Easy Scanner,ART_AND_DESIGN,3.6,49,18M,"1,000+",Free,0,Everyone,Art & Design,"July 20, 2018",6.14.1,Varies with device
Mini Budget,FAMILY,3.7,1.3M,3.4M,"50,000,000+",Free,0,Everyone,Casual,"August 26, 2016",Varies with device,4.0.3 and up
Magic Weather 4,FINANCE,3.5,178,40M,"5,000+",Free,0,Everyone,Finance,"May 11, 2016",8.10.2,4.0.3 and up
Happy Music Player,COMMUNICATION,4.7,303,18M,"10,000+",Free,0,Everyone,Communication,"July 20, 2018",2.6.4,4.0.3 and up
Mini Workout,LIFESTYLE,4.1,39k,421k,"1,000,000+",Free,0,Everyone,Lifestyle,"September 15, 2017",Varies with device,Varies with device
Fast Calendar,MAPS_AND_NAVIGATION,4.0,5862,20M,"500,000+",Paid,$2.99,Everyone,Maps & Navigation,"January 27, 2017",Varies with device,4.0.3 and up
Pixel Translator 3,BUSINESS,3.9,4423,22M,"500,000+",Free,0,Teen,Business,"February 18, 2018",7.10.1,Varies with device
Ultimate Diet Tracker,FAMILY,,5,8.3M,100+,Free,0,Everyone,Casual,"April 11, 2018",7.13.7,Varies with device
Magic Photo Editor,PRODUCTIVITY,4.8,8556,10M,"500,000+",Free,0,Everyone,Productivity,"December 21, 2017",2.12.7,4.0.3 and up
Tiny Diet Tracker,ART_AND_DESIGN,4.1,2088,19M,"50,000+",Free,0,Everyone,Art & Design,"April 17, 2018",4.16.3,4.0.3 and up
Daily VPN,EDUCATION,4.1,2791,60M,"100,000+",Free,0,Teen,Education,"August 5, 2017",Varies with device,5.0 and up
Magic Diet Tracker,FINANCE,,1k,14M,"50,000+",Free,0,Everyone,Finance,"December 27, 2017",2.5.6,4.0.3 and up
Pro Scanner,MEDICAL,3.8,485,66M,"50,000+",Free,0,Everyone,Medical,"May 7, 2018",1.1.9,4.0.3 and up
Easy Messenger 16,ENTERTAINMENT,,1004,7.3M,"10,000+",Free,0,Everyone,Entertainment,"February 14, 2017",7.10.4,4.1 and up
Free Diet Tracker 6,TOOLS,4.1,61763,5.0M,"5,000,000+",Free,0,Everyone,Tools,"March 27, 2018",2.5.8,4.4 and up
Magic Translator 16,HEALTH_AND_FITNESS,3.6,4k,68M,"500,000+",Free,0,Everyone,Health & Fitness,"July 10, 2018",7.0.4,4.4 and up
Bright Dictionary 17,ART_AND_DESIGN,3.3,550,2.8M,"50,000+",Free,0,Mature 17+,Art & Design,"March 23, 2018",1.14.0,4.4 and up
Simple Music Player 9,TRAVEL_AND_LOCAL,3.8,302,7.4M,"5,000+",Free,0,Everyone,Travel & Local,"September 14, 2016",3.18.3,4.0.3 and up
Pocket Diet Tracker 8,SPORTS,4.1,204,26M,"5,000+",Free,0,Everyone,Sports,"August 12, 2017",4.6.7,5.0 and up
Daily Maps 6,HEALTH_AND_FITNESS,4.1,210678,4.9M,"5,000,000+",Free,0,Everyone,Health & Fitness,"November 17, 2016",6.7.4,Varies with device
Pocket Messenger,MEDICAL,3.8,16640,14M,"500,000+",Free,0,Mature 17+,Medical,"February 10, 2018",4.5.2,4.4 and up
Magic Flashlight,MEDICAL,4.2,30,Varies with device,"1,000+",Free,0,Everyone,Medical,"May 30, 2017",5.8.5,4.0.3 and up
Smart Dictionary 12,TOOLS,3.9,76,6.8M,"5,000+",Free,0,Everyone,Tools,"December 7, 2017",4.12.2,4.0.3 and up
Star Launcher,FAMILY,5.0,5k,1.9M,"100,000+",Free,0,Everyone,Casual,"January 29, 2018",6.15.4,Varies with device
Pro Workout,ART_AND_DESIGN,3.7,21698,55M,"500,000+",Free,0,Teen,Art & Design,"May 31, 2018",8.9.3,4.0.3 and up
Tiny Translator,HEALTH_AND_FITNESS,3.8,813,56M,"10,000+",Free,0,Mature 17+,Health & Fitness,"March 8, 2017",3.19.2,4.4 and up
Pixel Radio 9,SHOPPING,4.1,14876,12M,"1,000,000+",Free,0,Everyone,Shopping,"June 7, 2018",3.10.7,5.0 and up
Pixel Flashlight 10,BUSINESS,4.1,29.6k,6.7M,"1,000,000+",Free,0,Everyone,Business,"July 2, 2017",7.16.2,5.0 and up
Free Scanner,HEALTH_AND_FITNESS,4.1,31608,17M,"500,000+",Free,0,Everyone,Health & Fitness,"January 29, 2018",8.11.5,4.4 and up
Super Maps,ART_AND_DESIGN,4.6,88,7.4M,"5,000+",Free,0,Everyone,Art & Design,"March 17, 2018",7.19.6,4.4 and up
Quick Notes 14,PRODUCTIVITY,4.2,85,17M,"5,000+",Free,0,Everyone,Productivity,"November 21, 2017",2.5.5,5.0 and up
Cool Coloring Book,SOCIAL,4.3,5515,18M,"500,000+",Free,0,Everyone,Social,"September 14, 2017",2.4.0,5.0 and up
Daily Flashlight,TRAVEL_AND_LOCAL,3.7,327,466k,"10,000+",Free,0,Everyone,Travel & Local,"July 28, 2016",5.18.9,Varies with device
Daily Music Player,GAME,3.9,4434,91M,"500,000+",Paid,$4.99,Everyone 10+,Action,"March 24, 2017",5.3.8,4.0.3 and up
Daily Maps,BUSINESS,4.4,1313,13M,"50,000+",Free,0,Everyone,Business,"February 25, 2018",6.5.1,4.4 and up
Simple Music Player,FAMILY,4.1,224486,27M,"10,000,000+",Free,0,Everyone,Casual,"July 30, 2018",Varies with device,5.0 and up
Magic Flashlight,SPORTS,4.7,9.1k,5.9M,"500,000+",Free,0,Everyone,Sports,"July 12, 2018",2.15.1,4.4 and up
Pro Photo Editor,TOOLS,5.0,494,33M,"10,000+",Free,0,Everyone,Tools,,5.4.6,4.0.3 and up
Pro Workout,PRODUCTIVITY,4.2,89,33M,"5,000+",Free,0,Everyone,Productivity,"September 29, 2017",8.3.0,5.0 and up
Secure Dictionary,EDUCATION,4.3,404,12M,"10,000+",Free,0,Everyone,Education,"April 9, 2018",2.14.1,Varies with device
Tiny Translator,MEDICAL,,161235,Varies with device,"5,000,000+",Free,0,Everyone,Medical,"February 14, 2018",8.15.0,5.0 and up
Pixel Budget,MAPS_AND_NAVIGATION,3.8,1k,37M,"50,000+",Free,0,Everyone,Maps & Navigation,"January 27, 2018",2.16.5,5.0 and up
Free Recipes,EDUCATION,4.6,269,25M,"10,000+",Free,0,Everyone,Education,"December 28, 2017",6.18.1,4.1 and up
Pro Music Player,PHOTOGRAPHY,3.9,80,Varies with device,"1,000+",Free,0,Everyone,Photography,"August 17, 2017",Varies with device,4.4 and up
Simple Flashlight,FINANCE,4.2,329,23M,"10,000+",Free,0,Everyone,Finance,"July 11, 2017",4.4.0,Varies with device
Tiny Dictionary 15,EDUCATION,4.1,98,17M,"5,000+",Free,0,Everyone,Education,"December 3, 2017",7.11.1,Varies with device
Bright Puzzle,PHOTOGRAPHY,2.7,1587,1.6M,"50,000+",Free,0,Everyone,Photography,"October 5, 2016",4.18.8,4.0.3 and up
Secure Notes,TOOLS,3.9,849,13M,"50,000+",Free,0,Teen,Tools,"December 15, 2017",2.5.6,4.1 and up
Super Messenger,BOOKS_AND_REFERENCE,4.5,784,11M,"50,000+",Free,0,Teen,Books & Reference,"January 29, 2018",1.5.3,4.0.3 and up
Smart Budget 2,TRAVEL_AND_LOCAL,4.6,5556,Varies with device,"100,000+",Free,0,Everyone,Travel & Local,"July 27, 2017",5.7.1,4.4 and up
Tiny Scanner,HEALTH_AND_FITNESS,,0,6.2M,1+,Free,0,Everyone,Health & Fitness,"January 12, 2018",Varies with device,5.0 and up
Bright Wallpapers,BOOKS_AND_REFERENCE,3.8,1396,8.4M,"50,000+",Free,0,Teen,Books & Reference,"February 28, 2018",8.9.9,5.0 and up
Simple Workout 11,SOCIAL,4.1,15,Varies with device,500+,Free,0,Everyone,Social,"July 6, 2017",3.2.8,5.0 and up
Tiny Notes,COMMUNICATION,3.7,338,15M,"10,000+",Free,0,Everyone,Communication,"July 31, 2015",1.5.7,4.1 and up
Super Scanner,LIFESTYLE,4.9,1771,Varies with device,"50,000+",Paid,$9.99,Everyone,Lifestyle,"June 8, 2018",3.18.8,4.4 and up
Super Notes,ENTERTAINMENT,4.2,2.1k,347k,"50,000+",Free,0,Everyone,Entertainment,"January 12, 2018",6.13.0,5.0 and up
Pocket Maps,TOOLS,3.5,588,Varies with device,"10,000+",Free,0,Everyone,Tools,"January 20, 2017",8.1.1,5.0 and up
Simple Notes,EDUCATION,4.1,5820,24M,"500,000+",Paid,$0.99,Everyone,Education,"June 14, 2018",4.6.1,4.1 and up
Smart Recipes,TRAVEL_AND_LOCAL,4.4,405,9.8M,"5,000+",Free,0,Everyone,Travel & Local,"August 7, 2017",7.18.0,4.4 and up
Pixel Notes,PHOTOGRAPHY,3.8,2438,13M,"50,000+",Free,0,Everyone,Photography,"April 28, 2017",5.16.0,4.1 and up
Super Launcher,SHOPPING,4.1,38,Varies with device,"5,000+",Free,0,Mature 17+,Shopping,"September 21, 2017",8.14.4,4.1 and up
Super Music Player 7,COMMUNICATION,4.3,3k,15M,"50,000+",Free,0,Everyone,Communication,"June 7, 2018",4.3.0,4.1 and up
Free Diet Tracker,PHOTOGRAPHY,4.4,155,Varies with device,"5,000+",Free,0,Everyone 10+,Photography,"February 26, 2018",7.19.0,4.0.3 and up
Tiny Photo Editor,FINANCE,4.6,550,74M,"50,000+",Free,0,Everyone,Finance,"April 28, 2018",5.9.6,5.0 and up
Daily Flashlight 19,SOCIAL,4.4,5k,436k,"50,000+",Free,0,Everyone,Social,"June 8, 2016",Varies with device,4.1 and up
Magic Chess 2,SOCIAL,5.0,1484,14M,"100,000+",Free,0,Everyone,Social,"June 27, 2017",3.10.7,4.0.3 and up
Easy Workout,BUSINESS,4.4,8068,12M,"100,000+",Free,0,Everyone,Business,"December 9, 2014",7.17.0,4.1 and up
Smart Calendar,COMMUNICATION,4.5,1.0M,7.4M,"50,000,000+",Free,0,Everyone,Communication,"December 14, 2016",7.10.7,5.0 and up
Secure Weather 2,BOOKS_AND_REFERENCE,,9,1.3M,500+,Free,0,Teen,Books & Reference,"December 12, 2016",7.3.8,4.1 and up
Pixel Maps,BUSINESS,,1376,44M,"50,000+",Free,0,Teen,Business,"January 25, 2018",3.14.9,4.1 and up
Fast Recipes,MAPS_AND_NAVIGATION,3.5,35,9.0M,"5,000+",Free,0,Everyone,Maps & Navigation,"September 30, 2017",6.14.4,Varies with device
Quick Photo Editor,HEALTH_AND_FITNESS,4.7,17401,23M,"1,000,000+",Free,0,Everyone,Health & Fitness,"September 24, 2017",6.12.2,Varies with device
Bright Photo Editor 15,HEALTH_AND_FITNESS,3.4,36,98M,"5,000+",Free,0,Everyone,Health & Fitness,"April 29, 2018",1.19.6,4.4 and up
Happy VPN,LIFESTYLE,4.0,85,4.4M,"5,000+",Free,0,Everyone,Lifestyle,"February 2, 2017",3.6.0,Varies with device
Bright Notes,FAMILY,,150,24M,"5,000+",Free,0,Everyone,Casual,"March 5, 2018",7.17.2,Varies with device
Ultimate Puzzle,TRAVEL_AND_LOCAL,4.0,586,19M,"50,000+",Free,0,Teen,Travel & Local,"March 12, 2018",4.19.7,4.4 and up
Happy Workout,HEALTH_AND_FITNESS,4.0,4499,4.4M,"50,000+",Free,0,Mature 17+,Health & Fitness,"August 20, 2017",8.0.3,5.0 and up
Quick Calendar,MAPS_AND_NAVIGATION,4.1,636,34M,"5,000+",Free,0,Everyone,Maps & Navigation,"May 8, 2018",3.14.8,Varies with device
Daily VPN,LIFESTYLE,,2,65M,100+,Free,0,Everyone,Lifestyle,"February 10, 2017",7.10.7,4.0.3 and up
Fast Workout 3,SHOPPING,3.8,2399,39M,"50,000+",Free,0,Teen,Shopping,"March 20, 2018",5.2.4,4.1 and up
Mini Coloring Book 14,MEDICAL,4.2,1575,10M,"50,000+",Free,0,Mature 17+,Medical,"May 20, 2018",1.5.1,4.0.3 and up
Simple Bible,PHOTOGRAPHY,4.4,246,451k,"5,000+",Free,0,Everyone 10+,Photography,"July 4, 2017",4.19.8,4.1 and up
Simple Puzzle,SHOPPING,3.5,147,9.2M,"5,000+",Free,0,Teen,Shopping,"February 11, 2015",4.8.7,Varies with device
Pixel Budget 5,MEDICAL,4.2,99.1k,7.5M,"5,000,000+",Free,0,Everyone,Medical,"July 30, 2018",8.4.0,5.0 and up
Magic Messenger,TRAVEL_AND_LOCAL,3.6,636,7.0M,"50,000+",Free,0,Everyone,Travel & Local,"October 4, 2015",8.12.4,4.0.3 and up
Bright Photo Editor,SHOPPING,3.8,868,34M,"50,000+",Free,0,Everyone,Shopping,"April 12, 2018",7.18.9,Varies with device
Smart Diet Tracker,FINANCE,4.6,119,27M,"5,000+",Free,0,Everyone,Finance,"March 18, 2018",4.14.5,4.1 and up
Bright Recipes,TRAVEL_AND_LOCAL,4.8,1664,4.8M,"50,000+",Free,0,Everyone,Travel & Local,"July 15, 2018",4.9.8,4.4 and up
Ultimate Keyboard 4,SHOPPING,4.3,2376,9.0M,"100,000+",Paid,$2.99,Teen,Shopping,"February 18, 2018",Varies with device,4.0.3 and up
Cool Translator 11,HEALTH_AND_FITNESS,3.9,1737,32M,"50,000+",Free,0,Everyone,Health & Fitness,"July 6, 2017",1.2.5,5.0 and up
Cool Calendar,ART_AND_DESIGN,4.6,676,2.5M,"10,000+",Free,0,Everyone,Art & Design,"May 4, 2017",5.3.7,4.4 and up
Secure Keyboard,MAPS_AND_NAVIGATION,4.2,121,21M,"5,000+",Free,0,Everyone,Maps & Navigation,"July 15, 2017",8.17.0,4.1 and up
Daily Workout 6,PRODUCTIVITY,4.3,4.1k,22M,"50,000+",Free,0,Everyone,Productivity,"February 13, 2016",5.8.5,4.4 and up
Mini Bible,PHOTOGRAPHY,4.2,1967,18M,"100,000+",Free,0,Everyone,Photography,"February 3, 2018",2.19.3,5.0 and up
Mini Chess,MAPS_AND_NAVIGATION,4.0,6223,6.4M,"500,000+",Free,0,Everyone,Maps & Navigation,"May 23, 2018",2.17.8,4.4 and up
Mini Budget,TRAVEL_AND_LOCAL,4.5,3736,7.9M,"100,000+",Free,0,Everyone,Travel & Local,"February 7, 2018",5.18.0,Varies with device
Pro Translator,TRAVEL_AND_LOCAL,4.7,492,2.8M,"50,000+",Free,0,Everyone,Travel & Local,"May 21, 2017",6.10.3,4.1 and up
Super Weather,COMMUNICATION,4.1,1.5k,Varies with device,"50,000+",Free,0,Everyone,Communication,"August 19, 2016",5.8.8,4.1 and up
Cool Budget,ART_AND_DESIGN,4.2,1.1M,Varies with device,"50,000,000+",Free,0,Everyone 10+,Art & Design,"April 10, 2016",4.3.7,4.0.3 and up
Happy Calendar,SPORTS,3.9,124,7.8M,"5,000+",Free,0,Everyone,Sports,"September 3, 2017",1.15.2,4.4 and up
Easy Scanner,HEALTH_AND_FITNESS,4.6,3k,6.3M,"100,000+",Paid,$1.99,Everyone,Health & Fitness,"August 16, 2017",7.4.6,5.0 and up
Daily Workout 3,TOOLS,4.0,184133,14M,"5,000,000+",Free,0,Everyone,Tools,"October 2, 2017",7.4.3,4.0.3 and up
Pro Bible,PHOTOGRAPHY,3.5,54,8.3M,"1,000+",Free,0,Everyone,Photography,"March 24, 2017",1.16.4,5.0 and up
Tiny Keyboard 13,LIFESTYLE,4.2,1.8k,3.7M,"50,000+",Free,0,Everyone,Lifestyle,"March 17, 2018",5.15.9,Varies with device
Secure Radio,LIFESTYLE,3.6,30k,20M,"1,000,000+",Free,0,Everyone,Lifestyle,"October 18, 2017",3.11.8,4.1 and up
Cool Music Player,EDUCATION,3.7,1826,7.9M,"100,000+",Paid,$4.99,Teen,Education,"May 16, 2018",4.2.8,4.0.3 and up
Mini Calendar,MEDICAL,4.1,63,17M,"5,000+",Free,0,Everyone,Medical,"July 28, 2017",Varies with device,4.0.3 and up
Pro Radio,MEDICAL,4.0,2k,16M,"50,000+",Free,0,Everyone,Medical,"June 6, 2018",Varies with device,4.1 and up
Daily Chess,EDUCATION,3.9,19879,6.1M,"1,000,000+",Free,0,Everyone,Education,"October 9, 2015",3.9.0,4.4 and up
Simple Puzzle,MEDICAL,4.6,1281,15M,"50,000+",Free,0,Everyone,Medical,"July 25, 2018",4.14.2,4.1 and up
Quick Recipes,SOCIAL,4.2,162,18M,"5,000+",Paid,$0.99,Teen,Social,"February 20, 2018",3.7.4,5.0 and up
Ultimate Recipes,MEDICAL,,1615,12M,"50,000+",Paid,$9.99,Everyone,Medical,"March 8, 2017",Varies with device,4.4 and up
Smart Bible,FINANCE,4.9,43,27M,"5,000+",Paid,$0.99,Everyone,Finance,"February 22, 2018",5.11.9,4.1 and up
Magic Maps,SHOPPING,4.5,214722,30M,"10,000,000+",Free,0,Everyone,Shopping,"October 12, 2016",2.9.6,4.0.3 and up
Quick Weather,TRAVEL_AND_LOCAL,4.5,40,1.5M,500+,Paid,$2.99,Mature 17+,Travel & Local,"February 7, 2018",2.4.7,4.4 and up
Magic Diet Tracker 10,TOOLS,4.3,2k,Varies with device,"100,000+",Free,0,Everyone,Tools,"December 25, 2017",5.17.5,5.0 and up
Magic Wallpapers,FAMILY,4.8,11,Varies with device,500+,Free,0,Everyone,Casual,"March 16, 2017",2.8.2,4.4 and up
Happy VPN,PHOTOGRAPHY,4.6,3.2k,11M,"50,000+",Free,0,Teen,Photography,"August 27, 2017",4.19.5,Varies with device
Fast Flashlight,ART_AND_DESIGN,4.0,192,4.8M,"5,000+",Free,0,Everyone,Art & Design,"March 9, 2017",3.4.4,4.0.3 and up
Free Maps,SOCIAL,4.3,2642,2.5M,"50,000+",Free,0,Everyone 10+,Social,"November 4, 2017",3.3.7,4.4 and up
Happy Workout,EDUCATION,3.9,190642,Varies with device,"5,000,000+",Free,0,Everyone,Education,"July 28, 2017",6.10.9,4.4 and up
Mini Workout,SOCIAL,4.4,60.1k,7.7M,"1,000,000+",Free,0,Everyone,Social,"March 12, 2018",6.6.9,4.0.3 and up
Happy VPN,PRODUCTIVITY,3.9,11946,Varies with device,"500,000+",Free,0,Everyone,Productivity,"January 30, 2018",Varies with device,5.0 and up
Happy Keyboard,FINANCE,4.2,6k,13M,"50,000+",Free,0,Everyone,Finance,"October 1, 2017",Varies with device,Varies with device
Ultimate Translator 8,TOOLS,4.8,8860,58M,"500,000+",Free,0,Everyone,Tools,"April 5, 2017",8.4.2,Varies with device
Tiny Music Player 3,TRAVEL_AND_LOCAL,4.2,433,3.8M,"50,000+",Free,0,Teen,Travel & Local,"May 12, 2018",3.15.5,Varies with device
Tiny Dictionary,BOOKS_AND_REFERENCE,,382,100M,"10,000+",Free,0,Teen,Books & Reference,"December 17, 2017",1.17.3,4.0.3 and up
Tiny Diet Tracker 8,FINANCE,3.8,13,13M,100+,Free,0,Everyone,Finance,"April 14, 2018",1.1.0,Varies with device
Cool Chess 10,TOOLS,3.7,112,22M,"1,000+",Free,0,Everyone,Tools,"February 24, 2018",Varies with device,4.0.3 and up
Tiny Recipes 5,GAME,4.6,178,47M,"10,000+",Free,0,Everyone,Action,"February 16, 2018",2.13.6,5.0 and up
Super Music Player,SOCIAL,3.6,160,9.4M,"5,000+",Paid,$1.99,Everyone,Social,"July 4, 2017",5.8.7,4.1 and up
Pixel Dictionary,SPORTS,4.5,2413,2.7M,"50,000+",Free,0,Everyone,Sports,"September 16, 2017",4.1.3,4.0.3 and up
Tiny Keyboard,PRODUCTIVITY,4.3,4536,5.5M,"100,000+",Paid,$0.99,Teen,Productivity,"March 2, 2018",7.18.9,4.0.3 and up
Happy Bible 13,EDUCATION,3.7,52926,9.8M,"5,000,000+",Free,0,Everyone,Education,"September 14, 2017",8.5.5,5.0 and up
Quick Coloring Book,PRODUCTIVITY,3.9,582,20M,"50,000+",Paid,$0.99,Everyone,Productivity,"February 25, 2018",3.5.7,4.0.3 and up
Mini Launcher,PHOTOGRAPHY,3.6,433,Varies with device,"10,000+",Free,0,Everyone,Photography,"May 25, 2018",5.17.3,5.0 and up
Tiny Diet Tracker,MEDICAL,3.4,78,7.6M,"5,000+",Free,0,Everyone,Medical,"May 20, 2017",6.19.4,4.1 and up
Pro Puzzle 8,PHOTOGRAPHY,4.4,50,27M,"5,000+",Paid,$1.99,Everyone,Photography,"January 13, 2017",8.15.3,4.1 and up
Free Music Player,ART_AND_DESIGN,3.9,326,5.1M,"5,000+",Free,0,Everyone,Art & Design,"September 29, 2017",1.6.8,4.4 and up
Quick VPN 13,BUSINESS,4.8,1693,2.9M,"50,000+",Free,0,Everyone,Business,"January 31, 2017",2.17.7,Varies with device
Happy Recipes,SHOPPING,4.0,2109,8.9M,"50,000+",Free,0,Everyone,Shopping,"July 26, 2018",4.14.2,Varies with device
Ultimate Photo Editor 4,SOCIAL,4.6,2914,4.9M,"50,000+",Free,0,Teen,Social,"December 10, 2017",2.19.1,4.0.3 and up
Tiny Flashlight,TOOLS,3.9,11,13M,500+,Free,0,Everyone,Tools,"August 16, 2016",2.12.4,Varies with device
Tiny Calendar,FAMILY,4.6,252,16M,"5,000+",Free,0,Everyone,Casual,"September 29, 2014",3.18.4,4.0.3 and up
Smart Dictionary,HEALTH_AND_FITNESS,4.7,945,Varies with device,"50,000+",Free,0,Everyone 10+,Health & Fitness,"June 8, 2018",3.2.7,4.1 and up
Simple Flashlight,PHOTOGRAPHY,4.3,13,9.8M,500+,Free,0,Everyone,Photography,"June 2, 2018",1.13.7,4.0.3 and up
Pro Music Player,ART_AND_DESIGN,4.7,186,4.4M,"5,000+",Free,0,Everyone 10+,Art & Design,"July 18, 2018",5.7.5,Varies with device
Pixel Puzzle,SOCIAL,4.6,84,24M,"5,000+",Free,0,Everyone,Social,"April 14, 2017",Varies with device,5.0 and up
Smart Coloring Book,PHOTOGRAPHY,4.0,122,Varies with device,"5,000+",Free,0,Teen,Photography,"July 8, 2016",4.3.3,5.0 and up
Free Weather,SPORTS,3.6,2915,9.4M,"100,000+",Free,0,Everyone 10+,Sports,"June 18, 2016",Varies with device,5.0 and up
Smart Wallpapers 19,ART_AND_DESIGN,3.8,575,8.9M,"10,000+",Free,0,Everyone,Art & Design,"February 2, 2016",8.8.7,5.0 and up
Bright Launcher,COMMUNICATION,,6,22M,500+,Free,0,Teen,Communication,"October 26, 2016",2.12.8,4.1 and up
Happy Radio,MEDICAL,3.7,407,Varies with device,"10,000+",Free,0,Mature 17+,Medical,"September 7, 2017",4.12.8,4.0.3 and up
Fast Translator 10,MEDICAL,4.5,176,17M,"5,000+",Free,0,Everyone 10+,Medical,"June 30, 2015",5.18.5,5.0 and up
Cool Scanner 10,ART_AND_DESIGN,5.0,18033,29M,"500,000+",Free,0,Teen,Art & Design,"February 8, 2018",8.12.0,4.1 and up
Star Maps,GAME,3.8,4k,7.8M,"100,000+",Free,0,Teen,Action,"March 21, 2018",7.4.2,5.0 and up
Fast Weather,BOOKS_AND_REFERENCE,,2274,9.8M,"100,000+",Free,0,Everyone,Books & Reference,"September 22, 2016",1.5.7,Varies with device
Tiny Photo Editor,GAME,4.3,668,2.7M,"10,000+",Free,0,Everyone,Action,"August 1, 2018",2.18.9,Varies with device
Free Calendar,EDUCATION,4.7,2.5k,Varies with device,"100,000+",Free,0,Everyone,Education,"December 19, 2017",7.11.6,Varies with device
Tiny Wallpapers 16,MAPS_AND_NAVIGATION,4.4,733,Varies with device,"50,000+",Free,0,Everyone 10+,Maps & Navigation,"July 29, 2018",1.3.6,Varies with device
Simple Budget,ART_AND_DESIGN,4.8,69994,23M,"5,000,000+",Free,0,Everyone,Art & Design,"June 17, 2016",2.7.5,4.0.3 and up
Free Weather 10,PRODUCTIVITY,4.3,304,25M,"5,000+",Free,0,Everyone,Productivity,"October 11, 2016",1.11.2,4.1 and up
Star Workout 2,FINANCE,3.9,287799,15M,"10,000,000+",Free,0,Everyone,Finance,"May 30, 2018",5.5.6,5.0 and up
Quick Flashlight 2,GAME,4.3,4755,8.2M,"500,000+",Free,0,Everyone,Action,"March 13, 2018",7.12.2,Varies with device
Happy Messenger,TRAVEL_AND_LOCAL,4.1,13485,9.2M,"500,000+",Free,0,Teen,Travel & Local,"December 6, 2016",5.15.4,4.1 and up
Secure Launcher,TOOLS,4.2,521,8.2M,"5,000+",Free,0,Everyone,Tools,"August 9, 2017",6.15.7,4.1 and up
Daily Keyboard,BUSINESS,4.1,1447,12M,"100,000+",Free,0,Everyone,Business,"May 27, 2017",3.11.9,5.0 and up
Pocket Maps,HEALTH_AND_FITNESS,4.7,66,5.8M,"5,000+",Free,0,Teen,Health & Fitness,"December 19, 2017",Varies with device,5.0 and up
Daily Radio 18,EDUCATION,4.7,21,9.1M,"1,000+",Free,0,Everyone,Education,"October 3, 2017",3.12.4,Varies with device
Easy Workout,EDUCATION,4.3,554,914k,"10,000+",Free,0,Everyone,Education,"December 27, 2017",6.17.0,Varies with device
Fast VPN 17,FINANCE,3.7,117,12M,"5,000+",Paid,$4.99,Everyone,Finance,"September 14, 2017",6.14.8,4.4 and up
Magic Keyboard 15,FAMILY,3.6,169,Varies with device,"5,000+",Free,0,Everyone,Casual,"April 30, 2018",4.4.1,4.1 and up
Secure Photo Editor 13,TRAVEL_AND_LOCAL,3.9,791,Varies with device,"50,000+",Free,0,Everyone,Travel & Local,"July 7, 2018",5.8.4,4.1 and up
Mini Chess,EDUCATION,4.8,415,4.1M,"5,000+",Free,0,Everyone,Education,"June 20, 2017",8.19.2,Varies with device
Daily Launcher,SPORTS,4.0,4571,11M,"500,000+",Free,0,Everyone,Sports,"February 24, 2017",8.15.8,4.0.3 and up
Pro Maps,LIFESTYLE,4.1,7399,30M,"50,000+",Free,0,Everyone,Lifestyle,"December 18, 2016",8.18.4,4.0.3 and up
Pro Chess,MEDICAL,,1081,44M,"50,000+",Free,0,Everyone,Medical,"July 24, 2018",1.3.2,5.0 and up
Secure Workout 12,FINANCE,4.2,42,16M,"5,000+",Free,0,Everyone,Finance,"June 15, 2018",Varies with device,4.1 and up
Star Puzzle,BUSINESS,4.0,54,3.9M,"1,000+",Paid,$0.99,Everyone,Business,"February 22, 2017",Varies with device,5.0 and up
Pocket Dictionary,SHOPPING,4.1,641,93M,"50,000+",Free,0,Everyone,Shopping,"July 14, 2017",4.3.9,4.1 and up
Free Workout 12,PRODUCTIVITY,4.4,201,100M,"10,000+",Free,0,Everyone,Productivity,"February 26, 2018",3.17.7,4.0.3 and up
Quick Weather 18,FAMILY,4.7,8337,6.4M,"100,000+",Free,0,Everyone,Casual,"April 30, 2017",7.13.5,4.1 and up
Quick Wallpapers,HEALTH_AND_FITNESS,4.2,455,20M,"50,000+",Free,0,Everyone,Health & Fitness,"November 13, 2017",6.18.9,4.0.3 and up
Star Calendar 19,SOCIAL,3.8,30,4.3M,500+,Free,0,Everyone,Social,"May 17, 2018",4.10.1,5.0 and up
Bright Messenger 16,EDUCATION,5.0,5806,22M,"50,000+",Free,0,Everyone,Education,"January 29, 2017",3.14.8,4.0.3 and up
Tiny Recipes,COMMUNICATION,4.0,847,51M,"50,000+",Free,0,Teen,Communication,"July 20, 2018",7.13.5,4.0.3 and up
Happy Translator,SHOPPING,4.3,250710,3.4M,"5,000,000+",Free,0,Everyone,Shopping,"November 23, 2017",3.7.6,4.0.3 and up
Bright Workout 10,BOOKS_AND_REFERENCE,3.6,175,5.1M,"5,000+",Free,0,Everyone,Books & Reference,"April 29, 2016",2.15.0,4.0.3 and up
Cool Notes,MAPS_AND_NAVIGATION,2.9,19757,5.9M,"500,000+",Free,0,Mature 17+,Maps & Navigation,"August 8, 2016",1.14.9,4.4 and up
Cool Chess,SPORTS,3.9,3191,Varies with device,"50,000+",Free,0,Everyone,Sports,"February 11, 2018",2.7.0,5.0 and up
Free Weather,FINANCE,4.8,252,16M,"5,000+",Free,0,Everyone,Finance,"October 28, 2016",Varies with device,4.4 and up
Free Translator,BUSINESS,4.5,2048,13M,"50,000+",Free,0,Mature 17+,Business,"September 20, 2016",Varies with device,5.0 and up
Daily Weather 19,MEDICAL,3.5,619,1.3M,"10,000+",Free,0,Everyone,Medical,"February 6, 2018",1.13.9,5.0 and up
Tiny Launcher,BOOKS_AND_REFERENCE,4.9,248602,9.9M,"10,000,000+",Free,0,Everyone,Books & Reference,"March 19, 2017",4.10.2,4.0.3 and up
Easy Weather 14,TRAVEL_AND_LOCAL,4.0,178,312k,"5,000+",Free,0,Everyone,Travel & Local,"January 15, 2018",2.2.1,4.4 and up
Secure Music Player 12,GAME,3.7,229257,Varies with device,"10,000,000+",Free,0,Mature 17+,Action,"June 12, 2018",1.1.5,4.0.3 and up
Pro Radio 8,LIFESTYLE,4.6,28163,Varies with device,"500,000+",Free,0,Everyone,Lifestyle,"February 21, 2018",2.5.9,4.4 and up
Simple Weather 12,SHOPPING,4.6,2,21M,50+,Paid,$0.99,Everyone,Shopping,"August 28, 2016",6.11.0,4.0.3 and up
Magic Scanner,BUSINESS,4.0,19157,5.1M,"1,000,000+",Free,0,Everyone,Business,"June 25, 2015",Varies with device,4.1 and up
Mini Bible,HEALTH_AND_FITNESS,4.5,6390,Varies with device,"500,000+",Free,0,Teen,Health & Fitness,"January 29, 2017",1.1.3,5.0 and up
Ultimate Notes,MEDICAL,3.7,19839,Varies with device,"1,000,000+",Free,0,Everyone,Medical,"May 21, 2017",4.12.1,4.1 and up
Star Music Player,SPORTS,4.4,110391,13M,"5,000,000+",Free,0,Teen,Sports,"November 30, 2017",3.4.0,4.1 and up
Easy Maps,COMMUNICATION,4.7,10k,Varies with device,"500,000+",Free,0,Everyone,Communication,"May 1, 2016",3.8.7,Varies with device
Quick Maps 14,SPORTS,4.6,5.9M,4.1M,"100,000,000+",Free,0,Everyone,Sports,"October 20, 2017",2.0.0,4.0.3 and up
Free Budget,EDUCATION,5.0,3390,4.2M,"500,000+",Free,0,Everyone,Education,"March 1, 2017",1.11.9,4.4 and up
Mini VPN,FINANCE,4.8,191,11M,"5,000+",Free,0,Everyone,Finance,"June 6, 2018",3.9.4,Varies with device
Free Keyboard,FINANCE,4.7,233338,15M,"10,000,000+",Free,0,Everyone,Finance,"February 17, 2017",4.6.4,4.4 and up
Mini Scanner,TOOLS,4.4,1148,11M,"50,000+",Free,0,Everyone,Tools,"December 28, 2016",3.4.5,4.0.3 and up
Simple Messenger,PRODUCTIVITY,4.2,147,7.7M,"10,000+",Free,0,Teen,Productivity,"April 27, 2018",7.10.9,5.0 and up
Happy Bible,ART_AND_DESIGN,4.3,596,14M,"50,000+",Free,0,Everyone,Art & Design,"October 20, 2017",2.16.1,4.4 and up
Star Recipes,FAMILY,4.6,4729,21M,"50,000+",Paid,$9.99,Everyone,Casual,"March 22, 2018",1.2.2,Varies with device
Secure Notes 18,GAME,5.0,813,17M,"50,000+",Free,0,Everyone,Action,"December 29, 2017",6.9.3,Varies with device
Quick Keyboard 11,MEDICAL,4.1,1953,2.1M,"100,000+",Free,0,Everyone,Medical,,4.12.4,5.0 and up
Daily Bible 5,TOOLS,4.5,9553,989k,"500,000+",Free,0,Everyone,Tools,"May 26, 2017",1.1.9,Varies with device
Fast Music Player 17,ENTERTAINMENT,4.0,704,25M,"10,000+",Free,0,Everyone,Entertainment,"May 20, 2018",3.7.1,4.1 and up
Magic Launcher 14,SHOPPING,4.0,182,45M,"5,000+",Paid,$1.99,Everyone,Shopping,"January 15, 2018",1.18.9,4.1 and up
Quick Keyboard 2,MAPS_AND_NAVIGATION,4.1,12.0k,2.9M,"500,000+",Free,0,Everyone,Maps & Navigation,"June 30, 2017",3.2.6,5.0 and up
Secure Radio,SHOPPING,4.1,85,58M,"5,000+",Free,0,Everyone,Shopping,"March 25, 2017",2.0.5,Varies with device
Simple Chess 2,GAME,3.9,2,25M,100+,Free,0,Everyone,Action,"January 17, 2017",8.3.0,4.4 and up
Secure Wallpapers 19,TRAVEL_AND_LOCAL,4.1,2109,20M,"50,000+",Free,0,Teen,Travel & Local,"September 10, 2016",4.15.0,4.1 and up
Cool Keyboard,SOCIAL,4.0,40k,16M,"1,000,000+",Free,0,Everyone,Social,"May 3, 2017",8.19.8,Varies with device
Quick Photo Editor,LIFESTYLE,,2,9.1M,50+,Free,0,Teen,Lifestyle,"October 20, 2016",2.10.4,Varies with device
Happy Radio,PRODUCTIVITY,3.9,608,Varies with device,"50,000+",Free,0,Everyone,Productivity,"August 1, 2018",Varies with device,4.1 and up
Cool Radio,MAPS_AND_NAVIGATION,3.9,2518,7.4M,"100,000+",Free,0,Everyone,Maps & Navigation,"July 25, 2018",3.9.1,4.4 and up
Super Launcher,HEALTH_AND_FITNESS,,35,6.8M,500+,Free,0,Everyone,Health & Fitness,"March 14, 2017",2.15.8,5.0 and up
Magic Scanner,BUSINESS,4.0,4727,33M,"500,000+",Free,0,Everyone,Business,"January 4, 2018",3.16.9,4.0.3 and up
Easy Bible 17,FAMILY,4.0,2397,Varies with device,"100,000+",Paid,$1.99,Everyone,Casual,"May 25, 2017",7.17.6,5.0 and up
Cool Diet Tracker,BUSINESS,4.0,252k,11M,"10,000,000+",Free,0,Everyone,Business,"April 17, 2018",4.12.1,4.1 and up
Easy Workout,FAMILY,4.7,184,14M,"5,000+",Free,0,Everyone,Casual,"June 27, 2018",6.6.0,4.1 and up
Bright Launcher,ENTERTAINMENT,4.0,17k,Varies with device,"500,000+",Free,0,Everyone,Entertainment,"April 6, 2018",4.12.5,4.4 and up
Bright Maps,MEDICAL,4.0,139,17M,"5,000+",Paid,$9.99,Everyone,Medical,"August 6, 2017",7.2.6,Varies with device
Simple Dictionary,EDUCATION,3.6,2.4k,26M,"100,000+",Free,0,Everyone,Education,"July 31, 2018",1.0.5,4.0.3 and up
Secure Flashlight,EDUCATION,4.7,108,Varies with device,"1,000+",Free,0,Everyone,Education,"May 13, 2017",4.7.8,4.4 and up
Cool Flashlight,ART_AND_DESIGN,4.6,24.3k,9.1M,"1,000,000+",Free,0,Everyone,Art & Design,"April 19, 2018",7.12.1,4.4 and up
Quick Music Player,SPORTS,4.5,546,57M,"5,000+",Free,0,Everyone,Sports,"March 27, 2018",8.7.5,5.0 and up
Smart Flashlight 13,BOOKS_AND_REFERENCE,3.7,2,8.9M,100+,Free,0,Everyone,Books & Reference,"June 6, 2017",4.19.0,4.4 and up
Quick Messenger 4,SPORTS,,10,5.5M,500+,Free,0,Everyone,Sports,"February 19, 2018",7.19.4,4.1 and up
Simple VPN,ART_AND_DESIGN,4.8,81,6.6M,"5,000+",Free,0,Everyone,Art & Design,"June 11, 2016",5.13.5,Varies with device
Pro Budget,ART_AND_DESIGN,4.5,64,1.6M,"5,000+",Free,0,Teen,Art & Design,"May 20, 2015",Varies with device,4.0.3 and up
Fast Music Player,SPORTS,3.9,3,16M,100+,Free,0,Everyone,Sports,"July 29, 2018",8.11.9,4.0.3 and up
Happy Weather 19,EDUCATION,4.1,529,7.2M,"10,000+",Free,0,Everyone,Education,"April 11, 2018",6.3.1,4.0.3 and up
Happy Launcher,TRAVEL_AND_LOCAL,3.9,360,19M,"10,000+",Free,0,Everyone,Travel & Local,"July 25, 2017",5.2.8,4.0.3 and up
Happy Coloring Book,MEDICAL,4.9,5.3M,991k,"50,000,000+",Free,0,Everyone,Medical,"November 6, 2015",Varies with device,4.4 and up
Quick Puzzle 5,GAME,4.1,14715,540k,"1,000,000+",Free,0,Everyone,Action,"July 23, 2018",1.8.0,4.0.3 and up
Quick Recipes,ENTERTAINMENT,4.4,5752,5.7M,"100,000+",Free,0,Everyone,Entertainment,"June 25, 2016",5.6.2,4.0.3 and up
Smart Flashlight 17,HEALTH_AND_FITNESS,4.3,180,Varies with device,"5,000+",Free,0,Everyone,Health & Fitness,"March 28, 2017",5.5.5,4.4 and up
Quick Maps,TOOLS,4.2,2648,12M,"100,000+",Free,0,Everyone,Tools,"November 16, 2017",5.16.5,4.1 and up
Happy Weather,ART_AND_DESIGN,3.2,177,20M,"5,000+",Free,0,Teen,Art & Design,"July 14, 2018",2.1.8,4.0.3 and up
Ultimate Keyboard,BUSINESS,3.3,991,4.9M,"50,000+",Free,0,Everyone,Business,"November 10, 2016",6.1.1,Varies with device
Simple Workout,PHOTOGRAPHY,4.4,11168,10M,"500,000+",Free,0,Everyone,Photography,"October 17, 2016",7.4.1,Varies with device
Tiny Notes 3,PRODUCTIVITY,4.7,4442,18M,"100,000+",Free,0,Everyone,Productivity,"June 2, 2018",4.2.2,4.1 and up
Happy Diet Tracker,BOOKS_AND_REFERENCE,3.4,2100,4.2M,"50,000+",Free,0,Everyone,Books & Reference,"July 25, 2018",2.19.0,Varies with device
Mini Weather,BOOKS_AND_REFERENCE,3.3,991,5.3M,"10,000+",Free,0,Everyone,Books & Reference,"May 28, 2015",4.5.6,4.4 and up
Secure Flashlight,FINANCE,4.0,18,4.8M,"1,000+",Paid,$2.99,Mature 17+,Finance,"March 6, 2017",3.9.4,Varies with device
Pocket Flashlight 18,HEALTH_AND_FITNESS,3.2,163,16M,"10,000+",Free,0,Teen,Health & Fitness,"February 12, 2018",5.11.6,Varies with device
Ultimate Coloring Book,BOOKS_AND_REFERENCE,4.8,615,7.8M,"50,000+",Free,0,Everyone 10+,Books & Reference,"December 25, 2017",6.11.6,5.0 and up
Fast Scanner,LIFESTYLE,3.1,3.0k,8.8M,"100,000+",Paid,$0.99,Everyone,Lifestyle,"August 19, 2017",7.18.4,Varies with device
Smart Workout,BOOKS_AND_REFERENCE,3.9,56,3.8M,"1,000+",Free,0,Everyone 10+,Books & Reference,"January 30, 2018",2.1.4,Varies with device
Ultimate Bible,FINANCE,4.7,2215,30M,"100,000+",Free,0,Teen,Finance,"October 25, 2016",6.0.7,5.0 and up
Quick Photo Editor 11,BUSINESS,4.5,2k,10M,"100,000+",Free,0,Mature 17+,Business,"October 14, 2015",7.4.6,4.4 and up
Magic Wallpapers 18,LIFESTYLE,4.7,45.2M,42M,"1,000,000,000+",Free,0,Everyone,Lifestyle,"October 25, 2017",7.15.6,4.1 and up
Super Dictionary,ART_AND_DESIGN,5.0,34,5.0M,"1,000+",Free,0,Everyone,Art & Design,"June 19, 2018",2.8.1,4.0.3 and up
Fast Wallpapers,SOCIAL,4.2,946,4.3M,"50,000+",Free,0,Everyone,Social,"January 23, 2017",1.6.7,Varies with device
Quick Budget,BOOKS_AND_REFERENCE,4.2,86,18M,"5,000+",Free,0,Everyone,Books & Reference,"July 14, 2017",8.8.4,4.0.3 and up
Cool Recipes 4,TRAVEL_AND_LOCAL,4.5,1k,Varies with device,"50,000+",Free,0,Everyone,Travel & Local,"February 1, 2018",8.0.4,Varies with device
Easy VPN,SOCIAL,4.6,709,Varies with device,"10,000+",Free,0,Everyone,Social,"January 5, 2018",1.19.6,4.1 and up
Free Launcher 4,ART_AND_DESIGN,4.3,240,31M,"5,000+",Free,0,Everyone,Art & Design,"April 19, 2018",1.11.3,4.1 and up
Star Wallpapers,ART_AND_DESIGN,4.3,841,9.9M,"50,000+",Free,0,Everyone,Art & Design,"August 2, 2017",8.1.6,5.0 and up
Easy Scanner 8,SPORTS,4.7,76,8.2M,"1,000+",Free,0,Everyone,Sports,"May 4, 2018",Varies with device,Varies with device
Daily Diet Tracker,SHOPPING,,9,12M,500+,Free,0,Everyone,Shopping,"June 29, 2018",6.12.1,5.0 and up
Ultimate Keyboard,HEALTH_AND_FITNESS,,10,14M,100+,Free,0,Everyone,Health & Fitness,"June 27, 2018",1.8.3,Varies with device
Bright Translator 8,COMMUNICATION,4.6,37674,2.6M,"5,000,000+",Free,0,Everyone,Communication,"January 30, 2017",5.10.2,4.0.3 and up
Easy Weather,FINANCE,,39,12M,"1,000+",Paid,$0.99,Everyone,Finance,"October 8, 2015",6.11.4,4.4 and up
Star Workout,COMMUNICATION,4.2,201,3.6M,"5,000+",Free,0,Everyone,Communication,"April 27, 2018",1.4.6,5.0 and up
Fast Wallpapers,BUSINESS,3.7,32.5k,74M,"5,000,000+",Free,0,Everyone 10+,Business,"January 11, 2018",Varies with device,Varies with device
Fast Coloring Book,TRAVEL_AND_LOCAL,4.3,139,46M,"5,000+",Free,0,Everyone,Travel & Local,"October 4, 2017",5.15.6,4.0.3 and up
Quick Scanner,PRODUCTIVITY,3.8,4k,4.0M,"100,000+",Free,0,Everyone,Productivity,"November 4, 2017",2.16.4,4.0.3 and up
Quick VPN,MAPS_AND_NAVIGATION,4.4,621,3.4M,"50,000+",Free,0,Everyone,Maps & Navigation,"December 9, 2016",8.16.8,4.1 and up
Super Messenger,BOOKS_AND_REFERENCE,3.4,3k,Varies with device,"100,000+",Free,0,Everyone,Books & Reference,"May 16, 2018",7.5.4,4.1 and up
Mini Calendar,LIFESTYLE,3.8,5175,25M,"500,000+",Free,0,Everyone,Lifestyle,"October 4, 2017",Varies with device,4.1 and up
Mini Bible,ENTERTAINMENT,4.6,409,65M,"50,000+",Free,0,Teen,Entertainment,"March 17, 2017",6.18.2,4.0.3 and up
Pocket Wallpapers,SPORTS,4.2,1273,32M,"50,000+",Paid,$9.99,Everyone,Sports,"July 27, 2018",4.16.1,Varies with device
Mini Scanner 11,LIFESTYLE,4.0,7.8k,13M,"500,000+",Free,0,Everyone,Lifestyle,"September 2, 2017",5.3.6,5.0 and up
Magic Chess,FAMILY,4.9,43863,8.9M,"5,000,000+",Free,0,Everyone,Casual,"March 24, 2016",1.14.3,4.1 and up
Pixel Puzzle 14,SHOPPING,3.3,317222,3.2M,"50,000,000+",Free,0,Everyone,Shopping,"May 7, 2018",Varies with device,5.0 and up
Happy Scanner,PHOTOGRAPHY,3.4,1644,31M,"50,000+",Free,0,Everyone,Photography,"July 15, 2018",7.18.1,4.4 and up
Mini Music Player 16,COMMUNICATION,4.4,50658,13M,"5,000,000+",Free,0,Everyone,Communication,"January 17, 2018",2.6.2,4.4 and up
Easy Scanner,FAMILY,4.7,815,25M,"10,000+",Free,0,Teen,Casual,"November 16, 2016",5.5.8,4.1 and up
Secure VPN 13,FAMILY,4.1,1.7k,11M,"100,000+",Paid,$1.99,Teen,Casual,"October 29, 2017",7.11.9,4.0.3 and up
Quick Scanner 11,ART_AND_DESIGN,4.1,30,8.5M,"1,000+",Free,0,Everyone,Art & Design,"June 4, 2018",Varies with device,4.1 and up
Secure Scanner,LIFESTYLE,4.3,649,25M,"10,000+",Free,0,Mature 17+,Lifestyle,"March 12, 2018",1.0.5,4.4 and up
Pocket Radio,FINANCE,4.0,997,53M,"50,000+",Free,0,Everyone,Finance,"June 5, 2018",1.6.2,5.0 and up
Super Scanner,ART_AND_DESIGN,4.5,7,9.3M,500+,Free,0,Teen,Art & Design,"September 13, 2017",2.0.9,4.4 and up
Star Radio,SOCIAL,5.0,868,Varies with device,"10,000+",Paid,$9.99,Everyone,Social,"May 10, 2017",3.13.5,Varies with device
Smart VPN 6,SHOPPING,4.7,3783,6.2M,"100,000+",Free,0,Everyone,Shopping,"March 27, 2018",8.17.9,4.1 and up
Happy Coloring Book,ART_AND_DESIGN,4.2,49844,5.0M,"500,000+",Free,0,Everyone,Art & Design,"July 13, 2018",3.13.0,Varies with device
Easy Scanner,SPORTS,3.9,2.4k,Varies with device,"100,000+",Paid,$1.99,Everyone,Sports,"January 31, 2018",7.3.8,4.0.3 and up
Secure Music Player,EDUCATION,,398,3.0M,"50,000+",Free,0,Teen,Education,"April 8, 2018",5.6.5,4.1 and up
Pocket Notes,GAME,5.0,69.7k,Varies with device,"5,000,000+",Free,0,Mature 17+,Action,"July 31, 2018",1.14.7,Varies with device
Fast Photo Editor,BOOKS_AND_REFERENCE,4.2,3599,7.3M,"500,000+",Free,0,Everyone,Books & Reference,"January 1, 2018",Varies with device,4.0.3 and up
Pro Calendar,FINANCE,3.9,3282,844k,"500,000+",Free,0,Everyone,Finance,"May 14, 2018",4.8.9,4.1 and up
Quick Flashlight 13,FAMILY,4.5,4k,Varies with device,"500,000+",Free,0,Everyone,Casual,"June 23, 2018",2.19.7,4.1 and up
Tiny Recipes,PHOTOGRAPHY,4.0,6k,4.3M,"500,000+",Paid,$0.99,Mature 17+,Photography,"October 27, 2017",4.5.4,4.0.3 and up
Pro Recipes,COMMUNICATION,4.5,280,4.6M,"5,000+",Free,0,Teen,Communication,"June 10, 2017",7.14.6,4.1 and up
Ultimate Keyboard,SPORTS,4.7,2.7M,14M,"50,000,000+",Free,0,Teen,Sports,"July 6, 2018",2.3.2,4.1 and up
Daily Keyboard 15,COMMUNICATION,4.1,1835,31M,"50,000+",Free,0,Everyone,Communication,"June 26, 2018",3.9.0,4.4 and up
Pocket VPN 13,HEALTH_AND_FITNESS,3.7,1427,7.7M,"50,000+",Free,0,Everyone,Health & Fitness,"March 30, 2017",8.9.8,5.0 and up
Cool Maps 10,COMMUNICATION,4.4,5k,Varies with device,"50,000+",Free,0,Everyone,Communication,"January 24, 2017",7.6.3,4.4 and up
Secure Radio,TRAVEL_AND_LOCAL,3.7,184084,22M,"5,000,000+",Free,0,Everyone,Travel & Local,"July 1, 2018",7.18.7,4.4 and up
Pocket Launcher 11,SHOPPING,4.3,78k,18M,"5,000,000+",Free,0,Everyone,Shopping,"February 24, 2018",1.7.0,5.0 and up
Daily Flashlight 8,LIFESTYLE,4.1,580,7.1M,"10,000+",Free,0,Everyone,Lifestyle,"April 10, 2017",4.3.4,Varies with device
Fast Workout,TOOLS,,4,23M,500+,Free,0,Everyone,Tools,"June 8, 2018",7.15.3,5.0 and up
Mini Dictionary,MEDICAL,3.6,66573,42M,"5,000,000+",Free,0,Teen,Medical,"January 28, 2018",6.13.3,5.0 and up
Pro Maps,LIFESTYLE,3.8,25370,30M,"500,000+",Paid,$2.99,Teen,Lifestyle,"December 8, 2017",8.8.4,4.0.3 and up
Quick Scanner,MAPS_AND_NAVIGATION,4.2,6258,Varies with device,"500,000+",Free,0,Everyone,Maps & Navigation,"September 7, 2015",Varies with device,4.1 and up
Simple Wallpapers,SPORTS,3.4,36430,58M,"5,000,000+",Free,0,Everyone,Sports,"May 14, 2017",4.11.6,4.1 and up
Easy Weather 17,ENTERTAINMENT,4.0,130,Varies with device,"5,000+",Free,0,Teen,Entertainment,"June 16, 2018",7.17.9,5.0 and up
Mini Chess,FAMILY,3.7,183,9.7M,"10,000+",Free,0,Everyone,Casual,"December 16, 2016",2.13.6,5.0 and up
Secure Translator,PRODUCTIVITY,,28,Varies with device,500+,Paid,$1.99,Everyone,Productivity,"January 11, 2016",8.9.9,Varies with device
Happy Keyboard,GAME,4.4,621,Varies with device,"5,000+",Free,0,Everyone 10+,Action,"October 8, 2017",8.8.7,5.0 and up
Pixel Dictionary 9,ART_AND_DESIGN,3.7,966,Varies with device,"10,000+",Free,0,Everyone,Art & Design,"July 27, 2018",3.16.4,4.4 and up
Pixel Weather 14,MAPS_AND_NAVIGATION,3.9,110,37M,"5,000+",Free,0,Everyone,Maps & Navigation,"February 27, 2018",3.6.3,4.0.3 and up
Pixel Recipes 5,TRAVEL_AND_LOCAL,4.2,58.5k,13M,"5,000,000+",Free,0,Everyone,Travel & Local,"June 3, 2016",2.15.2,4.1 and up
Free Coloring Book 15,MAPS_AND_NAVIGATION,4.4,2k,51M,"50,000+",Free,0,Everyone,Maps & Navigation,"November 19, 2017",Varies with device,4.1 and up
Star Bible 3,PRODUCTIVITY,4.4,194,271k,"5,000+",Free,0,Everyone,Productivity,"February 16, 2018",4.8.4,Varies with device
Happy Flashlight,PRODUCTIVITY,4.1,63,17M,"5,000+",Free,0,Everyone,Productivity,"June 7, 2017",2.3.8,Varies with device
Super Dictionary,ART_AND_DESIGN,4.0,59,477k,"5,000+",Paid,$0.99,Everyone,Art & Design,"April 16, 2014",7.15.3,4.4 and up
Ultimate Radio,PRODUCTIVITY,,57,35M,"5,000+",Free,0,Everyone,Productivity,"February 18, 2017",Varies with device,4.1 and up
Super Diet Tracker 2,EDUCATION,4.6,25,5.4M,"1,000+",Free,0,Everyone,Education,"August 16, 2017",3.15.6,5.0 and up
Smart Messenger 11,FAMILY,3.9,180,90M,"5,000+",Free,0,Everyone,Casual,"January 18, 2017",3.5.5,4.4 and up
Simple Puzzle,FINANCE,,3,6.6M,100+,Free,0,Everyone,Finance,"October 20, 2017",4.15.3,4.1 and up
Fast Radio,MAPS_AND_NAVIGATION,4.6,3827,42M,"100,000+",Free,0,Everyone,Maps & Navigation,"March 14, 2018",2.5.9,4.4 and up
Mini Weather,EDUCATION,3.4,1087,32M,"10,000+",Free,0,Everyone,Education,"March 21, 2018",3.12.9,4.0.3 and up
Smart Chess,ENTERTAINMENT,3.8,1347,52M,"100,000+",Free,0,Everyone,Entertainment,"January 25, 2018",3.0.3,4.0.3 and up
Pocket Notes,BUSINESS,4.5,982,43M,"50,000+",Free,0,Everyone,Business,"June 5, 2018",1.11.9,5.0 and up
Tiny VPN 19,HEALTH_AND_FITNESS,4.2,29682,876k,"500,000+",Free,0,Mature 17+,Health & Fitness,"May 1, 2018",4.11.7,5.0 and up
Magic Radio,PRODUCTIVITY,4.6,1,Varies with device,10+,Free,0,Everyone,Productivity,"July 26, 2017",6.19.7,4.0.3 and up
Bright Budget,COMMUNICATION,4.2,44,81M,"1,000+",Free,0,Everyone,Communication,"May 11, 2017",2.5.8,5.0 and up
Fast Recipes,MEDICAL,4.4,8.4k,10M,"500,000+",Free,0,Everyone,Medical,"November 28, 2017",3.16.3,4.4 and up
Simple Workout,PHOTOGRAPHY,4.5,4785,43M,"500,000+",Free,0,Everyone,Photography,"June 22, 2016",3.5.7,Varies with device
Easy Puzzle,ART_AND_DESIGN,4.8,1185,37M,"10,000+",Free,0,Everyone 10+,Art & Design,"January 13, 2017",8.0.2,4.0.3 and up
Pocket Flashlight,PRODUCTIVITY,4.0,2k,Varies with device,"50,000+",Free,0,Everyone,Productivity,"June 26, 2018",Varies with device,4.1 and up
Fast Calendar,COMMUNICATION,,4173,22M,"50,000+",Free,0,Teen,Communication,"August 22, 2017",2.5.8,4.4 and up
Quick Budget,LIFESTYLE,,6,16M,500+,Free,0,Everyone,Lifestyle,"March 6, 2018",7.1.3,4.1 and up
Magic Music Player 8,EDUCATION,4.3,94,2.4M,"5,000+",Free,0,Everyone,Education,"June 21, 2017",3.11.4,Varies with device
Quick Dictionary,SHOPPING,4.1,71,12M,"5,000+",Free,0,Teen,Shopping,"July 8, 2018",Varies with device,Varies with device
Easy Workout 2,TRAVEL_AND_LOCAL,3.8,754,4.1M,"10,000+",Free,0,Everyone,Travel & Local,"January 5, 2018",4.2.9,4.1 and up
Super Photo Editor 4,PHOTOGRAPHY,4.5,30684,19M,"1,000,000+",Free,0,Everyone,Photography,"July 31, 2017",8.13.9,4.1 and up
Super VPN 18,HEALTH_AND_FITNESS,3.9,859,Varies with device,"50,000+",Free,0,Everyone,Health & Fitness,"September 29, 2017",8.17.9,4.0.3 and up
Ultimate Diet Tracker,FINANCE,4.5,90.9k,Varies with device,"5,000,000+",Free,0,Everyone,Finance,"December 17, 2016",5.7.5,4.4 and up
Magic Radio,TRAVEL_AND_LOCAL,4.5,49996,20M,"1,000,000+",Free,0,Everyone,Travel & Local,"January 15, 2018",Varies with device,4.1 and up
Star Recipes,COMMUNICATION,,3,90M,100+,Free,0,Everyone,Communication,"June 22, 2018",Varies with device,4.0.3 and up
Super Bible,PRODUCTIVITY,3.7,14k,6.3M,"100,000+",Free,0,Everyone 10+,Productivity,"November 14, 2017",4.5.8,4.4 and up
Super Radio,LIFESTYLE,4.8,213,Varies with device,"5,000+",Free,0,Everyone,Lifestyle,"January 24, 2018",3.6.4,4.1 and up
Happy Diet Tracker,LIFESTYLE,,284,12M,"10,000+",Free,0,Everyone,Lifestyle,"June 9, 2018",5.13.2,5.0 and up
Smart Translator,BOOKS_AND_REFERENCE,4.8,1.1k,4.0M,"50,000+",Free,0,Everyone,Books & Reference,"September 16, 2017",3.5.1,5.0 and up
Easy Keyboard,BUSINESS,4.7,134.9k,7.6M,"5,000,000+",Free,0,Everyone,Business,"July 11, 2018",4.13.5,Varies with device
Super Flashlight,SPORTS,,692,32M,"50,000+",Paid,$0.99,Everyone,Sports,"July 9, 2018",8.2.7,4.0.3 and up
Cool Chess 17,LIFESTYLE,4.4,36190,10M,"5,000,000+",Free,0,Everyone 10+,Lifestyle,"May 5, 2018",2.18.0,4.1 and up
Fast Photo Editor,SOCIAL,3.8,18,Varies with device,500+,Paid,$9.99,Everyone,Social,"March 3, 2016",1.16.7,4.0.3 and up
Bright VPN,GAME,4.1,9101,13M,"500,000+",Free,0,Everyone,Action,"January 9, 2017",8.0.4,4.1 and up
Daily Music Player,SOCIAL,4.1,3203,Varies with device,"100,000+",Free,0,Everyone,Social,"January 11, 2018",1.4.2,4.1 and up
Cool Photo Editor,MEDICAL,3.6,37,44M,"1,000+",Free,0,Everyone,Medical,"January 16, 2017",7.4.2,Varies with device
Daily Recipes 13,GAME,3.4,85819,74M,"5,000,000+",Free,0,Everyone,Action,"October 4, 2017",Varies with device,Varies with device
Mini Diet Tracker 9,SOCIAL,3.7,49152,15M,"5,000,000+",Free,0,Everyone,Social,"March 11, 2016",4.16.7,Varies with device
Fast Scanner,PRODUCTIVITY,5.0,42341,2.8M,"5,000,000+",Free,0,Everyone,Productivity,"November 24, 2017",5.19.2,4.1 and up
Star Translator,COMMUNICATION,4.8,424,41M,"5,000+",Free,0,Everyone,Communication,"October 12, 2015",7.5.1,4.1 and up
Easy Wallpapers 19,ART_AND_DESIGN,5.0,149,11M,"10,000+",Free,0,Everyone,Art & Design,"June 26, 2018",4.12.1,4.1 and up
Easy Recipes,LIFESTYLE,4.1,6.2k,18M,"50,000+",Free,0,Everyone,Lifestyle,"October 18, 2017",1.17.0,5.0 and up
Mini Chess,COMMUNICATION,4.4,26,22M,"1,000+",Paid,$0.99,Everyone,Communication,"November 14, 2016",7.19.7,Varies with device
Ultimate Weather,PRODUCTIVITY,3.2,354,13M,"5,000+",Free,0,Everyone,Productivity,"January 7, 2018",3.18.5,Varies with device
Bright Budget 11,FAMILY,5.0,24k,75M,"1,000,000+",Free,0,Everyone,Casual,"January 10, 2018",6.13.8,Varies with device
Star Budget,COMMUNICATION,4.3,423145,29M,"50,000,000+",Free,0,Everyone 10+,Communication,"September 7, 2017",8.14.2,Varies with device
Daily Launcher,TRAVEL_AND_LOCAL,4.4,33414,9.7M,"1,000,000+",Free,0,Everyone,Travel & Local,"January 23, 2016",4.19.6,4.4 and up
Tiny Bible,PRODUCTIVITY,4.2,143669,8.5M,"5,000,000+",Free,0,Everyone,Productivity,"February 26, 2018",3.10.0,Varies with device
Easy Radio,MAPS_AND_NAVIGATION,4.5,2303,634k,"100,000+",Free,0,Teen,Maps & Navigation,"June 14, 2016",1.9.3,4.0.3 and up
Star Weather,PHOTOGRAPHY,3.8,51.3k,46M,"500,000+",Free,0,Everyone,Photography,"July 17, 2018",8.8.0,4.4 and up
Mini Calendar,SOCIAL,2.6,3067,8.5M,"500,000+",Free,0,Everyone,Social,"October 25, 2017",8.12.8,4.4 and up
Free Translator 12,MEDICAL,4.9,4.2k,8.3M,"100,000+",Free,0,Everyone,Medical,"March 24, 2017",8.0.3,4.1 and up
Super Radio,SPORTS,5.0,1991,12M,"100,000+",Free,0,Everyone,Sports,"July 13, 2016",2.2.7,4.1 and up
Fast Calendar,LIFESTYLE,4.0,3721,47M,"50,000+",Free,0,Everyone,Lifestyle,"January 3, 2016",3.0.4,Varies with device
Happy Diet Tracker 14,PRODUCTIVITY,4.0,4k,30M,"500,000+",Free,0,Everyone,Productivity,"November 26, 2015",2.18.3,5.0 and up
Daily Music Player,COMMUNICATION,3.9,883,19M,"50,000+",Free,0,Everyone,Communication,"June 5, 2018",8.18.0,Varies with device
Bright Wallpapers 12,ENTERTAINMENT,4.5,4.3k,9.4M,"50,000+",Paid,$4.99,Everyone,Entertainment,"April 27, 2017",2.15.4,4.4 and up
Tiny Workout,SPORTS,4.0,6923,Varies with device,"500,000+",Free,0,Mature 17+,Sports,"January 24, 2018",5.12.0,5.0 and up
Easy Wallpapers 4,SPORTS,4.4,3392,2.1M,"100,000+",Free,0,Everyone,Sports,"August 29, 2017",Varies with device,5.0 and up
Smart Music Player,PHOTOGRAPHY,5.0,5825,27M,"500,000+",Free,0,Everyone,Photography,"November 8, 2017",1.3.3,4.0.3 and up
Pocket Workout,BOOKS_AND_REFERENCE,3.5,1958,26M,"50,000+",Free,0,Everyone,Books & Reference,"May 8, 2018",5.9.3,Varies with device
Happy Chess 9,TRAVEL_AND_LOCAL,4.0,48,33M,"5,000+",Free,0,Everyone,Travel & Local,"August 28, 2017",1.6.5,4.0.3 and up
Free Budget,MAPS_AND_NAVIGATION,4.0,25999,Varies with device,"1,000,000+",Free,0,Everyone,Maps & Navigation,"July 23, 2018",3.5.2,4.4 and up
Bright VPN,ART_AND_DESIGN,3.7,46k,25M,"5,000,000+",Free,0,Everyone,Art & Design,"July 3, 2017",3.11.5,4.1 and up
Secure Puzzle,BOOKS_AND_REFERENCE,4.4,410,6.7M,"50,000+",Free,0,Mature 17+,Books & Reference,"August 4, 2017",Varies with device,5.0 and up
Super Bible,PHOTOGRAPHY,3.7,7,12M,100+,Free,0,Everyone,Photography,"May 22, 2017",4.17.1,Varies with device
Pixel Flashlight,ENTERTAINMENT,4.3,1267,33M,"50,000+",Free,0,Teen,Entertainment,"December 16, 2017",1.2.3,Varies with device
Magic Radio 17,PHOTOGRAPHY,3.9,26.5k,9.1M,"500,000+",Free,0,Everyone,Photography,"November 16, 2016",1.10.1,4.0.3 and up
Fast Weather 7,SHOPPING,4.1,60,705k,"5,000+",Free,0,Teen,Shopping,"February 18, 2018",3.14.5,Varies with device
Pro Workout,ART_AND_DESIGN,4.8,48,29M,"1,000+",Free,0,Everyone,Art & Design,"December 8, 2017",8.6.7,4.0.3 and up
Easy Recipes,LIFESTYLE,4.1,3,10M,50+,Free,0,Everyone,Lifestyle,"September 26, 2017",7.13.2,4.4 and up
Free VPN,COMMUNICATION,4.0,1k,13M,"50,000+",Free,0,Everyone,Communication,"May 17, 2018",5.9.1,5.0 and up
Happy Diet Tracker,FAMILY,3.0,10427,Varies with device,"500,000+",Free,0,Everyone,Casual,"January 16, 2018",4.0.0,4.0.3 and up
Free Music Player 16,GAME,3.8,40,13M,"1,000+",Free,0,Teen,Action,"May 31, 2018",4.12.2,5.0 and up
Tiny Recipes 15,HEALTH_AND_FITNESS,4.1,52,116k,"5,000+",Free,0,Everyone,Health & Fitness,"April 25, 2018",7.11.1,4.4 and up
Daily Weather,EDUCATION,,46,100M,"1,000+",Free,0,Everyone,Education,"April 5, 2017",2.11.0,Varies with device
Fast Scanner 5,MEDICAL,4.1,6752,14M,"500,000+",Free,0,Everyone,Medical,"February 6, 2017",5.1.0,Varies with device
Smart Wallpapers,SOCIAL,3.6,899,3.7M,"50,000+",Free,0,Teen,Social,"May 30, 2017",7.12.1,4.0.3 and up
Star Flashlight,ART_AND_DESIGN,4.2,704894,12M,"10,000,000+",Free,0,Everyone,Art & Design,"January 1, 2018",Varies with device,4.4 and up
Bright Calendar,TOOLS,4.7,117,12M,"5,000+",Free,0,Everyone,Tools,"May 26, 2017",4.10.5,4.4 and up
Free Weather,BOOKS_AND_REFERENCE,4.4,1763,5.7M,"50,000+",Free,0,Everyone,Books & Reference,"October 27, 2017",7.16.0,5.0 and up
Easy Translator,TRAVEL_AND_LOCAL,4.4,256,15M,"5,000+",Free,0,Everyone,Travel & Local,"October 7, 2016",7.12.9,4.1 and up
Magic Scanner,MEDICAL,,6,100M,100+,Free,0,Everyone,Medical,"August 28, 2016",3.7.7,Varies with device
Mini Wallpapers,TRAVEL_AND_LOCAL,4.2,203,12M,"5,000+",Free,0,Everyone,Travel & Local,"April 3, 2018",3.6.6,4.0.3 and up
Mini Translator,FAMILY,4.7,150,25M,"5,000+",Free,0,Everyone,Casual,"July 6, 2017",8.3.2,5.0 and up
Star Coloring Book,COMMUNICATION,,55.5k,4.5M,"1,000,000+",Free,0,Everyone,Communication,"April 3, 2016",4.12.6,Varies with device
Ultimate Flashlight,SHOPPING,4.6,13273,12M,"500,000+",Free,0,Everyone,Shopping,"January 1, 2017",7.1.5,5.0 and up
Smart Music Player 17,LIFESTYLE,4.5,19856,18M,"500,000+",Free,0,Teen,Lifestyle,"April 19, 2017",5.12.0,Varies with device
Fast Workout 18,BUSINESS,4.3,46217,20M,"1,000,000+",Free,0,Everyone,Business,"November 8, 2017",4.12.4,4.4 and up
Tiny Wallpapers 7,COMMUNICATION,4.0,1.4M,5.2M,"50,000,000+",Free,0,Teen,Communication,"February 19, 2018",5.16.1,5.0 and up
Super Music Player 18,MAPS_AND_NAVIGATION,4.8,165,13M,"10,000+",Free,0,Everyone,Maps & Navigation,"July 20, 2016",5.19.1,4.0.3 and up
Pocket Maps,GAME,4.4,1150,58M,"50,000+",Free,0,Everyone,Action,"July 8, 2018",2.5.1,4.4 and up
Quick Messenger,BOOKS_AND_REFERENCE,4.0,455,5.6M,"5,000+",Free,0,Everyone,Books & Reference,"March 4, 2016",4.10.4,4.4 and up
Magic Scanner,EDUCATION,3.7,37,3.5M,500+,Free,0,Everyone,Education,"September 5, 2017",6.15.8,Varies with device
Pixel Calendar,EDUCATION,3.8,1,38M,50+,Free,0,Teen,Education,"July 27, 2017",2.6.1,4.4 and up
Simple Music Player,PRODUCTIVITY,3.2,3144,2.0M,"100,000+",Free,0,Everyone,Productivity,"June 19, 2017",5.18.0,4.1 and up
Tiny Notes,FINANCE,3.9,44,25M,"1,000+",Free,0,Everyone,Finance,"January 22, 2016",5.19.7,4.1 and up
Quick Coloring Book,EDUCATION,4.2,679,15M,"10,000+",Free,0,Everyone,Education,"April 18, 2018",4.9.6,4.1 and up
Free Coloring Book,BUSINESS,4.7,1.6M,4.9M,"50,000,000+",Free,0,Everyone,Business,"March 5, 2017",8.18.0,4.0.3 and up
Star Puzzle,SOCIAL,3.8,11979,5.8M,"500,000+",Free,0,Everyone,Social,"November 10, 2017",5.8.9,5.0 and up
Easy Weather 12,COMMUNICATION,4.1,3784,27M,"100,000+",Free,0,Everyone,Communication,"March 30, 2017",8.18.4,5.0 and up
Cool Dictionary,LIFESTYLE,4.2,6,Varies with device,500+,Free,0,Everyone,Lifestyle,"May 8, 2018",5.6.7,4.1 and up
Easy Notes,BOOKS_AND_REFERENCE,4.2,27707,17M,"1,000,000+",Free,0,Everyone,Books & Reference,"January 24, 2018",3.0.1,4.4 and up
Easy Radio,MAPS_AND_NAVIGATION,4.3,36,13M,"1,000+",Paid,$1.99,Everyone,Maps & Navigation,"June 15, 2018",4.0.9,Varies with device
Pocket Recipes,ART_AND_DESIGN,4.0,10.8M,Varies with device,"100,000,000+",Free,0,Teen,Art & Design,"September 24, 2016",Varies with device,4.0.3 and up
Pro Weather 19,HEALTH_AND_FITNESS,4.9,821956,67M,"50,000,000+",Free,0,Everyone,Health & Fitness,"December 23, 2017",6.9.8,4.0.3 and up
Magic Budget,SHOPPING,4.6,197,3.4M,"5,000+",Free,0,Everyone,Shopping,"September 9, 2017",5.11.1,Varies with device
Smart Radio 8,EDUCATION,,6971,51M,"500,000+",Free,0,Everyone,Education,"October 6, 2016",3.11.0,4.0.3 and up
Pixel Wallpapers,GAME,,3747,Varies with device,"100,000+",Free,0,Everyone,Action,"March 2, 2016",3.5.6,5.0 and up
Daily Launcher,COMMUNICATION,4.1,3,Varies with device,50+,Free,0,Everyone,Communication,"September 24, 2017",5.18.4,4.0.3 and up
Mini Scanner 3,COMMUNICATION,4.8,300,4.6M,"10,000+",Free,0,Everyone,Communication,"February 12, 2018",1.4.9,Varies with device
Ultimate Puzzle,FINANCE,4.4,9241,36M,"500,000+",Free,0,Everyone,Finance,"April 24, 2017",5.13.0,4.1 and up
Magic Bible 7,GAME,3.4,10341,965k,"500,000+",Paid,$4.99,Everyone,Action,"July 11, 2017",2.6.4,4.0.3 and up
Super Puzzle 10,BUSINESS,4.8,204,59M,"5,000+",Free,0,Everyone,Business,"June 21, 2016",7.4.2,4.4 and up
Ultimate Calendar,SPORTS,4.0,16989,607k,"500,000+",Free,0,Everyone,Sports,"November 23, 2017",3.18.4,4.1 and up
Ultimate Diet Tracker,BUSINESS,,91,4.0M,"5,000+",Free,0,Everyone,Business,"December 25, 2017",6.9.6,4.1 and up
Cool Coloring Book,COMMUNICATION,3.8,125,9.8M,"1,000+",Free,0,Teen,Communication,"July 7, 2017",8.3.2,5.0 and up
Pocket Calendar,ART_AND_DESIGN,4.6,685,48M,"50,000+",Free,0,Everyone,Art & Design,"November 14, 2016",5.7.9,4.0.3 and up
Fast Budget 19,FAMILY,4.1,75,39M,"5,000+",Free,0,Everyone,Casual,"November 19, 2017",4.16.5,4.4 and up
Free Workout,MAPS_AND_NAVIGATION,4.3,56046,23M,"5,000,000+",Free,0,Everyone,Maps & Navigation,"July 2, 2018",8.1.5,4.0.3 and up
Fast Budget,FINANCE,4.0,111,20M,"1,000+",Paid,$4.99,Everyone,Finance,"October 20, 2016",Varies with device,4.0.3 and up
Pro Coloring Book,BUSINESS,4.2,3157,Varies with device,"100,000+",Free,0,Everyone,Business,"April 3, 2018",6.4.4,4.0.3 and up
Happy Keyboard 19,TOOLS,4.4,21119,6.2M,"1,000,000+",Free,0,Everyone,Tools,"February 9, 2018",1.17.0,4.1 and up
Super Dictionary,SOCIAL,,12491,1.7M,"500,000+",Free,0,Everyone,Social,"June 22, 2018",1.19.5,4.4 and up
Tiny Budget,FINANCE,3.4,322881,7.4M,"10,000,000+",Free,0,Everyone 10+,Finance,"December 29, 2017",6.3.4,4.4 and up
Pocket Workout,TRAVEL_AND_LOCAL,3.6,534,16M,"50,000+",Free,0,Everyone,Travel & Local,"March 6, 2018",3.16.1,5.0 and up
Star Maps 6,HEALTH_AND_FITNESS,3.8,5,9.1M,50+,Free,0,Everyone,Health & Fitness,,7.15.8,5.0 and up
Pixel Radio,COMMUNICATION,3.9,92,8.8M,"5,000+",Free,0,Everyone,Communication,"June 29, 2018",3.16.8,4.1 and up
Easy Flashlight,FAMILY,4.0,155,14M,"5,000+",Free,0,Everyone,Casual,"November 10, 2017",1.19.0,4.0.3 and up
Easy Messenger,EDUCATION,4.2,60.7k,2.5M,"5,000,000+",Free,0,Everyone,Education,"September 7, 2017",1.2.8,4.0.3 and up
Star Dictionary,PRODUCTIVITY,3.6,55347,Varies with device,"1,000,000+",Free,0,Everyone,Productivity,"September 18, 2016",1.9.1,4.4 and up
Simple Coloring Book 10,ART_AND_DESIGN,4.2,1.1k,1.1M,"50,000+",Free,0,Everyone,Art & Design,"March 4, 2018",7.0.9,5.0 and up
Pocket Coloring Book,EDUCATION,4.3,1556,18M,"50,000+",Free,0,Everyone,Education,"April 12, 2018",Varies with device,4.1 and up
Quick Diet Tracker,SPORTS,4.6,1478,11M,"50,000+",Free,0,Everyone,Sports,"January 9, 2018",6.1.3,4.4 and up
Cool Flashlight 13,SPORTS,,0,18M,1+,Paid,$9.99,Teen,Sports,"September 12, 2016",5.1.2,4.4 and up
Bright Radio 10,MAPS_AND_NAVIGATION,4.9,6663,53M,"50,000+",Free,0,Teen,Maps & Navigation,"January 27, 2017",5.1.9,4.4 and up
Cool Weather 13,TOOLS,3.8,632,6.9M,"50,000+",Free,0,Everyone,Tools,"May 8, 2018",7.1.8,4.0.3 and up
Tiny Workout 10,LIFESTYLE,4.2,153,34M,"5,000+",Free,0,Teen,Lifestyle,"May 10, 2018",8.2.5,4.0.3 and up
Pro Diet Tracker,EDUCATION,3.8,3k,5.9M,"100,000+",Free,0,Everyone,Education,"July 18, 2017",6.12.6,Varies with device
Mini Scanner 13,FAMILY,4.4,16226,Varies with device,"1,000,000+",Paid,$4.99,Everyone,Casual,"February 26, 2018",8.9.4,5.0 and up
Tiny Workout,MAPS_AND_NAVIGATION,4.3,161749,2.4M,"5,000,000+",Free,0,Everyone,Maps & Navigation,"August 24, 2017",4.0.7,5.0 and up
Pocket Launcher 19,FAMILY,4.4,112283,3.7M,"5,000,000+",Free,0,Mature 17+,Casual,"August 1, 2016",7.11.0,4.1 and up
Quick Maps,BOOKS_AND_REFERENCE,4.7,291499,43M,"10,000,000+",Free,0,Teen,Books & Reference,"April 13, 2018",3.6.5,4.4 and up
Star Weather,ENTERTAINMENT,3.9,2k,11M,"50,000+",Free,0,Everyone,Entertainment,"July 5, 2015",Varies with device,5.0 and up
Ultimate Flashlight 11,TRAVEL_AND_LOCAL,3.7,3.8k,11M,"100,000+",Free,0,Everyone,Travel & Local,"September 10, 2017",2.3.1,Varies with device
Simple Messenger,COMMUNICATION,5.0,1k,7.9M,"50,000+",Free,0,Mature 17+,Communication,"July 18, 2018",4.7.4,4.1 and up
Happy Budget,FAMILY,3.8,7911,11M,"500,000+",Free,0,Everyone,Casual,"September 27, 2017",4.14.1,4.0.3 and up
Easy Translator,COMMUNICATION,3.9,11567,Varies with device,"500,000+",Free,0,Everyone,Communication,"July 23, 2017",2.2.1,5.0 and up
Secure Radio,FINANCE,,8,20M,500+,Free,0,Everyone,Finance,"March 7, 2018",4.14.5,5.0 and up
Tiny Launcher 8,ENTERTAINMENT,4.5,531,15M,"50,000+",Free,0,Everyone,Entertainment,"January 19, 2018",5.0.8,5.0 and up
Secure Maps 17,EDUCATION,4.8,5324,4.0M,"100,000+",Free,0,Everyone,Education,"September 27, 2017",Varies with device,4.0.3 and up
Super Weather 12,MAPS_AND_NAVIGATION,4.2,5.4k,Varies with device,"100,000+",Free,0,Everyone,Maps & Navigation,"June 14, 2018",6.2.1,4.0.3 and up
Ultimate Bible,MAPS_AND_NAVIGATION,4.3,355136,Varies with device,"50,000,000+",Free,0,Everyone,Maps & Navigation,"January 17, 2016",1.10.3,Varies with device
Tiny Workout,GAME,4.6,428,20M,"10,000+",Free,0,Everyone,Action,"October 11, 2016",5.13.4,5.0 and up
Secure Diet Tracker 8,ART_AND_DESIGN,4.8,853,14M,"50,000+",Paid,$4.99,Everyone,Art & Design,"January 7, 2018",2.10.5,4.0.3 and up
Pixel Notes,ART_AND_DESIGN,4.1,2k,4.6M,"100,000+",Free,0,Everyone 10+,Art & Design,"September 6, 2016",7.1.0,Varies with device
Happy Launcher 14,PRODUCTIVITY,4.3,734,15M,"50,000+",Free,0,Everyone,Productivity,"November 3, 2017",1.10.1,4.1 and up
Smart Puzzle 9,ART_AND_DESIGN,4.6,9,34M,100+,Paid,$1.99,Mature 17+,Art & Design,"October 17, 2017",7.5.6,4.1 and up
Star Bible,FAMILY,4.3,1984,6.1M,"100,000+",Free,0,Everyone,Casual,"June 9, 2018",6.10.3,4.0.3 and up
Cool Bible 6,GAME,4.1,3842,33M,"100,000+",Free,0,Everyone,Action,"June 16, 2018",8.19.0,Varies with device
Pixel Recipes,ENTERTAINMENT,4.4,53692,98M,"5,000,000+",Free,0,Everyone,Entertainment,"October 26, 2017",Varies with device,Varies with device
Fast Recipes,TRAVEL_AND_LOCAL,4.3,2026,10.0M,"100,000+",Free,0,Everyone,Travel & Local,"April 27, 2016",7.5.3,4.4 and up
Daily Launcher 8,MEDICAL,4.0,35,946k,"5,000+",Free,0,Everyone,Medical,"October 7, 2017",5.3.2,4.4 and up
Pixel Launcher 19,BOOKS_AND_REFERENCE,4.4,2.9k,10M,"500,000+",Free,0,Everyone,Books & Reference,"May 22, 2018",2.17.2,Varies with device
Bright Messenger 6,TOOLS,3.6,3212,329k,"100,000+",Free,0,Everyone,Tools,"January 31, 2016",Varies with device,4.4 and up
Free Notes,PRODUCTIVITY,4.1,1.3k,4.6M,"50,000+",Free,0,Everyone,Productivity,"December 14, 2017",5.8.3,4.0.3 and up
Smart Messenger,SPORTS,5.0,36,4.2M,"1,000+",Free,0,Everyone,Sports,"October 19, 2017",3.9.2,4.1 and up
Pixel Messenger 6,SPORTS,,31,23M,"1,000+",Free,0,Everyone,Sports,"May 14, 2018",Varies with device,Varies with device
Ultimate Recipes,EDUCATION,3.9,909,5.0M,"50,000+",Free,0,Everyone,Education,"May 22, 2017",7.4.9,4.1 and up
Happy Music Player 10,GAME,4.2,38,Varies with device,"5,000+",Free,0,Everyone,Action,"July 28, 2017",7.5.9,Varies with device
Simple Dictionary,FAMILY,4.3,3815,15M,"500,000+",Free,0,Everyone,Casual,"June 11, 2018",8.7.2,4.4 and up
Super Chess,SOCIAL,4.2,155,7.5M,"5,000+",Paid,$0.99,Everyone,Social,"July 14, 2017",4.12.0,4.4 and up
Pocket Maps,LIFESTYLE,4.4,868,23M,"10,000+",Free,0,Everyone,Lifestyle,"October 23, 2017",3.1.1,Varies with device
Daily Diet Tracker 10,SHOPPING,4.1,1327,14M,"10,000+",Free,0,Mature 17+,Shopping,"April 26, 2018",1.9.9,5.0 and up
Secure Photo Editor 13,MEDICAL,4.4,23,19M,500+,Free,0,Everyone,Medical,"April 13, 2017",3.19.3,4.1 and up
Secure Radio 8,ART_AND_DESIGN,4.4,502,28M,"50,000+",Free,0,Everyone,Art & Design,"April 24, 2018",6.16.2,Varies with device
Mini Photo Editor,MEDICAL,3.9,29,13M,"1,000+",Free,0,Everyone,Medical,"May 6, 2018",Varies with device,4.1 and up
Easy Radio,SOCIAL,4.5,2687,17M,"50,000+",Free,0,Everyone,Social,"December 20, 2014",5.10.5,4.4 and up
Magic Diet Tracker,PHOTOGRAPHY,,3,27M,100+,Free,0,Everyone,Photography,"August 9, 2016",4.6.3,5.0 and up
Easy Puzzle 15,EDUCATION,3.6,619,2.0M,"50,000+",Free,0,Teen,Education,"May 15, 2018",5.1.8,4.4 and up
Bright Dictionary 10,HEALTH_AND_FITNESS,3.3,168,11M,"10,000+",Paid,$2.99,Everyone,Health & Fitness,"May 25, 2017",1.15.2,4.0.3 and up
Easy Flashlight 10,PRODUCTIVITY,4.2,83,6.5M,500+,Free,0,Everyone,Productivity,"September 28, 2017",6.15.4,4.1 and up
Cool Puzzle,GAME,3.7,51144,4.2M,"5,000,000+",Free,0,Everyone,Action,"September 17, 2017",Varies with device,4.0.3 and up
Star Messenger 9,SOCIAL,4.0,4227,Varies with device,"500,000+",Free,0,Everyone,Social,"June 10, 2017",4.9.4,4.1 and up
Daily Coloring Book,TRAVEL_AND_LOCAL,4.3,87,27M,500+,Free,0,Everyone,Travel & Local,"March 15, 2017",5.2.9,4.0.3 and up
Fast Radio,MEDICAL,4.4,29,59M,"1,000+",Paid,$4.99,Everyone,Medical,"April 4, 2018",1.2.3,5.0 and up
Pocket Weather,PRODUCTIVITY,3.8,4315,19M,"100,000+",Free,0,Everyone,Productivity,"December 12, 2017",5.6.0,4.1 and up
Easy Music Player,HEALTH_AND_FITNESS,4.0,3608,Varies with device,"500,000+",Free,0,Everyone,Health & Fitness,"August 26, 2017",4.0.6,4.4 and up
Super Keyboard,TRAVEL_AND_LOCAL,4.6,1.1k,28M,"10,000+",Free,0,Everyone,Travel & Local,"June 21, 2017",3.0.7,4.1 and up
Happy Puzzle,ART_AND_DESIGN,3.5,110,7.0M,"5,000+",Paid,$2.99,Everyone,Art & Design,"April 24, 2018",4.0.7,4.1 and up
Fast Radio,TRAVEL_AND_LOCAL,3.8,22,2.4M,"1,000+",Free,0,Everyone,Travel & Local,"March 31, 2018",6.4.7,4.1 and up
Super Notes 8,BOOKS_AND_REFERENCE,3.8,1.1k,10M,"50,000+",Free,0,Everyone,Books & Reference,"January 29, 2018",Varies with device,5.0 and up
Pixel Bible,PRODUCTIVITY,4.4,1984,10M,"50,000+",Free,0,Everyone,Productivity,"March 17, 2018",Varies with device,Varies with device
Star Scanner 12,ENTERTAINMENT,4.1,211,2.4M,"10,000+",Free,0,Teen,Entertainment,"October 21, 2017",Varies with device,4.4 and up
Simple Workout,TRAVEL_AND_LOCAL,4.9,33,Varies with device,"5,000+",Paid,$0.99,Everyone,Travel & Local,"January 19, 2018",1.2.4,4.0.3 and up
Free Recipes,HEALTH_AND_FITNESS,4.9,391,21M,"50,000+",Free,0,Everyone 10+,Health & Fitness,,1.5.3,5.0 and up
Fast Chess,TOOLS,4.5,1743,8.9M,"50,000+",Free,0,Teen,Tools,"June 18, 2017",7.5.0,5.0 and up
Ultimate Notes 15,SHOPPING,4.5,586,Varies with device,"10,000+",Free,0,Mature 17+,Shopping,"December 26, 2017",Varies with device,5.0 and up
Mini Dictionary,ENTERTAINMENT,4.9,24,40M,"1,000+",Free,0,Everyone 10+,Entertainment,"July 2, 2018",2.6.6,5.0 and up
Simple Coloring Book,MEDICAL,,1,6.5M,50+,Free,0,Everyone,Medical,"May 6, 2018",3.10.7,Varies with device
Cool Radio,HEALTH_AND_FITNESS,4.5,1707,26M,"50,000+",Free,0,Everyone,Health & Fitness,"April 24, 2016",Varies with device,Varies with device
Ultimate Keyboard,SOCIAL,4.1,52,14M,500+,Free,0,Everyone,Social,"February 10, 2018",5.11.7,4.0.3 and up
Star Chess 10,TOOLS,5.0,17437,28M,"500,000+",Free,0,Everyone,Tools,"January 22, 2018",1.14.5,5.0 and up
Star VPN,MAPS_AND_NAVIGATION,4.5,4k,18M,"100,000+",Free,0,Teen,Maps & Navigation,"September 29, 2017",4.9.3,4.0.3 and up
Tiny Notes,BUSINESS,3.7,423,5.0M,"50,000+",Free,0,Everyone,Business,"July 22, 2018",6.6.8,4.4 and up
Ultimate Diet Tracker,EDUCATION,4.3,6k,6.1M,"100,000+",Free,0,Everyone,Education,"September 3, 2017",1.2.1,4.0.3 and up
Magic Workout,HEALTH_AND_FITNESS,4.3,155,16M,"5,000+",Free,0,Everyone,Health & Fitness,"June 27, 2018",Varies with device,4.4 and up
Tiny Puzzle,SOCIAL,3.4,20,31M,500+,Free,0,Everyone,Social,"April 27, 2017",5.14.4,5.0 and up
Simple Workout 18,BUSINESS,4.4,1k,22M,"50,000+",Free,0,Teen,Business,"October 20, 2016",1.10.5,4.0.3 and up
Ultimate Scanner,SOCIAL,4.1,22,Varies with device,"1,000+",Free,0,Everyone,Social,"November 27, 2015",8.15.9,Varies with device
Fast Puzzle 17,FAMILY,4.1,1044,9.6M,"50,000+",Free,0,Teen,Casual,"August 24, 2017",2.4.5,4.0.3 and up
Secure Flashlight,MEDICAL,4.4,94253,34M,"5,000,000+",Free,0,Everyone,Medical,"July 25, 2017",1.13.6,Varies with device
Daily Music Player 16,SOCIAL,4.0,263346,30M,"5,000,000+",Free,0,Teen,Social,"December 28, 2017",7.18.2,4.0.3 and up
Magic VPN 17,FINANCE,4.6,1.2k,17M,"50,000+",Paid,$9.99,Everyone,Finance,"June 25, 2018",1.3.6,5.0 and up
Magic Diet Tracker,ENTERTAINMENT,3.6,103k,100M,"5,000,000+",Free,0,Everyone,Entertainment,"December 16, 2016",4.1.2,4.1 and up
Pro Puzzle,SHOPPING,4.7,11k,9.5M,"500,000+",Free,0,Everyone,Shopping,"September 7, 2017",Varies with device,Varies with device
Super Dictionary,SPORTS,4.1,9828,39M,"500,000+",Free,0,Everyone,Sports,"April 3, 2018",1.17.1,4.1 and up
Daily Coloring Book 14,SHOPPING,4.8,249,9.4M,"10,000+",Free,0,Everyone,Shopping,"March 12, 2017",4.12.1,5.0 and up
Fast VPN 13,EDUCATION,4.6,60.9k,11M,"1,000,000+",Free,0,Everyone,Education,"May 1, 2016",2.1.3,4.4 and up
Magic Keyboard 6,LIFESTYLE,4.1,9906,15M,"100,000+",Free,0,Everyone,Lifestyle,"April 17, 2015",3.0.6,4.0.3 and up
Tiny Translator,HEALTH_AND_FITNESS,4.2,8234,14M,"500,000+",Free,0,Everyone,Health & Fitness,"April 5, 2017",7.1.8,4.1 and up
Simple Chess 3,ENTERTAINMENT,4.5,36k,32M,"5,000,000+",Paid,$9.99,Mature 17+,Entertainment,"July 24, 2018",5.6.3,4.1 and up
Super Messenger 11,SPORTS,3.9,463,3.6M,"10,000+",Paid,$1.99,Everyone,Sports,"January 28, 2018",4.1.6,4.0.3 and up
Bright Coloring Book,MAPS_AND_NAVIGATION,4.1,18.9k,8.2M,"1,000,000+",Free,0,Mature 17+,Maps & Navigation,"December 27, 2017",1.2.7,4.1 and up
Pixel Maps,TRAVEL_AND_LOCAL,3.9,62021,6.1M,"1,000,000+",Free,0,Everyone 10+,Travel & Local,"April 29, 2018",4.0.6,4.1 and up
Super Calendar,LIFESTYLE,4.5,3476,11M,"500,000+",Free,0,Everyone,Lifestyle,"June 2, 2017",8.0.8,4.4 and up
Cool Chess 13,BOOKS_AND_REFERENCE,4.1,1472,7.0M,"50,000+",Free,0,Everyone,Books & Reference,"March 25, 2018",7.2.5,5.0 and up
Secure Scanner,GAME,4.3,51,14M,"1,000+",Paid,$2.99,Everyone 10+,Action,"February 10, 2018",2.4.3,5.0 and up
Fast Launcher 15,BOOKS_AND_REFERENCE,,14524,13M,"1,000,000+",Free,0,Everyone,Books & Reference,"May 30, 2018",5.2.7,4.1 and up
Ultimate Calendar,PRODUCTIVITY,3.9,292,24M,"50,000+",Free,0,Everyone,Productivity,"June 27, 2016",7.10.6,4.0.3 and up
Tiny Scanner,HEALTH_AND_FITNESS,4.4,1.3M,12M,"50,000,000+",Free,0,Everyone,Health & Fitness,"August 17, 2017",6.12.6,4.0.3 and up
Quick Diet Tracker,MAPS_AND_NAVIGATION,5.0,2k,12M,"50,000+",Free,0,Everyone,Maps & Navigation,"July 1, 2018",2.1.7,4.4 and up
Happy Weather 7,TOOLS,4.5,144,18M,"5,000+",Free,0,Everyone,Tools,"October 18, 2017",5.10.6,5.0 and up
Pro Maps 18,HEALTH_AND_FITNESS,4.7,7351,11M,"500,000+",Free,0,Everyone,Health & Fitness,"October 30, 2017",3.8.8,4.1 and up
Quick Photo Editor,PHOTOGRAPHY,5.0,47,22M,"1,000+",Free,0,Mature 17+,Photography,"January 27, 2017",7.15.4,4.1 and up
Simple Launcher,COMMUNICATION,4.5,1,11M,50+,Free,0,Everyone,Communication,"February 17, 2018",3.5.1,Varies with device
Mini Weather,FINANCE,3.3,1k,Varies with device,"50,000+",Free,0,Everyone,Finance,"April 19, 2016",6.7.1,4.0.3 and up
Daily Dictionary,EDUCATION,4.6,8745,25M,"50,000+",Free,0,Everyone,Education,"March 5, 2017",6.6.4,4.4 and up
Fast Puzzle,PHOTOGRAPHY,3.9,3740,11M,"100,000+",Free,0,Everyone,Photography,"October 24, 2015",3.3.9,4.0.3 and up
Ultimate Diet Tracker,FAMILY,3.4,2.0k,Varies with device,"50,000+",Free,0,Teen,Casual,"July 28, 2018",6.1.6,Varies with device
Super Dictionary,PRODUCTIVITY,4.2,7k,0.9M,"100,000+",Free,0,Everyone,Productivity,"March 3, 2018",1.3.7,4.1 and up
Daily Budget 3,ART_AND_DESIGN,4.1,624,7.8M,"10,000+",Free,0,Everyone,Art & Design,"January 9, 2018",1.2.7,4.0.3 and up
Ultimate Calendar,PHOTOGRAPHY,3.9,803,4.1M,"50,000+",Free,0,Everyone,Photography,"June 8, 2017",1.15.7,Varies with device
Mini Diet Tracker,TRAVEL_AND_LOCAL,4.3,40k,13M,"1,000,000+",Free,0,Teen,Travel & Local,"September 11, 2017",7.4.2,4.1 and up
Bright Music Player 19,FINANCE,4.0,3483,23M,"100,000+",Free,0,Everyone,Finance,"July 2, 2016",3.2.3,5.0 and up
Pro Puzzle,MEDICAL,3.6,4k,20M,"500,000+",Free,0,Everyone,Medical,"June 1, 2018",Varies with device,4.1 and up
Star Translator,HEALTH_AND_FITNESS,4.2,1k,6.4M,"50,000+",Free,0,Everyone,Health & Fitness,"February 20, 2018",7.6.8,4.0.3 and up
Tiny VPN,EDUCATION,3.9,294,2.2M,"10,000+",Free,0,Mature 17+,Education,"June 15, 2018",6.11.6,4.1 and up
Pixel Dictionary,ART_AND_DESIGN,3.7,1159,9.8M,"50,000+",Free,0,Everyone 10+,Art & Design,"July 8, 2017",3.2.8,4.0.3 and up
Easy Scanner,PHOTOGRAPHY,4.6,1046,3.2M,"50,000+",Free,0,Everyone,Photography,"February 17, 2018",7.8.3,Varies with device
Tiny Recipes 2,SHOPPING,4.1,2049,18M,"50,000+",Free,0,Everyone,Shopping,"April 25, 2018",4.14.0,4.1 and up
Tiny Scanner,PRODUCTIVITY,3.8,1062,4.8M,"50,000+",Free,0,Everyone,Productivity,"January 29, 2018",7.16.7,4.4 and up
Pocket Dictionary,TOOLS,4.5,8k,20M,"500,000+",Free,0,Everyone,Tools,"November 23, 2016",8.13.5,4.1 and up
Magic Budget,LIFESTYLE,3.6,43,29M,500+,Free,0,Everyone,Lifestyle,"April 1, 2018",5.12.2,4.0.3 and up
Daily Keyboard,COMMUNICATION,4.0,5.0k,934k,"500,000+",Free,0,Everyone,Communication,"June 16, 2018",Varies with device,Varies with device
Simple Wallpapers 18,MAPS_AND_NAVIGATION,3.9,760,Varies with device,"50,000+",Free,0,Everyone,Maps & Navigation,"November 4, 2017",3.10.1,5.0 and up
Simple Puzzle,BOOKS_AND_REFERENCE,4.9,158,3.0M,"5,000+",Free,0,Everyone,Books & Reference,"July 24, 2018",4.15.8,Varies with device
Pixel Scanner,BUSINESS,3.7,21,78M,"1,000+",Free,0,Everyone,Business,"September 5, 2017",Varies with device,4.1 and up
Super Photo Editor 10,MAPS_AND_NAVIGATION,4.5,325,13M,"10,000+",Free,0,Everyone,Maps & Navigation,"November 8, 2016",6.11.9,4.4 and up
Bright Coloring Book,BOOKS_AND_REFERENCE,2.9,7556,43M,"500,000+",Free,0,Teen,Books & Reference,"June 22, 2018",8.1.7,4.1 and up
Simple Flashlight 13,FINANCE,4.5,8680,11M,"500,000+",Free,0,Teen,Finance,"January 18, 2018",1.1.9,4.4 and up
Secure Music Player 18,FAMILY,3.6,47,19M,"1,000+",Free,0,Everyone,Casual,"March 21, 2018",6.1.4,4.4 and up
Free Launcher,MAPS_AND_NAVIGATION,4.8,951,10M,"50,000+",Free,0,Everyone,Maps & Navigation,"February 8, 2017",7.9.0,Varies with device
Happy Weather,SOCIAL,4.6,104020,13M,"5,000,000+",Free,0,Everyone,Social,"October 28, 2017",5.3.3,5.0 and up
Secure Radio,GAME,,5670,23M,"500,000+",Free,0,Everyone,Action,"May 5, 2017",Varies with device,4.1 and up
Simple Dictionary 10,TRAVEL_AND_LOCAL,4.4,13720,23M,"500,000+",Free,0,Everyone,Travel & Local,"March 2, 2018",6.17.9,4.4 and up
Free Radio,SPORTS,3.7,13389,17M,"500,000+",Free,0,Teen,Sports,"December 2, 2016",2.6.6,4.4 and up
Bright Weather,MAPS_AND_NAVIGATION,4.5,102,18M,"1,000+",Free,0,Everyone,Maps & Navigation,"February 6, 2018",4.10.7,4.4 and up
Mini Chess,HEALTH_AND_FITNESS,4.5,142,5.6M,"10,000+",Free,0,Mature 17+,Health & Fitness,"December 10, 2016",2.8.2,4.4 and up
Simple Messenger,MAPS_AND_NAVIGATION,4.3,51391,46M,"1,000,000+",Free,0,Everyone,Maps & Navigation,"September 16, 2016",Varies with device,5.0 and up
Ultimate Calendar 17,TRAVEL_AND_LOCAL,3.5,1803,Varies with device,"100,000+",Free,0,Everyone,Travel & Local,"March 13, 2017",4.17.5,4.1 and up
Mini Translator 19,SOCIAL,,1790,30M,"50,000+",Free,0,Everyone,Social,"October 5, 2015",2.4.0,Varies with device
Pocket Chess,BUSINESS,4.6,368,90M,"50,000+",Free,0,Teen,Business,"July 16, 2018",8.18.1,4.0.3 and up
Happy Weather,LIFESTYLE,4.9,676,8.5M,"50,000+",Paid,$4.99,Everyone,Lifestyle,"July 27, 2017",5.9.2,5.0 and up
Magic Photo Editor,PRODUCTIVITY,4.8,9415,77M,"100,000+",Free,0,Everyone,Productivity,"April 2, 2017",7.2.6,4.1 and up
Mini Translator,MEDICAL,4.7,4550,9.4M,"50,000+",Free,0,Everyone,Medical,"July 14, 2018",8.18.8,4.0.3 and up
Star Launcher,MAPS_AND_NAVIGATION,4.3,353k,Varies with device,"10,000,000+",Free,0,Everyone,Maps & Navigation,"February 22, 2016",1.11.7,4.1 and up
Mini Chess,FAMILY,3.8,45,13M,"5,000+",Free,0,Everyone,Casual,"June 25, 2018",4.18.1,4.4 and up
Quick Messenger,MEDICAL,4.6,788,12M,"50,000+",Free,0,Everyone,Medical,"March 18, 2017",6.3.8,4.4 and up
Happy Recipes 7,HEALTH_AND_FITNESS,3.3,481,30M,"50,000+",Free,0,Everyone,Health & Fitness,"March 24, 2018",Varies with device,4.1 and up
Bright Bible,MAPS_AND_NAVIGATION,4.5,4,Varies with device,500+,Free,0,Everyone,Maps & Navigation,"June 23, 2018",4.3.6,4.1 and up
Cool Launcher,SPORTS,4.7,10720,Varies with device,"500,000+",Free,0,Everyone,Sports,"May 24, 2018",5.2.7,4.1 and up
Pixel Weather,FINANCE,4.1,161,Varies with device,"10,000+",Free,0,Everyone,Finance,,2.10.8,4.1 and up
Free Coloring Book,EDUCATION,4.3,221,24M,"10,000+",Free,0,Everyone,Education,"March 7, 2018",2.18.9,4.0.3 and up
Star Photo Editor 6,EDUCATION,4.6,18269,75M,"500,000+",Free,0,Everyone 10+,Education,"April 12, 2016",3.4.8,4.1 and up
Simple Scanner,COMMUNICATION,3.0,914,5.2M,"50,000+",Free,0,Teen,Communication,"October 20, 2017",2.11.6,4.4 and up
Cool Bible,TRAVEL_AND_LOCAL,4.4,1075,10M,"50,000+",Free,0,Everyone,Travel & Local,"May 15, 2018",7.17.8,5.0 and up
Ultimate Coloring Book,COMMUNICATION,4.7,2.2k,4.2M,"100,000+",Free,0,Everyone,Communication,"April 26, 2017",1.16.4,5.0 and up
Happy Photo Editor,EDUCATION,3.5,298,6.1M,"10,000+",Free,0,Mature 17+,Education,"July 30, 2018",2.8.9,4.0.3 and up
Tiny Coloring Book,ART_AND_DESIGN,4.0,4825,12M,"500,000+",Free,0,Everyone,Art & Design,"June 28, 2018",4.3.7,4.0.3 and up
Mini Messenger,SHOPPING,5.0,163,27M,"5,000+",Free,0,Everyone,Shopping,"November 22, 2016",2.19.3,Varies with device
Pocket Weather 6,ENTERTAINMENT,4.2,2,1.3M,50+,Free,0,Everyone,Entertainment,"July 4, 2018",5.2.0,4.4 and up
Happy Notes,GAME,4.1,38.4k,Varies with device,"500,000+",Free,0,Everyone,Action,"July 22, 2017",5.8.1,5.0 and up
Quick Scanner 14,HEALTH_AND_FITNESS,4.4,2287,84M,"100,000+",Free,0,Everyone,Health & Fitness,"March 12, 2018",5.9.2,5.0 and up
Mini Radio,LIFESTYLE,4.2,23,11M,500+,Free,0,Everyone,Lifestyle,"March 11, 2018",Varies with device,4.0.3 and up
Daily Scanner,SHOPPING,4.7,4684,Varies with device,"50,000+",Free,0,Everyone,Shopping,"June 6, 2018",7.11.3,4.0.3 and up
Star Launcher,SPORTS,5.0,587,Varies with device,"10,000+",Free,0,Teen,Sports,"October 28, 2017",3.3.6,4.4 and up
Secure Wallpapers,PHOTOGRAPHY,3.9,259,11M,"10,000+",Free,0,Everyone,Photography,"April 17, 2018",2.18.0,4.4 and up
Quick Weather 16,EDUCATION,3.9,2641,439k,"50,000+",Free,0,Everyone,Education,"April 21, 2018",5.2.1,Varies with device
Ultimate Messenger,LIFESTYLE,4.0,57,Varies with device,"1,000+",Free,0,Teen,Lifestyle,"December 11, 2017",2.7.7,4.0.3 and up
Tiny Dictionary,COMMUNICATION,4.5,1118,15M,"10,000+",Free,0,Teen,Communication,"January 30, 2018",1.1.3,4.4 and up
Star Dictionary,TRAVEL_AND_LOCAL,4.2,486,31M,"10,000+",Free,0,Everyone,Travel & Local,"April 1, 2018",7.1.8,4.4 and up
Easy Recipes 7,EDUCATION,,3002,33M,"500,000+",Free,0,Mature 17+,Education,"February 13, 2015",5.9.6,4.4 and up
Secure Notes 14,SOCIAL,3.8,8055,9.0M,"500,000+",Free,0,Everyone,Social,"April 11, 2018",6.5.2,4.1 and up
Cool Scanner,COMMUNICATION,3.7,100.5k,2.6M,"5,000,000+",Free,0,Teen,Communication,"May 6, 2018",5.13.8,Varies with device
Quick Diet Tracker,ART_AND_DESIGN,3.6,282525,10M,"5,000,000+",Free,0,Everyone,Art & Design,"March 31, 2017",4.16.1,4.1 and up
Happy Wallpapers,PRODUCTIVITY,4.7,2k,7.0M,"100,000+",Free,0,Everyone,Productivity,"September 4, 2015",3.6.3,4.4 and up
Daily Photo Editor,MAPS_AND_NAVIGATION,3.2,7824,13M,"500,000+",Free,0,Everyone,Maps & Navigation,"January 27, 2018",8.7.3,Varies with device
Pocket Maps,GAME,4.5,4280,1.0M,"100,000+",Free,0,Everyone,Action,"June 21, 2018",3.3.5,5.0 and up
Bright Launcher 14,BUSINESS,5.0,2752,35M,"100,000+",Free,0,Everyone,Business,"April 27, 2015",7.6.2,4.4 and up
Mini Music Player,LIFESTYLE,3.2,4k,18M,"500,000+",Free,0,Everyone,Lifestyle,"February 27, 2018",2.2.8,4.4 and up
Cool Chess,ENTERTAINMENT,3.9,599,10M,"5,000+",Free,0,Teen,Entertainment,"April 15, 2018",5.11.1,4.4 and up
Mini VPN 12,FAMILY,5.0,8194,4.6M,"500,000+",Free,0,Everyone,Casual,"November 27, 2017",1.10.8,4.4 and up
Free Notes,TOOLS,5.0,6,20M,50+,Free,0,Everyone,Tools,"September 8, 2017",4.14.2,4.4 and up
Bright Flashlight,MAPS_AND_NAVIGATION,3.7,4.6k,21M,"50,000+",Free,0,Everyone,Maps & Navigation,"August 9, 2017",7.13.5,5.0 and up
Pocket Wallpapers 6,GAME,,14,179k,500+,Free,0,Teen,Action,"July 6, 2018",8.6.7,4.4 and up
Daily Translator,TRAVEL_AND_LOCAL,5.0,4451,10M,"100,000+",Free,0,Everyone,Travel & Local,"June 6, 2018",6.4.8,4.1 and up
Magic Budget 10,FAMILY,4.1,1.5k,23M,"50,000+",Free,0,Mature 17+,Casual,"June 28, 2018",1.5.4,5.0 and up
Cool Puzzle,EDUCATION,4.5,1,5.1M,10+,Free,0,Everyone,Education,"June 18, 2018",Varies with device,4.4 and up
Cool Flashlight 9,SPORTS,4.5,29203,58M,"500,000+",Free,0,Everyone,Sports,"January 15, 2016",6.4.2,4.4 and up
Secure Puzzle 15,TRAVEL_AND_LOCAL,4.6,4388,31M,"500,000+",Free,0,Teen,Travel & Local,"April 20, 2018",4.7.6,Varies with device
Secure Notes 6,BOOKS_AND_REFERENCE,4.1,1750,Varies with device,"50,000+",Free,0,Everyone,Books & Reference,"June 16, 2017",8.0.5,5.0 and up
Easy Photo Editor,SPORTS,5.0,24455,14M,"1,000,000+",Free,0,Teen,Sports,"July 19, 2018",5.18.3,4.4 and up
Magic Diet Tracker,TRAVEL_AND_LOCAL,4.9,8k,3.9M,"100,000+",Free,0,Everyone,Travel & Local,"June 1, 2018",5.12.5,4.0.3 and up
Simple Radio,FINANCE,,251,7.3M,"5,000+",Free,0,Everyone,Finance,"October 31, 2017",2.18.2,5.0 and up
Bright Weather,LIFESTYLE,4.6,63,4.4M,"5,000+",Free,0,Everyone,Lifestyle,"January 6, 2018",Varies with device,5.0 and up
Magic VPN,SHOPPING,,240,5.6M,"5,000+",Free,0,Teen,Shopping,"April 18, 2018",Varies with device,4.0.3 and up
Mini Bible,FINANCE,2.7,856,37M,"50,000+",Free,0,Teen,Finance,"October 7, 2017",4.7.5,4.4 and up
Pocket Weather 12,ART_AND_DESIGN,4.0,2105,39M,"100,000+",Free,0,Mature 17+,Art & Design,"January 28, 2018",7.14.5,4.1 and up
Daily Calendar,ENTERTAINMENT,3.9,13895,66M,"500,000+",Free,0,Everyone,Entertainment,"April 6, 2017",5.13.1,4.1 and up
Smart Weather,BOOKS_AND_REFERENCE,4.0,193742,24M,"10,000,000+",Free,0,Everyone,Books & Reference,"April 16, 2018",8.4.2,4.0.3 and up
Cool Weather,EDUCATION,4.4,56,7.8M,"1,000+",Free,0,Teen,Education,"April 14, 2016",3.0.1,5.0 and up
Tiny Keyboard,FAMILY,3.9,95,7.3M,"5,000+",Free,0,Everyone,Casual,"November 11, 2017",5.0.9,5.0 and up
Pixel Radio,HEALTH_AND_FITNESS,4.3,1.1M,88M,"50,000,000+",Free,0,Everyone,Health & Fitness,"June 19, 2018",Varies with device,Varies with device
Happy Radio,FINANCE,4.3,11218,9.7M,"500,000+",Free,0,Everyone,Finance,"June 15, 2018",7.11.0,5.0 and up
Easy Scanner,FAMILY,4.0,2k,16M,"50,000+",Free,0,Everyone,Casual,"September 27, 2017",1.19.9,4.4 and up
Easy Flashlight 9,BOOKS_AND_REFERENCE,,7,16M,100+,Free,0,Everyone,Books & Reference,"February 5, 2018",3.19.1,4.4 and up
Cool Radio 3,TOOLS,4.2,6.4k,35M,"100,000+",Free,0,Everyone,Tools,"March 5, 2018",1.16.7,Varies with device
Cool Scanner,SOCIAL,4.0,842,Varies with device,"50,000+",Free,0,Teen,Social,"March 7, 2017",1.6.6,5.0 and up
Bright Weather,FAMILY,4.2,951,7.2M,"50,000+",Free,0,Everyone,Casual,"January 5, 2017",Varies with device,5.0 and up
Fast Flashlight,BUSINESS,3.7,0,48M,1+,Free,0,Everyone,Business,"April 15, 2018",6.19.0,Varies with device
Pro Translator,ENTERTAINMENT,4.1,292,Varies with device,"10,000+",Free,0,Everyone,Entertainment,"October 22, 2017",6.19.7,4.0.3 and up
Mini Messenger,FINANCE,4.5,1867,78M,"50,000+",Free,0,Everyone,Finance,"December 19, 2016",3.2.1,4.0.3 and up
Mini Budget,HEALTH_AND_FITNESS,4.4,4.6k,Varies with device,"100,000+",Free,0,Everyone,Health & Fitness,"February 15, 2017",6.18.8,Varies with device
Tiny Coloring Book,PRODUCTIVITY,4.5,675,3.9M,"50,000+",Free,0,Everyone,Productivity,"September 26, 2016",1.4.8,4.1 and up
Pixel Coloring Book,MAPS_AND_NAVIGATION,4.5,1803,12M,"50,000+",Free,0,Everyone,Maps & Navigation,"December 12, 2017",3.4.7,Varies with device
Star Flashlight 15,EDUCATION,3.8,104,22M,"5,000+",Paid,$9.99,Everyone,Education,"May 7, 2017",2.18.4,4.4 and up
Smart Launcher,BOOKS_AND_REFERENCE,4.5,226,9.2M,"10,000+",Free,0,Everyone,Books & Reference,"March 5, 2018",8.18.8,4.1 and up
Pocket Notes 12,TOOLS,3.9,7259,15M,"500,000+",Free,0,Everyone,Tools,"August 19, 2017",8.11.1,4.4 and up
Tiny Keyboard,SHOPPING,4.4,61,5.9M,500+,Free,0,Everyone,Shopping,"May 25, 2018",7.13.7,4.0.3 and up
Free Recipes,GAME,,9k,31M,"500,000+",Free,0,Everyone,Action,"February 2, 2017",8.0.0,4.4 and up
Mini Maps,LIFESTYLE,4.0,27,16M,"1,000+",Free,0,Everyone,Lifestyle,"February 25, 2018",Varies with device,4.1 and up
Star Notes,FINANCE,4.3,792,4.2M,"10,000+",Free,0,Everyone,Finance,"June 21, 2017",Varies with device,4.0.3 and up
Free Puzzle,EDUCATION,3.4,213,Varies with device,"5,000+",Free,0,Everyone,Education,"May 2, 2017",3.9.4,4.0.3 and up
Happy Dictionary,BUSINESS,4.4,8862,11M,"500,000+",Free,0,Everyone,Business,"June 20, 2017",3.16.0,4.1 and up
Easy Budget 9,FINANCE,4.0,602,6.0M,"50,000+",Free,0,Everyone,Finance,"December 26, 2016",2.1.2,5.0 and up
Pixel Messenger,BOOKS_AND_REFERENCE,5.0,16.2k,6.1M,"500,000+",Free,0,Everyone,Books & Reference,"July 29, 2018",3.5.5,4.1 and up
Easy Flashlight,ENTERTAINMENT,,110,14M,"5,000+",Free,0,Everyone,Entertainment,"June 22, 2018",4.8.9,5.0 and up
Super Wallpapers 18,BOOKS_AND_REFERENCE,4.3,1603,47M,"50,000+",Free,0,Everyone,Books & Reference,"April 18, 2018",3.3.9,5.0 and up
Easy Budget,FAMILY,3.6,49374,40M,"1,000,000+",Free,0,Everyone 10+,Casual,"February 16, 2018",6.13.3,5.0 and up
Happy Wallpapers,PRODUCTIVITY,4.4,11206,9.1M,"500,000+",Free,0,Everyone,Productivity,"October 25, 2017",1.6.3,5.0 and up
Ultimate Diet Tracker,BOOKS_AND_REFERENCE,4.2,19163,9.1M,"500,000+",Free,0,Everyone,Books & Reference,"December 3, 2016",1.17.2,5.0 and up
Secure Wallpapers,COMMUNICATION,4.1,6853,77M,"100,000+",Free,0,Everyone,Communication,"July 21, 2017",6.6.8,4.4 and up
Magic Maps 17,SOCIAL,4.4,8807,7.6M,"500,000+",Free,0,Everyone,Social,"November 29, 2017",Varies with device,5.0 and up
Fast Translator 16,SOCIAL,3.6,4262,10.0M,"500,000+",Free,0,Everyone,Social,"March 29, 2017",2.12.2,4.0.3 and up
Happy Recipes,TRAVEL_AND_LOCAL,4.0,446,30M,"5,000+",Free,0,Teen,Travel & Local,"January 4, 2017",4.11.6,Varies with device
Easy Workout 5,FINANCE,3.8,761,4.2M,"10,000+",Free,0,Everyone,Finance,"September 30, 2017",3.3.6,4.0.3 and up
Daily Calendar,ENTERTAINMENT,5.0,13,Varies with device,500+,Free,0,Everyone,Entertainment,"September 7, 2017",4.15.2,5.0 and up
Quick Puzzle 13,SPORTS,4.3,454489,8.3M,"10,000,000+",Free,0,Teen,Sports,"April 16, 2018",8.13.6,5.0 and up
Fast Photo Editor,FINANCE,5.0,45,Varies with device,500+,Free,0,Teen,Finance,"August 4, 2017",5.18.4,4.4 and up
Tiny Music Player,LIFESTYLE,3.7,2813,12M,"100,000+",Free,0,Everyone,Lifestyle,"July 1, 2018",3.0.6,4.4 and up
Free Weather 2,FAMILY,4.1,142,15M,"5,000+",Free,0,Everyone,Casual,"July 21, 2018",8.14.3,Varies with device
Bright Keyboard,TRAVEL_AND_LOCAL,4.7,518,10M,"50,000+",Free,0,Teen,Travel & Local,"February 3, 2018",8.18.8,4.1 and up
Simple Chess,MAPS_AND_NAVIGATION,,7707,15M,"500,000+",Free,0,Everyone,Maps & Navigation,"March 2, 2018",4.11.3,4.1 and up
Smart Maps 18,SPORTS,4.4,1106,21M,"50,000+",Free,0,Mature 17+,Sports,"December 22, 2017",7.9.9,5.0 and up
Quick Puzzle 5,LIFESTYLE,4.4,0,10.0M,1+,Free,0,Everyone,Lifestyle,"August 15, 2017",8.11.4,4.0.3 and up
Super Music Player 4,SOCIAL,4.6,121k,6.8M,"5,000,000+",Free,0,Everyone,Social,"April 4, 2018",3.0.8,4.4 and up
Pro Scanner,PRODUCTIVITY,4.1,69177,57M,"5,000,000+",Free,0,Teen,Productivity,"November 24, 2017",5.0.4,4.1 and up
Free Maps,EDUCATION,4.3,25,24M,"1,000+",Free,0,Everyone,Education,"January 24, 2018",8.16.5,Varies with device
Magic Keyboard,MEDICAL,3.6,277,2.8M,"10,000+",Free,0,Everyone,Medical,"July 5, 2017",8.10.8,4.1 and up
Bright Puzzle,PHOTOGRAPHY,4.8,185565,45M,"5,000,000+",Free,0,Everyone,Photography,"July 26, 2016",8.7.3,Varies with device
Pro Notes,BUSINESS,4.2,352,7.5M,"5,000+",Free,0,Everyone,Business,"May 16, 2016",4.4.7,5.0 and up
Bright Photo Editor,LIFESTYLE,4.0,729,21M,"10,000+",Paid,$4.99,Teen,Lifestyle,"November 21, 2017",Varies with device,Varies with device
Ultimate Flashlight 13,GAME,3.9,35,16M,"5,000+",Free,0,Everyone,Action,"February 10, 2018",5.6.9,Varies with device
Daily Chess,COMMUNICATION,2.9,48770,13M,"1,000,000+",Paid,$9.99,Everyone,Communication,"April 7, 2017",5.8.8,5.0 and up
Pixel Launcher,TRAVEL_AND_LOCAL,4.0,10802,15M,"500,000+",Free,0,Everyone,Travel & Local,"June 22, 2018",2.5.5,Varies with device
Free Diet Tracker,FAMILY,4.7,1k,Varies with device,"50,000+",Free,0,Everyone,Casual,"August 23, 2017",4.9.8,4.0.3 and up
Fast Budget,FAMILY,4.6,442,27M,"10,000+",Free,0,Everyone,Casual,"September 29, 2017",4.15.1,4.0.3 and up
Free Puzzle 16,GAME,4.4,9,5.8M,500+,Free,0,Everyone,Action,"January 11, 2016",6.10.7,5.0 and up
Quick Maps,PRODUCTIVITY,4.2,390486,11M,"10,000,000+",Free,0,Mature 17+,Productivity,"January 22, 2018",5.18.9,5.0 and up
Pixel Workout,SOCIAL,4.6,28,30M,500+,Free,0,Everyone,Social,"May 28, 2018",4.2.1,5.0 and up
Pocket Keyboard,PHOTOGRAPHY,4.0,57,Varies with device,"5,000+",Free,0,Everyone,Photography,"May 8, 2018",Varies with device,Varies with device
Secure Music Player,GAME,4.6,4k,5.5M,"100,000+",Free,0,Everyone,Action,"September 1, 2017",8.7.9,Varies with device
Mini Maps 15,GAME,5.0,79,15M,"5,000+",Free,0,Everyone,Action,"December 14, 2017",3.17.2,4.1 and up
Ultimate Workout 16,TRAVEL_AND_LOCAL,4.8,31365,100M,"1,000,000+",Free,0,Everyone,Travel & Local,"July 12, 2017",5.12.0,Varies with device
Happy Bible,SPORTS,5.0,85206,Varies with device,"5,000,000+",Free,0,Everyone,Sports,"April 14, 2018",2.17.0,Varies with device
Simple Flashlight,ENTERTAINMENT,4.2,940,8.9M,"50,000+",Free,0,Everyone,Entertainment,"June 28, 2018",1.14.9,4.0.3 and up
Daily Weather,HEALTH_AND_FITNESS,4.0,6879,13M,"500,000+",Free,0,Everyone 10+,Health & Fitness,"September 17, 2017",3.10.6,Varies with device
Pixel Recipes,SPORTS,4.1,7480,649k,"500,000+",Free,0,Teen,Sports,"July 8, 2018",8.12.2,Varies with device
Pixel Flashlight,MAPS_AND_NAVIGATION,4.2,2710,4.9M,"100,000+",Free,0,Teen,Maps & Navigation,"July 2, 2018",8.6.5,5.0 and up
Free Dictionary,EDUCATION,4.5,609,42M,"10,000+",Free,0,Everyone,Education,"April 19, 2017",6.12.3,4.1 and up
Free Flashlight 2,MEDICAL,4.4,12,7.6M,500+,Free,0,Everyone,Medical,"March 6, 2015",4.13.0,4.4 and up
Tiny Calendar 19,BOOKS_AND_REFERENCE,5.0,3480,5.1M,"50,000+",Free,0,Mature 17+,Books & Reference,"December 16, 2017",2.7.4,4.0.3 and up
Mini Messenger,SPORTS,4.1,271,Varies with device,"10,000+",Free,0,Everyone 10+,Sports,"March 11, 2017",3.11.9,5.0 and up
Happy Weather 17,TRAVEL_AND_LOCAL,3.3,1.2k,857k,"50,000+",Free,0,Everyone,Travel & Local,"April 5, 2015",5.10.4,4.4 and up
Daily Photo Editor,BOOKS_AND_REFERENCE,4.1,248,22M,"5,000+",Free,0,Everyone,Books & Reference,"October 22, 2017",Varies with device,5.0 and up
Daily Messenger 11,ENTERTAINMENT,3.5,100,22M,"5,000+",Free,0,Everyone,Entertainment,"November 11, 2017",5.14.9,4.4 and up
Bright Music Player,FAMILY,4.6,1178,32M,"50,000+",Free,0,Everyone,Casual,"July 8, 2017",4.6.4,4.4 and up
Magic Translator,FAMILY,5.0,2719,33M,"100,000+",Free,0,Teen,Casual,"April 30, 2018",7.16.2,5.0 and up
Super Bible 6,SPORTS,3.9,225456,13M,"10,000,000+",Free,0,Teen,Sports,"June 16, 2018",8.2.1,5.0 and up
Pixel Recipes 4,BOOKS_AND_REFERENCE,4.8,156,25M,"5,000+",Free,0,Everyone,Books & Reference,"May 27, 2017",7.18.2,5.0 and up
Tiny Radio,MAPS_AND_NAVIGATION,3.6,1.8k,4.4M,"50,000+",Free,0,Everyone,Maps & Navigation,"December 24, 2016",8.6.2,5.0 and up
Quick Recipes 16,HEALTH_AND_FITNESS,4.5,153,55M,"1,000+",Free,0,Everyone,Health & Fitness,"June 11, 2016",2.0.7,Varies with device
Pixel Bible,TOOLS,4.5,14,19M,500+,Free,0,Everyone,Tools,"February 23, 2018",7.3.5,5.0 and up
Daily Puzzle,ART_AND_DESIGN,3.4,156,3.8M,"5,000+",Free,0,Everyone,Art & Design,"April 11, 2018",7.13.6,4.4 and up
Magic Diet Tracker,HEALTH_AND_FITNESS,,19,757k,"1,000+",Free,0,Everyone,Health & Fitness,"November 23, 2017",Varies with device,4.1 and up
Ultimate Radio,BUSINESS,4.1,446,14M,"50,000+",Free,0,Everyone,Business,"July 17, 2018",5.13.8,4.1 and up
Smart Maps,FAMILY,,0,64M,1+,Free,0,Everyone,Casual,"April 20, 2018",Varies with device,5.0 and up
Simple Puzzle,FAMILY,3.7,2886,7.9M,"50,000+",Free,0,Everyone 10+,Casual,"December 9, 2016",5.12.5,4.4 and up
Bright Notes,HEALTH_AND_FITNESS,4.2,1.7k,17M,"50,000+",Free,0,Everyone,Health & Fitness,"June 17, 2017",5.17.8,4.4 and up
Pro Notes,COMMUNICATION,4.8,1128,Varies with device,"50,000+",Free,0,Teen,Communication,"January 9, 2016",2.1.4,5.0 and up
Daily Budget,TOOLS,5.0,1919,17M,"50,000+",Free,0,Teen,Tools,"July 4, 2018",1.9.6,Varies with device
Magic Calendar,TRAVEL_AND_LOCAL,4.1,266,765k,"10,000+",Free,0,Everyone,Travel & Local,"July 20, 2017",4.11.6,5.0 and up
Super Budget,FAMILY,4.7,10748,Varies with device,"500,000+",Paid,$2.99,Everyone,Casual,"July 25, 2018",8.2.1,4.0.3 and up
Secure Dictionary,HEALTH_AND_FITNESS,4.0,212,16M,"10,000+",Free,0,Everyone,Health & Fitness,"July 10, 2016",8.2.2,5.0 and up
Easy Scanner,EDUCATION,4.3,660,16M,"10,000+",Free,0,Everyone,Education,"January 30, 2018",3.17.6,4.4 and up
Ultimate Keyboard 9,FAMILY,4.8,8025,11M,"100,000+",Free,0,Everyone,Casual,"November 23, 2016",6.10.9,4.0.3 and up
Cool Dictionary,PHOTOGRAPHY,4.8,199185,12M,"5,000,000+",Paid,$0.99,Everyone,Photography,"April 11, 2017",8.6.9,4.1 and up
Star Diet Tracker 16,SOCIAL,4.2,116,19M,"5,000+",Free,0,Teen,Social,"January 21, 2017",1.6.9,4.1 and up
Fast Coloring Book,SHOPPING,3.3,514,8.8M,"50,000+",Free,0,Everyone,Shopping,"June 1, 2017",7.9.4,4.0.3 and up
Smart Coloring Book 11,COMMUNICATION,4.0,145,7.6M,"10,000+",Free,0,Everyone,Communication,"October 8, 2017",4.5.2,5.0 and up
Mini Puzzle,BUSINESS,3.9,581,Varies with device,"5,000+",Free,0,Mature 17+,Business,"March 16, 2018",4.13.2,4.0.3 and up
Quick Workout,COMMUNICATION,4.2,6646,9.3M,"500,000+",Free,0,Everyone,Communication,"September 26, 2017",1.2.4,Varies with device
Star Messenger 4,LIFESTYLE,4.5,6,3.3M,500+,Free,0,Everyone,Lifestyle,"November 19, 2017",3.4.0,Varies with device
Secure Calendar,MEDICAL,4.5,2079,4.0M,"50,000+",Free,0,Everyone,Medical,"June 29, 2018",4.17.7,4.0.3 and up
Mini Maps,LIFESTYLE,4.6,29,Varies with device,500+,Paid,$1.99,Everyone,Lifestyle,"November 6, 2016",8.1.0,Varies with device
Smart Dictionary 10,PHOTOGRAPHY,4.1,2k,55M,"50,000+",Free,0,Everyone,Photography,"July 5, 2018",8.10.4,Varies with device
Ultimate Budget,SPORTS,5.0,763,Varies with device,"10,000+",Free,0,Everyone,Sports,"August 20, 2017",7.19.7,4.4 and up
Pro Photo Editor,BOOKS_AND_REFERENCE,4.3,16,21M,"1,000+",Free,0,Everyone,Books & Reference,"May 19, 2017",4.13.8,4.4 and up
Simple Flashlight,HEALTH_AND_FITNESS,4.7,25,37M,"1,000+",Free,0,Teen,Health & Fitness,"January 5, 2018",4.11.8,4.1 and up
Happy Puzzle,LIFESTYLE,,5k,9.9M,"500,000+",Free,0,Everyone,Lifestyle,"June 21, 2018",5.15.3,4.4 and up
Pixel Flashlight 8,FAMILY,4.3,43257,Varies with device,"500,000+",Free,0,Everyone,Casual,"October 6, 2017",3.3.9,4.1 and up
Super Keyboard 11,FAMILY,4.5,138,17M,"5,000+",Free,0,Everyone,Casual,"October 4, 2016",7.7.9,4.4 and up
Cool Dictionary,MEDICAL,,11,23M,100+,Free,0,Everyone,Medical,"November 26, 2017",8.15.5,Varies with device
Pocket Keyboard 2,SOCIAL,4.2,140,Varies with device,"5,000+",Free,0,Everyone,Social,"April 7, 2016",8.3.2,4.0.3 and up
Simple Workout,FAMILY,4.3,8688,10M,"500,000+",Free,0,Everyone,Casual,"January 28, 2018",4.2.3,4.4 and up
Smart Weather 6,FAMILY,2.9,1137,12M,"50,000+",Free,0,Everyone,Casual,"April 17, 2018",7.17.3,4.0.3 and up
Super Chess 11,GAME,4.4,31,1.4M,"5,000+",Free,0,Everyone,Action,"April 23, 2018",2.7.8,4.0.3 and up
Pocket Scanner,MEDICAL,3.8,12k,Varies with device,"500,000+",Free,0,Everyone,Medical,"April 17, 2017",1.18.2,4.4 and up
Cool Bible,SOCIAL,3.9,1.6k,Varies with device,"100,000+",Free,0,Everyone,Social,"October 3, 2017",2.8.7,4.0.3 and up
Pixel Workout,FAMILY,,142577,Varies with device,"5,000,000+",Free,0,Everyone,Casual,"July 3, 2018",8.11.0,Varies with device
Simple Workout 5,SPORTS,4.3,54,26M,"5,000+",Free,0,Everyone,Sports,"April 21, 2018",4.5.3,Varies with device
Bright Translator 13,BOOKS_AND_REFERENCE,4.9,461864,8.5M,"50,000,000+",Free,0,Everyone,Books & Reference,"May 2, 2018",Varies with device,4.4 and up
Mini Diet Tracker 6,PRODUCTIVITY,3.4,162k,11M,"5,000,000+",Free,0,Everyone,Productivity,"July 22, 2018",7.14.4,4.4 and up
Daily Notes 17,PRODUCTIVITY,4.4,89,20M,"5,000+",Free,0,Everyone,Productivity,"January 12, 2018",2.9.0,4.1 and up
Simple Coloring Book,BOOKS_AND_REFERENCE,4.5,15559,21M,"500,000+",Paid,$2.99,Everyone,Books & Reference,"December 18, 2017",5.11.5,Varies with device
Smart Budget 8,GAME,4.7,55769,9.3M,"1,000,000+",Free,0,Everyone 10+,Action,"October 30, 2017",8.7.1,5.0 and up
Cool Recipes 16,COMMUNICATION,3.3,2240,Varies with device,"50,000+",Paid,$0.99,Everyone,Communication,"May 1, 2018",8.1.7,4.1 and up
Free Maps 14,TRAVEL_AND_LOCAL,4.1,4625,22M,"500,000+",Free,0,Everyone,Travel & Local,"July 23, 2018",6.15.0,4.0.3 and up
Pro Recipes,SHOPPING,4.5,1448,20M,"10,000+",Free,0,Everyone,Shopping,"May 10, 2017",6.12.2,4.4 and up
Quick VPN,TRAVEL_AND_LOCAL,4.6,15k,25M,"500,000+",Free,0,Everyone,Travel & Local,"April 19, 2018",6.2.0,4.4 and up
Pro Recipes,BUSINESS,3.6,1327,21M,"50,000+",Free,0,Mature 17+,Business,"November 23, 2017",6.16.3,5.0 and up
Free Weather,TRAVEL_AND_LOCAL,3.9,35k,17M,"5,000,000+",Free,0,Everyone,Travel & Local,"May 28, 2017",6.2.0,4.0.3 and up
Pro Photo Editor 3,SPORTS,3.6,412.5k,27M,"10,000,000+",Free,0,Mature 17+,Sports,"April 28, 2018",2.11.2,4.0.3 and up
Fast Bible,BUSINESS,4.4,120.5k,16M,"5,000,000+",Free,0,Everyone,Business,"June 1, 2018",6.11.5,Varies with device
Cool Keyboard 13,GAME,,86,Varies with device,"5,000+",Free,0,Everyone,Action,"February 27, 2018",4.9.5,5.0 and up
Ultimate Translator,LIFESTYLE,3.7,49711,Varies with device,"5,000,000+",Free,0,Everyone,Lifestyle,"October 15, 2017",3.0.3,5.0 and up
Easy Launcher 3,GAME,4.2,1.2M,49M,"50,000,000+",Free,0,Everyone,Action,"July 9, 2018",3.0.7,5.0 and up
Pixel Calendar,BOOKS_AND_REFERENCE,4.4,5682,19M,"500,000+",Free,0,Everyone,Books & Reference,"August 27, 2017",7.0.1,4.0.3 and up
Simple Chess,HEALTH_AND_FITNESS,4.1,22016,13M,"1,000,000+",Free,0,Everyone,Health & Fitness,"March 8, 2018",2.14.4,4.1 and up
Daily Puzzle,MAPS_AND_NAVIGATION,4.2,9958,13M,"500,000+",Free,0,Everyone,Maps & Navigation,"February 10, 2017",5.15.4,4.1 and up
Super Dictionary,PHOTOGRAPHY,4.2,65,37M,"1,000+",Free,0,Everyone,Photography,"September 8, 2017",2.9.7,4.1 and up
Pro Photo Editor 15,SPORTS,3.6,6.0k,24M,"500,000+",Free,0,Everyone,Sports,"December 19, 2017",4.13.4,4.4 and up
Easy Workout 8,SOCIAL,4.9,504,5.5M,"10,000+",Free,0,Everyone,Social,"July 31, 2018",4.4.2,5.0 and up
Secure Flashlight,FAMILY,3.8,14599,31M,"500,000+",Free,0,Everyone 10+,Casual,"July 9, 2017",6.0.9,4.0.3 and up
Daily Coloring Book 16,ART_AND_DESIGN,4.3,31,Varies with device,"1,000+",Free,0,Everyone,Art & Design,"March 25, 2016",6.11.3,Varies with device
Pixel Radio,MAPS_AND_NAVIGATION,3.6,67116,66M,"5,000,000+",Free,0,Everyone,Maps & Navigation,"December 18, 2015",6.13.6,4.1 and up
Happy Bible 6,EDUCATION,4.0,9,14M,100+,Paid,$4.99,Mature 17+,Education,"May 4, 2017",7.14.7,Varies with device
Free Launcher,BOOKS_AND_REFERENCE,4.0,2144,65M,"50,000+",Free,0,Everyone,Books & Reference,"July 24, 2018",2.19.4,4.4 and up
Super Puzzle 11,TOOLS,4.0,21,Varies with device,"1,000+",Free,0,Everyone,Tools,"May 20, 2016",6.10.4,4.1 and up
Quick Translator,MEDICAL,4.1,583,Varies with device,"50,000+",Free,0,Everyone,Medical,"March 20, 2018",6.2.1,4.4 and up
Smart Puzzle 19,SOCIAL,5.0,186,8.7M,"5,000+",Free,0,Everyone,Social,"January 28, 2017",8.18.4,4.0.3 and up
Free Workout,HEALTH_AND_FITNESS,3.3,3322,132k,"50,000+",Free,0,Everyone,Health & Fitness,"February 9, 2018",8.0.4,4.0.3 and up
Happy Keyboard,SPORTS,5.0,1831,8.3M,"50,000+",Free,0,Everyone,Sports,"February 16, 2018",6.1.8,Varies with device
Cool Radio,TOOLS,4.5,285,Varies with device,"50,000+",Free,0,Teen,Tools,"March 26, 2018",7.18.0,5.0 and up
Fast Calendar,PHOTOGRAPHY,4.2,6022,Varies with device,"500,000+",Free,0,Everyone,Photography,"August 1, 2017",4.8.6,4.4 and up
Pocket Puzzle,COMMUNICATION,4.4,355,8.6M,"5,000+",Free,0,Everyone,Communication,"May 29, 2017",3.1.4,4.4 and up
Ultimate Wallpapers,BOOKS_AND_REFERENCE,3.5,2226,37M,"100,000+",Free,0,Everyone,Books & Reference,"September 2, 2017",1.2.6,4.1 and up
Smart Scanner 17,BUSINESS,4.0,1673,81M,"50,000+",Free,0,Everyone,Business,"July 8, 2017",4.3.8,4.1 and up
Secure Notes 12,FAMILY,,21,Varies with device,500+,Free,0,Teen,Casual,"May 22, 2017",5.17.7,Varies with device
Pocket Dictionary,BOOKS_AND_REFERENCE,4.9,6042,26M,"100,000+",Free,0,Everyone,Books & Reference,"July 24, 2018",4.6.1,4.4 and up
Easy Puzzle,EDUCATION,4.7,459,757k,"5,000+",Free,0,Everyone,Education,"July 22, 2017",4.16.0,4.1 and up
Pro Calendar,PHOTOGRAPHY,4.0,735,17M,"50,000+",Free,0,Everyone,Photography,"June 28, 2018",6.11.0,4.0.3 and up
Ultimate Radio,PHOTOGRAPHY,3.9,647,Varies with device,"10,000+",Free,0,Everyone,Photography,"September 21, 2016",Varies with device,5.0 and up
Bright Launcher,BUSINESS,,2842,Varies with device,"100,000+",Free,0,Everyone,Business,"May 13, 2018",7.18.1,4.1 and up
Smart Keyboard,SHOPPING,5.0,36,22M,"5,000+",Free,0,Everyone,Shopping,"January 31, 2018",Varies with device,5.0 and up
Pro Flashlight,COMMUNICATION,4.3,14600,68M,"500,000+",Free,0,Everyone,Communication,"August 6, 2017",7.2.0,4.1 and up
Happy Maps,PRODUCTIVITY,4.5,3k,Varies with device,"50,000+",Free,0,Everyone,Productivity,"January 7, 2018",6.14.7,4.4 and up
Mini Photo Editor,GAME,3.9,461,19M,"50,000+",Free,0,Everyone,Action,"June 10, 2018",Varies with device,4.4 and up
Pocket Messenger 13,LIFESTYLE,4.4,2044,Varies with device,"100,000+",Free,0,Everyone,Lifestyle,"January 17, 2018",3.7.9,4.4 and up
Pixel Recipes,SOCIAL,4.2,224,2.0M,"5,000+",Free,0,Everyone 10+,Social,"June 29, 2017",2.17.4,4.4 and up
Free Puzzle,BUSINESS,4.2,68,9.4M,"1,000+",Free,0,Everyone,Business,"December 4, 2017",3.11.7,5.0 and up
Pocket Workout 13,EDUCATION,3.9,19,5.7M,"1,000+",Free,0,Everyone,Education,"February 8, 2018",8.15.6,4.4 and up
Mini Coloring Book,MEDICAL,3.7,3k,Varies with device,"50,000+",Free,0,Teen,Medical,"June 17, 2018",5.12.6,4.1 and up
Ultimate Keyboard,MAPS_AND_NAVIGATION,,393,18M,"10,000+",Free,0,Everyone,Maps & Navigation,"April 6, 2017",6.14.1,4.4 and up
Smart Puzzle,SPORTS,4.2,4k,Varies with device,"100,000+",Free,0,Everyone,Sports,"July 20, 2018",1.6.2,4.1 and up
Super Bible,FAMILY,4.7,8509,12M,"500,000+",Free,0,Everyone,Casual,"May 2, 2017",8.0.8,4.0.3 and up
Tiny Recipes,FAMILY,3.2,1286,26M,"50,000+",Free,0,Everyone,Casual,"June 23, 2017",5.4.1,4.4 and up
Mini Photo Editor,SPORTS,4.1,534,12M,"50,000+",Free,0,Everyone,Sports,"July 28, 2017",5.6.5,Varies with device
Fast Launcher,BOOKS_AND_REFERENCE,3.8,274,4.4M,"10,000+",Free,0,Everyone,Books & Reference,"April 22, 2017",6.18.5,5.0 and up
Bright Launcher,FAMILY,3.8,516,3.1M,"10,000+",Free,0,Everyone,Casual,"September 17, 2016",8.1.0,5.0 and up
Pocket Wallpapers 17,EDUCATION,4.3,8,43M,500+,Paid,$0.99,Everyone,Education,"March 6, 2016",4.8.1,5.0 and up
Fast Translator 10,MAPS_AND_NAVIGATION,4.3,1023,25M,"50,000+",Free,0,Everyone,Maps & Navigation,"July 15, 2018",6.1.8,4.1 and up
Ultimate VPN,BOOKS_AND_REFERENCE,4.3,40710,6.2M,"1,000,000+",Free,0,Everyone,Books & Reference,"February 19, 2017",4.10.1,4.4 and up
Daily Workout,FAMILY,3.9,1285,3.5M,"50,000+",Free,0,Everyone,Casual,"February 26, 2018",Varies with device,4.4 and up
Daily Budget,ENTERTAINMENT,4.4,193.0k,3.2M,"10,000,000+",Free,0,Everyone,Entertainment,"February 10, 2017",4.18.1,5.0 and up
Magic Launcher,PHOTOGRAPHY,4.6,280,18M,"10,000+",Free,0,Everyone,Photography,"December 29, 2016",2.0.7,Varies with device
Simple Launcher,HEALTH_AND_FITNESS,,1,20M,50+,Free,0,Everyone,Health & Fitness,"December 17, 2017",7.7.4,4.4 and up
Magic Chess,SHOPPING,4.4,1076,Varies with device,"50,000+",Free,0,Everyone,Shopping,"January 2, 2016",3.3.2,Varies with device
Magic Keyboard,MAPS_AND_NAVIGATION,5.0,4.2k,39M,"500,000+",Free,0,Everyone 10+,Maps & Navigation,"October 4, 2015",2.6.8,5.0 and up
Super Photo Editor,MEDICAL,3.6,8k,Varies with device,"100,000+",Free,0,Mature 17+,Medical,"February 25, 2017",4.6.9,4.4 and up
Fast Flashlight 4,SOCIAL,3.9,14849,7.3M,"1,000,000+",Free,0,Everyone,Social,"April 23, 2018",2.14.1,5.0 and up
Ultimate Maps 16,PHOTOGRAPHY,4.7,134,Varies with device,"5,000+",Free,0,Teen,Photography,"November 3, 2014",7.0.2,5.0 and up
Daily VPN,TOOLS,3.8,545202,4.6M,"50,000,000+",Free,0,Everyone,Tools,"September 9, 2016",5.6.5,5.0 and up
Secure Radio,LIFESTYLE,4.2,21,1.7M,500+,Free,0,Everyone,Lifestyle,"April 11, 2018",6.13.6,4.0.3 and up
Daily Coloring Book,GAME,4.0,987,823k,"50,000+",Free,0,Everyone,Action,"December 18, 2015",3.3.7,Varies with device
Bright Wallpapers 6,ENTERTAINMENT,4.0,2960,Varies with device,"100,000+",Free,0,Teen,Entertainment,"June 5, 2018",1.5.0,4.4 and up
Tiny Chess,GAME,3.6,1.2k,9.2M,"50,000+",Free,0,Everyone,Action,"June 17, 2018",3.11.2,5.0 and up
Free Puzzle,BOOKS_AND_REFERENCE,5.0,40,60M,"1,000+",Free,0,Everyone,Books & Reference,"September 20, 2016",7.3.6,4.4 and up
Pixel Coloring Book 9,SOCIAL,4.9,17908,Varies with device,"500,000+",Free,0,Everyone,Social,"December 31, 2016",1.4.0,5.0 and up
Pixel Messenger,PRODUCTIVITY,3.7,157,44M,"5,000+",Free,0,Everyone,Productivity,"March 10, 2017",5.12.5,4.4 and up
Ultimate Music Player 5,MEDICAL,4.0,291,19M,"5,000+",Paid,$9.99,Mature 17+,Medical,"October 22, 2016",5.19.4,Varies with device
Magic Workout 6,ENTERTAINMENT,4.4,236,16M,"10,000+",Free,0,Teen,Entertainment,"June 2, 2018",5.18.0,4.4 and up
Simple Photo Editor,TOOLS,4.0,164,8.4M,"5,000+",Free,0,Everyone,Tools,"July 25, 2015",3.13.8,4.1 and up
Super Notes 2,FAMILY,4.4,818,643k,"50,000+",Free,0,Everyone,Casual,"March 9, 2018",8.19.5,4.4 and up
Secure Workout,EDUCATION,4.0,7028,5.0M,"100,000+",Free,0,Everyone,Education,"January 4, 2018",Varies with device,4.0.3 and up
Fast Photo Editor,ENTERTAINMENT,4.4,27.1k,25M,"1,000,000+",Free,0,Mature 17+,Entertainment,"October 23, 2017",7.8.8,5.0 and up
Cool Radio,ENTERTAINMENT,4.0,5343,44M,"500,000+",Free,0,Everyone,Entertainment,"August 14, 2016",5.13.0,4.1 and up
Mini Workout,MEDICAL,,45869,11M,"5,000,000+",Free,0,Everyone,Medical,"January 16, 2018",3.18.1,4.4 and up
Quick Music Player,GAME,4.3,458,60M,"50,000+",Free,0,Everyone,Action,"July 20, 2017",4.19.6,Varies with device
Easy Wallpapers,ART_AND_DESIGN,3.7,2516,28M,"50,000+",Free,0,Everyone,Art & Design,"April 22, 2018",6.12.9,5.0 and up
Easy Weather 2,ENTERTAINMENT,,8,3.1M,500+,Free,0,Everyone,Entertainment,"September 1, 2017",7.17.7,4.1 and up
Mini Notes 18,LIFESTYLE,4.5,254,Varies with device,"5,000+",Free,0,Everyone,Lifestyle,"February 21, 2018",1.1.7,4.4 and up
Cool Workout,COMMUNICATION,4.5,173,2.8M,"5,000+",Free,0,Everyone,Communication,"May 2, 2017",6.13.0,4.4 and up
Star Flashlight,SHOPPING,3.9,220,24M,"10,000+",Paid,$0.99,Everyone,Shopping,"October 7, 2016",8.14.0,5.0 and up
Easy VPN,ART_AND_DESIGN,3.7,332,12M,"10,000+",Free,0,Everyone,Art & Design,"March 15, 2018",1.5.7,5.0 and up
Cool Radio,SPORTS,4.2,2914,Varies with device,"100,000+",Free,0,Everyone,Sports,,8.5.7,4.1 and up
Fast Budget,FINANCE,4.9,384.5k,46M,"5,000,000+",Paid,$4.99,Everyone,Finance,"January 10, 2018",6.17.8,4.0.3 and up
Ultimate Budget,LIFESTYLE,4.2,5,4.3M,100+,Free,0,Everyone,Lifestyle,"December 31, 2017",5.0.7,5.0 and up
Super VPN,ART_AND_DESIGN,4.0,542,9.8M,"50,000+",Free,0,Everyone,Art & Design,"December 27, 2017",Varies with device,4.4 and up
Pocket Messenger,TRAVEL_AND_LOCAL,3.7,5k,11M,"100,000+",Free,0,Everyone,Travel & Local,"November 24, 2017",6.14.4,5.0 and up
Mini Wallpapers,SOCIAL,4.0,789,84M,"50,000+",Free,0,Everyone,Social,"November 2, 2015",7.13.4,Varies with device
Bright Dictionary,FAMILY,4.6,58.3k,8.4M,"5,000,000+",Free,0,Everyone,Casual,"October 11, 2017",7.14.4,4.4 and up
Secure Radio 6,COMMUNICATION,3.8,180,Varies with device,"5,000+",Free,0,Everyone,Communication,"July 1, 2018",5.13.9,4.1 and up
Fast Scanner,ENTERTAINMENT,3.8,365,3.5M,"10,000+",Free,0,Everyone,Entertainment,"June 7, 2018",Varies with device,4.0.3 and up
Magic Maps,ENTERTAINMENT,4.0,4.1M,8.1M,"100,000,000+",Free,0,Everyone,Entertainment,"July 28, 2016",5.17.3,5.0 and up
Mini Dictionary,SHOPPING,4.6,650,12M,"50,000+",Free,0,Everyone,Shopping,"April 13, 2018",5.2.4,Varies with device
Pocket Flashlight,ART_AND_DESIGN,4.4,2005,25M,"50,000+",Free,0,Everyone,Art & Design,"March 31, 2018",6.8.0,5.0 and up
Pixel Calendar 12,PRODUCTIVITY,3.9,58,633k,500+,Free,0,Everyone,Productivity,"March 28, 2018",7.6.2,5.0 and up
Magic Photo Editor,FAMILY,4.8,11,6.1M,500+,Free,0,Everyone,Casual,"December 19, 2017",Varies with device,4.0.3 and up
Tiny Budget,FINANCE,3.8,134437,2.5M,"5,000,000+",Free,0,Everyone,Finance,"December 8, 2017",8.13.9,4.0.3 and up
Smart Flashlight 9,FAMILY,3.3,5k,17M,"500,000+",Free,0,Everyone,Casual,"May 17, 2017",7.0.6,4.0.3 and up
Tiny Budget 13,MEDICAL,4.1,30,12M,500+,Free,0,Everyone,Medical,"April 2, 2018",3.15.0,4.0.3 and up
Super Notes,SOCIAL,3.8,2k,Varies with device,"100,000+",Free,0,Everyone,Social,"April 29, 2018",6.10.2,4.0.3 and up
Happy Photo Editor 4,BOOKS_AND_REFERENCE,,134.1k,5.6M,"1,000,000+",Free,0,Teen,Books & Reference,"April 8, 2017",5.7.5,5.0 and up
Quick Keyboard 2,HEALTH_AND_FITNESS,4.4,85.0k,14M,"1,000,000+",Free,0,Everyone,Health & Fitness,"March 27, 2018",1.9.9,5.0 and up
Magic Coloring Book,TOOLS,4.6,2734,9.9M,"50,000+",Free,0,Everyone,Tools,"May 26, 2018",3.16.7,Varies with device
Smart Music Player,SPORTS,3.9,1049,56M,"50,000+",Free,0,Teen,Sports,"February 17, 2017",2.2.8,4.0.3 and up
Super Music Player,GAME,3.7,211,11M,"10,000+",Free,0,Everyone,Action,"January 8, 2018",5.18.1,4.0.3 and up
Simple Diet Tracker,PHOTOGRAPHY,3.9,5242,953k,"500,000+",Free,0,Everyone,Photography,"June 28, 2017",7.13.3,4.1 and up
Easy Puzzle 5,ART_AND_DESIGN,,122k,12M,"5,000,000+",Free,0,Everyone,Art & Design,"August 21, 2016",7.18.4,4.1 and up
Happy Diet Tracker,PHOTOGRAPHY,4.4,2,14M,50+,Free,0,Everyone,Photography,"August 12, 2017",4.19.9,4.0.3 and up
Easy Wallpapers,EDUCATION,4.5,65329,25M,"5,000,000+",Free,0,Everyone,Education,"April 3, 2017",4.16.8,4.1 and up
Ultimate Scanner,EDUCATION,5.0,34871,10M,"1,000,000+",Free,0,Everyone,Education,"July 24, 2018",6.1.5,4.0.3 and up
Simple Messenger,SPORTS,4.3,97241,Varies with device,"5,000,000+",Free,0,Mature 17+,Sports,"January 17, 2018",6.8.6,4.1 and up
Star Weather,SHOPPING,5.0,471,8.2M,"10,000+",Free,0,Everyone 10+,Shopping,"July 15, 2017",Varies with device,Varies with device
Bright Translator,SHOPPING,3.9,24k,16M,"1,000,000+",Free,0,Everyone 10+,Shopping,"November 12, 2015",6.16.2,4.1 and up
Bright Music Player,LIFESTYLE,4.3,10232,350k,"500,000+",Free,0,Teen,Lifestyle,"June 10, 2018",2.1.8,4.1 and up
Daily VPN,BOOKS_AND_REFERENCE,4.2,10k,30M,"500,000+",Free,0,Everyone,Books & Reference,"November 3, 2014",4.0.6,4.0.3 and up
Cool Flashlight,ENTERTAINMENT,4.6,96,19M,"5,000+",Free,0,Everyone,Entertainment,"November 25, 2017",4.4.3,4.0.3 and up
Magic Weather 5,FAMILY,,9,38M,100+,Free,0,Everyone,Casual,"October 19, 2017",5.13.3,4.1 and up
Simple Calendar 17,LIFESTYLE,,75,12M,"5,000+",Free,0,Everyone,Lifestyle,"December 20, 2014",2.18.7,4.0.3 and up
Smart Wallpapers 2,SPORTS,,4,40M,100+,Paid,$9.99,Teen,Sports,"May 17, 2016",5.17.0,Varies with device
Super Keyboard,TOOLS,4.1,7688,53M,"500,000+",Free,0,Teen,Tools,"June 26, 2018",5.7.4,4.1 and up
Magic Puzzle 3,LIFESTYLE,4.1,101k,Varies with device,"5,000,000+",Free,0,Teen,Lifestyle,"May 27, 2018",Varies with device,4.0.3 and up
Smart Scanner,MAPS_AND_NAVIGATION,4.0,3381,7.0M,"500,000+",Free,0,Everyone,Maps & Navigation,"June 14, 2018",7.0.9,5.0 and up
Star Budget 6,HEALTH_AND_FITNESS,4.7,21,18M,500+,Free,0,Teen,Health & Fitness,"April 1, 2018",7.14.0,4.1 and up
Easy Launcher,LIFESTYLE,4.4,11252,Varies with device,"500,000+",Free,0,Everyone,Lifestyle,"June 28, 2018",4.19.4,4.4 and up
Bright Bible,GAME,3.9,60,12M,"1,000+",Free,0,Everyone,Action,"June 2, 2018",Varies with device,4.0.3 and up
Daily Recipes,EDUCATION,4.4,19310,11M,"1,000,000+",Free,0,Everyone,Education,"November 25, 2016",8.7.6,5.0 and up
Magic Radio,FINANCE,4.3,372,7.7M,"10,000+",Paid,$4.99,Everyone,Finance,"December 14, 2016",5.17.7,4.0.3 and up
Bright Wallpapers 19,SOCIAL,3.5,379,Varies with device,"10,000+",Free,0,Everyone,Social,"July 16, 2017",6.17.1,4.0.3 and up
Cool Bible 8,BOOKS_AND_REFERENCE,3.7,38,7.4M,"5,000+",Free,0,Everyone,Books & Reference,"February 7, 2018",8.7.3,4.1 and up
Bright Dictionary 19,SPORTS,5.0,5941,23M,"500,000+",Free,0,Everyone,Sports,"January 13, 2018",6.12.2,4.0.3 and up
Simple Scanner,MEDICAL,4.0,501,100M,"50,000+",Free,0,Everyone,Medical,"May 5, 2018",6.16.8,4.4 and up
Super Coloring Book,GAME,4.3,11141,8.2M,"500,000+",Free,0,Teen,Action,"January 27, 2017",2.5.2,4.4 and up
Fast Weather,FINANCE,4.3,69,3.6M,"1,000+",Free,0,Teen,Finance,"July 25, 2018",8.10.3,4.0.3 and up
Happy Budget,BUSINESS,5.0,26,Varies with device,"1,000+",Free,0,Everyone,Business,"May 17, 2018",5.18.5,4.0.3 and up
Cool Keyboard 13,ENTERTAINMENT,4.1,564,3.9M,"50,000+",Paid,$0.99,Everyone,Entertainment,"June 4, 2016",7.16.4,4.0.3 and up
Pro Chess,FINANCE,3.8,9012,28M,"500,000+",Free,0,Everyone,Finance,"December 8, 2017",2.11.3,4.4 and up
Bright Photo Editor,BOOKS_AND_REFERENCE,4.3,74,11M,"5,000+",Free,0,Everyone,Books & Reference,"October 10, 2015",5.13.5,4.0.3 and up
Quick Music Player,GAME,4.3,1689,10.0M,"50,000+",Free,0,Everyone,Action,"March 30, 2018",5.1.6,5.0 and up
Fast Translator 17,FINANCE,4.1,39663,97M,"5,000,000+",Free,0,Mature 17+,Finance,"February 23, 2018",7.15.1,5.0 and up
Daily Wallpapers,TOOLS,4.8,79170,Varies with device,"5,000,000+",Paid,$2.99,Everyone,Tools,"August 6, 2017",4.1.1,4.4 and up
Tiny Keyboard,PRODUCTIVITY,4.5,473,25M,"10,000+",Free,0,Everyone,Productivity,"May 2, 2018",2.2.0,Varies with device
Ultimate Chess,SOCIAL,4.1,4k,45M,"100,000+",Free,0,Teen,Social,"March 8, 2017",3.6.7,4.0.3 and up
Free Messenger,BOOKS_AND_REFERENCE,,7,6.1M,100+,Free,0,Everyone,Books & Reference,"January 10, 2018",Varies with device,5.0 and up
Bright Launcher,BOOKS_AND_REFERENCE,4.3,8309,21M,"100,000+",Free,0,Mature 17+,Books & Reference,"June 8, 2018",1.6.4,4.4 and up
Cool Coloring Book,GAME,3.8,240,24M,"10,000+",Free,0,Teen,Action,"May 12, 2016",5.18.9,4.0.3 and up
Ultimate Budget 16,PRODUCTIVITY,3.8,21789,4.4M,"500,000+",Free,0,Everyone,Productivity,"March 7, 2018",1.4.6,4.0.3 and up
Daily Bible 12,ART_AND_DESIGN,3.9,834,Varies with device,"50,000+",Paid,$1.99,Everyone,Art & Design,"May 27, 2017",7.18.3,4.1 and up
Quick Dictionary,SPORTS,4.5,397,22M,"50,000+",Free,0,Everyone,Sports,"April 23, 2018",6.11.4,5.0 and up
Happy Coloring Book,EDUCATION,4.0,41125,20M,"5,000,000+",Free,0,Teen,Education,"November 12, 2017",5.12.9,5.0 and up
Pocket Scanner,SOCIAL,4.8,2604,655k,"50,000+",Free,0,Teen,Social,"January 2, 2017",4.9.5,4.0.3 and up
Happy Photo Editor,COMMUNICATION,4.2,1.8M,37M,"50,000,000+",Free,0,Everyone,Communication,"June 25, 2018",Varies with device,4.1 and up
Simple Scanner,TOOLS,3.6,540,Varies with device,"50,000+",Free,0,Everyone,Tools,"May 2, 2018",1.3.6,4.4 and up
Secure Translator,TOOLS,3.7,102,19M,"5,000+",Free,0,Everyone,Tools,"April 13, 2018",3.12.5,5.0 and up
Easy Puzzle,EDUCATION,3.9,4847,Varies with device,"500,000+",Free,0,Mature 17+,Education,"July 3, 2018",5.2.0,4.4 and up
Pro Budget 7,MEDICAL,4.4,216797,4.9M,"5,000,000+",Free,0,Everyone,Medical,"April 1, 2016",6.6.6,Varies with device
Easy Wallpapers,EDUCATION,3.8,29,2.8M,"5,000+",Free,0,Everyone,Education,"April 2, 2018",1.11.7,Varies with device
Mini Translator,SOCIAL,4.6,5,21M,100+,Free,0,Everyone,Social,"March 18, 2017",3.7.0,4.0.3 and up
Magic Diet Tracker,SHOPPING,4.8,59476,11M,"5,000,000+",Free,0,Teen,Shopping,"October 14, 2017",7.18.1,Varies with device
Bright VPN,ART_AND_DESIGN,4.8,71,Varies with device,"1,000+",Free,0,Everyone,Art & Design,"September 11, 2016",8.1.7,4.4 and up
Happy Launcher,ENTERTAINMENT,3.8,281,25M,"10,000+",Free,0,Everyone,Entertainment,"July 1, 2018",1.9.8,4.4 and up
Happy Photo Editor,SPORTS,4.3,11,20M,500+,Free,0,Mature 17+,Sports,"September 29, 2016",7.12.8,4.0.3 and up
Pixel Music Player,TOOLS,4.4,2227,Varies with device,"100,000+",Free,0,Everyone,Tools,"December 27, 2016",5.16.7,5.0 and up
Simple Keyboard,PHOTOGRAPHY,3.5,37308,43M,"5,000,000+",Paid,$0.99,Everyone,Photography,"February 14, 2017",4.19.8,5.0 and up
Magic Maps,SHOPPING,3.5,116k,19M,"1,000,000+",Free,0,Everyone,Shopping,"March 19, 2018",3.17.8,5.0 and up
Free Notes 7,HEALTH_AND_FITNESS,4.8,10k,8.7M,"100,000+",Free,0,Everyone,Health & Fitness,"May 14, 2017",4.15.9,5.0 and up
Free Weather,ENTERTAINMENT,,144460,5.0M,"5,000,000+",Free,0,Teen,Entertainment,"March 10, 2018",1.12.3,5.0 and up
Quick Flashlight,GAME,4.4,56,9.8M,"1,000+",Free,0,Everyone,Action,"September 28, 2017",2.1.6,4.1 and up
Quick Budget,COMMUNICATION,3.6,542,9.3M,"10,000+",Free,0,Everyone,Communication,"March 2, 2018",Varies with device,4.4 and up
Fast Scanner,COMMUNICATION,4.3,87,14M,"1,000+",Free,0,Everyone,Communication,"January 26, 2018",6.6.6,4.1 and up
Quick Maps,EDUCATION,3.8,558,27M,"50,000+",Free,0,Everyone,Education,"December 9, 2015",5.9.9,Varies with device
Daily Notes 15,PHOTOGRAPHY,3.4,228,4.2M,"10,000+",Free,0,Everyone,Photography,"October 29, 2017",3.6.1,4.1 and up
Super Chess,TOOLS,4.7,291.5k,8.4M,"5,000,000+",Free,0,Everyone,Tools,"January 17, 2017",1.4.5,4.4 and up
Secure Workout,SOCIAL,4.7,5k,10M,"100,000+",Free,0,Everyone,Social,"July 1, 2018",1.5.7,4.0.3 and up
Easy Recipes,GAME,4.3,21,8.8M,"1,000+",Free,0,Mature 17+,Action,"July 10, 2018",5.7.8,Varies with device
Easy Calendar 14,FINANCE,4.5,3,44M,50+,Free,0,Everyone,Finance,"April 12, 2017",Varies with device,4.0.3 and up
Ultimate Weather,BUSINESS,4.0,72,Varies with device,"5,000+",Free,0,Teen,Business,"December 6, 2017",Varies with device,4.4 and up
Super Workout,SHOPPING,4.7,18.5k,5.1M,"500,000+",Paid,$0.99,Everyone,Shopping,"June 30, 2017",8.19.4,4.4 and up
Fast Maps,SOCIAL,3.6,713,8.9M,"10,000+",Paid,$9.99,Mature 17+,Social,"May 29, 2018",3.13.8,4.1 and up
Star VPN,PHOTOGRAPHY,4.3,67538,10M,"5,000,000+",Paid,$2.99,Everyone,Photography,"May 8, 2018",6.6.1,4.0.3 and up
Super Scanner 9,FAMILY,4.1,12.1k,5.5M,"500,000+",Free,0,Everyone,Casual,"December 7, 2017",3.0.0,4.4 and up
Pro Coloring Book,FAMILY,3.9,1127,23M,"50,000+",Free,0,Everyone,Casual,"February 1, 2018",6.18.3,5.0 and up
Secure Wallpapers,BOOKS_AND_REFERENCE,4.0,66,86M,"5,000+",Free,0,Everyone,Books & Reference,"May 13, 2016",5.5.1,4.1 and up
Easy Keyboard,TOOLS,4.5,298k,31M,"10,000,000+",Free,0,Everyone,Tools,"October 6, 2017",1.5.5,5.0 and up
Pocket Dictionary,BUSINESS,5.0,11.8k,12M,"500,000+",Free,0,Mature 17+,Business,"June 17, 2016",7.18.4,Varies with device
Fast Translator,PHOTOGRAPHY,4.2,17063,13M,"500,000+",Free,0,Everyone,Photography,"August 12, 2016",7.4.6,5.0 and up
Easy Calendar,PRODUCTIVITY,4.5,14829,15M,"500,000+",Free,0,Everyone,Productivity,"December 24, 2016",3.5.2,4.4 and up
Pixel Diet Tracker,ENTERTAINMENT,4.5,16465,25M,"1,000,000+",Paid,$2.99,Everyone,Entertainment,"February 10, 2017",3.15.3,4.0.3 and up
Super Radio 15,ENTERTAINMENT,5.0,61,11M,"1,000+",Free,0,Everyone,Entertainment,"April 8, 2018",4.19.4,5.0 and up
Pixel Wallpapers,GAME,4.4,8,14M,100+,Free,0,Teen,Action,,Varies with device,Varies with device
Smart Music Player 15,FINANCE,4.7,26464,37M,"1,000,000+",Free,0,Everyone,Finance,"September 29, 2017",1.7.9,5.0 and up
Mini Coloring Book 17,EDUCATION,,51,28M,"5,000+",Free,0,Everyone,Education,"June 23, 2018",7.2.7,4.1 and up
Pro Calendar,GAME,4.1,48,4.9M,"5,000+",Free,0,Everyone,Action,"June 28, 2017",2.5.3,Varies with device
Cool Wallpapers,HEALTH_AND_FITNESS,4.0,337,9.6M,"50,000+",Free,0,Everyone,Health & Fitness,"February 9, 2018",3.4.5,Varies with device
Magic Budget,BOOKS_AND_REFERENCE,3.4,7.6k,Varies with device,"100,000+",Paid,$2.99,Everyone,Books & Reference,"October 6, 2017",1.3.5,4.4 and up
Easy Budget,FINANCE,4.4,13304,22M,"500,000+",Free,0,Everyone,Finance,"March 5, 2018",2.10.1,4.0.3 and up
Super VPN 6,TOOLS,4.6,244,13M,"5,000+",Free,0,Teen,Tools,"January 9, 2016",Varies with device,5.0 and up
Ultimate Maps,MEDICAL,3.6,0,14M,1+,Free,0,Everyone,Medical,"February 18, 2018",5.3.1,Varies with device
Magic Diet Tracker 9,FAMILY,4.7,859,3.8M,"50,000+",Free,0,Everyone,Casual,"August 24, 2017",7.3.6,Varies with device
Bright Calendar,PHOTOGRAPHY,3.5,3142,7.2M,"50,000+",Free,0,Everyone,Photography,"July 14, 2018",3.3.2,4.4 and up
Cool Dictionary,SPORTS,3.6,380,19M,"50,000+",Free,0,Everyone,Sports,"May 2, 2017",4.17.0,Varies with device
Tiny Launcher,COMMUNICATION,,213,5.9M,"10,000+",Free,0,Mature 17+,Communication,"March 26, 2018",2.1.1,5.0 and up
Star Chess 10,GAME,,10,1.8M,500+,Free,0,Everyone,Action,"September 4, 2017",1.14.2,Varies with device
Star Calendar,TOOLS,,0,16M,1+,Paid,$0.99,Mature 17+,Tools,"July 25, 2018",Varies with device,Varies with device
Magic Notes,GAME,3.8,480,13M,"5,000+",Free,0,Everyone,Action,"September 7, 2017",5.6.2,4.1 and up
Easy Chess,ENTERTAINMENT,4.5,4664,292k,"100,000+",Free,0,Everyone,Entertainment,"July 6, 2017",4.17.5,4.4 and up
Free Messenger,PHOTOGRAPHY,4.4,16,100M,100+,Free,0,Everyone,Photography,"November 14, 2015",8.18.9,4.1 and up
Super Flashlight,SPORTS,4.1,6.0k,Varies with device,"100,000+",Free,0,Teen,Sports,"September 18, 2017",8.3.1,4.0.3 and up
Pocket Radio,BUSINESS,4.7,52,2.8M,"5,000+",Free,0,Everyone,Business,"July 2, 2017",1.7.6,Varies with device
Pro Weather 17,SHOPPING,4.3,2k,Varies with device,"50,000+",Free,0,Everyone,Shopping,"November 13, 2017",5.12.5,5.0 and up
Ultimate Notes,MEDICAL,4.4,260,16M,"5,000+",Free,0,Everyone,Medical,"February 15, 2018",3.2.9,4.1 and up
Bright Chess 15,SPORTS,4.1,3788,20M,"50,000+",Free,0,Everyone,Sports,"June 8, 2017",Varies with device,5.0 and up
Fast Weather,EDUCATION,3.8,0,5.8M,1+,Free,0,Mature 17+,Education,"July 22, 2018",6.4.7,4.1 and up
Star Recipes,BUSINESS,4.4,18,53M,500+,Free,0,Everyone,Business,"August 22, 2017",3.5.5,4.1 and up
Happy Notes,GAME,4.3,26k,57M,"500,000+",Free,0,Everyone,Action,"July 3, 2018",2.19.7,Varies with device
Simple Radio,MAPS_AND_NAVIGATION,3.8,37253,3.9M,"500,000+",Free,0,Mature 17+,Maps & Navigation,"July 26, 2017",Varies with device,4.1 and up
Smart Bible,ENTERTAINMENT,3.5,30,13M,"1,000+",Free,0,Everyone,Entertainment,"October 20, 2017",5.9.4,4.0.3 and up
Tiny Coloring Book 15,BOOKS_AND_REFERENCE,4.1,3.6k,50M,"50,000+",Paid,$4.99,Everyone,Books & Reference,"October 12, 2017",4.6.0,4.1 and up
Easy Notes,EDUCATION,4.1,1,743k,50+,Free,0,Everyone,Education,"May 7, 2018",7.13.9,4.4 and up
Ultimate Music Player,FAMILY,4.4,0,29M,1+,Free,0,Everyone,Casual,"October 31, 2017",3.6.9,Varies with device
Easy Radio 9,COMMUNICATION,4.4,458,Varies with device,"10,000+",Free,0,Teen,Communication,"February 28, 2015",5.15.2,4.1 and up
Daily VPN,TOOLS,4.8,3k,Varies with device,"500,000+",Free,0,Everyone,Tools,"May 19, 2018",6.2.8,Varies with device
Simple Notes 13,PRODUCTIVITY,5.0,3310,Varies with device,"100,000+",Free,0,Everyone,Productivity,"June 4, 2018",2.19.0,4.4 and up
Daily Diet Tracker,COMMUNICATION,4.5,528,37M,"10,000+",Free,0,Everyone,Communication,"June 3, 2018",2.8.5,Varies with device
Pro Budget,EDUCATION,4.6,223,11M,"5,000+",Free,0,Everyone,Education,"May 20, 2018",4.9.6,5.0 and up
Pocket Coloring Book 2,FAMILY,4.7,7944,6.0M,"500,000+",Free,0,Teen,Casual,"July 4, 2018",2.2.8,4.0.3 and up
Daily VPN,TRAVEL_AND_LOCAL,4.8,10.7k,3.0M,"500,000+",Free,0,Everyone,Travel & Local,"May 14, 2017",4.0.0,Varies with device
Cool VPN,FAMILY,4.1,72,17M,"5,000+",Free,0,Everyone,Casual,"May 16, 2018",4.7.9,Varies with device
Mini Launcher,EDUCATION,4.5,72,Varies with device,"5,000+",Paid,$4.99,Everyone,Education,"May 2, 2017",3.13.9,4.4 and up
Simple Launcher 16,ENTERTAINMENT,3.6,4.6k,Varies with device,"50,000+",Free,0,Everyone,Entertainment,"July 10, 2018",Varies with device,5.0 and up
Ultimate VPN,TOOLS,4.7,641,6.0M,"50,000+",Free,0,Everyone,Tools,"March 15, 2018",7.11.9,Varies with device
Super Translator,ENTERTAINMENT,4.6,174,37M,"5,000+",Free,0,Everyone,Entertainment,"December 29, 2016",4.17.2,4.1 and up
Super Coloring Book 6,MAPS_AND_NAVIGATION,4.0,382,90M,"10,000+",Free,0,Everyone,Maps & Navigation,"December 23, 2017",8.9.8,4.0.3 and up
Fast Recipes,PHOTOGRAPHY,,15,Varies with device,500+,Free,0,Mature 17+,Photography,"April 21, 2018",Varies with device,5.0 and up
Quick Workout 17,GAME,4.4,0,Varies with device,1+,Paid,$2.99,Teen,Action,"July 12, 2017",7.17.7,5.0 and up
Quick Dictionary,BOOKS_AND_REFERENCE,4.4,57,4.1M,"1,000+",Free,0,Everyone,Books & Reference,"June 30, 2017",Varies with device,5.0 and up
Pocket Budget,SOCIAL,,92,6.2M,"5,000+",Free,0,Everyone,Social,"May 25, 2018",6.6.5,Varies with device
Tiny Messenger 7,LIFESTYLE,4.4,679,5.6M,"50,000+",Free,0,Everyone,Lifestyle,"November 23, 2017",8.11.7,4.4 and up
Star Puzzle,FINANCE,4.1,1.8k,3.3M,"50,000+",Free,0,Everyone,Finance,"July 21, 2017",7.18.0,4.4 and up
Ultimate Puzzle 12,EDUCATION,4.8,21979,7.5M,"500,000+",Free,0,Everyone,Education,"July 7, 2018",2.16.3,Varies with device
Pro Diet Tracker,TRAVEL_AND_LOCAL,4.1,798,41M,"50,000+",Free,0,Everyone,Travel & Local,"December 15, 2016",8.19.3,5.0 and up
Mini Radio 14,PHOTOGRAPHY,4.1,8k,28M,"500,000+",Free,0,Everyone,Photography,"May 12, 2017",8.5.8,4.1 and up
Ultimate Calendar 15,LIFESTYLE,4.0,46,32M,"5,000+",Free,0,Everyone,Lifestyle,"July 4, 2018",4.9.8,4.4 and up
Pocket Bible,SOCIAL,3.9,114,3.0M,"5,000+",Free,0,Everyone,Social,"May 27, 2018",7.6.6,Varies with device
Quick Bible 16,MEDICAL,4.0,973,7.1M,"50,000+",Free,0,Everyone,Medical,"December 22, 2017",7.4.7,4.0.3 and up
Ultimate Chess 10,MEDICAL,4.1,18483,Varies with device,"1,000,000+",Free,0,Everyone,Medical,"May 23, 2018",Varies with device,4.0.3 and up
Smart Weather 10,BUSINESS,3.7,28,16M,"1,000+",Free,0,Everyone,Business,"April 25, 2018",Varies with device,Varies with device
Mini Scanner,MAPS_AND_NAVIGATION,4.4,46,Varies with device,"5,000+",Free,0,Everyone,Maps & Navigation,"July 5, 2018",1.0.3,Varies with device
Smart Recipes 7,TOOLS,4.3,19216,4.4M,"500,000+",Free,0,Everyone,Tools,"May 31, 2018",1.6.5,4.1 and up
Star Photo Editor,SOCIAL,,61,Varies with device,"5,000+",Free,0,Everyone,Social,"June 9, 2018",Varies with device,4.0.3 and up
Ultimate Scanner 7,ART_AND_DESIGN,3.7,44,7.0M,"1,000+",Paid,$2.99,Everyone,Art & Design,"November 14, 2017",Varies with device,4.4 and up
Pocket Flashlight,TOOLS,3.5,256,5.6M,"10,000+",Free,0,Teen,Tools,"May 30, 2018",6.3.1,5.0 and up
Free Keyboard 5,PHOTOGRAPHY,4.8,146,18M,"5,000+",Free,0,Everyone,Photography,"December 28, 2017",8.3.1,4.4 and up
Simple Flashlight,MEDICAL,,12,36M,500+,Free,0,Everyone,Medical,"July 22, 2018",7.8.6,4.1 and up
Star Scanner,FINANCE,4.0,115368,47M,"5,000,000+",Free,0,Everyone,Finance,"May 17, 2017",2.0.4,4.4 and up
Pixel Photo Editor 9,SPORTS,4.5,5179,19M,"500,000+",Free,0,Teen,Sports,"February 7, 2018",1.7.7,Varies with device
Simple Bible,ART_AND_DESIGN,4.0,354,Varies with device,"10,000+",Free,0,Teen,Art & Design,"February 15, 2017",4.19.7,4.1 and up
Cool Wallpapers 10,ART_AND_DESIGN,3.8,54,100M,"1,000+",Free,0,Everyone,Art & Design,"June 4, 2016",Varies with device,Varies with device
Magic Messenger,PRODUCTIVITY,3.6,2929,23M,"100,000+",Paid,$9.99,Everyone,Productivity,"July 2, 2016",2.0.0,4.0.3 and up
Simple Photo Editor 2,SPORTS,4.6,38947,11M,"1,000,000+",Free,0,Everyone,Sports,"May 25, 2016",5.14.8,4.0.3 and up
Easy Diet Tracker,SHOPPING,4.3,470,35M,"10,000+",Free,0,Teen,Shopping,"June 22, 2017",7.10.4,Varies with device
Pro Puzzle,HEALTH_AND_FITNESS,4.1,131,Varies with device,"1,000+",Free,0,Everyone,Health & Fitness,"July 21, 2018",1.5.9,5.0 and up
Pocket Recipes,SPORTS,4.3,474324,13M,"50,000,000+",Free,0,Everyone,Sports,"May 5, 2018",7.8.1,5.0 and up
Quick Music Player,MAPS_AND_NAVIGATION,3.7,93,3.9M,"1,000+",Free,0,Everyone,Maps & Navigation,"October 30, 2017",2.8.8,Varies with device
Tiny Messenger,ENTERTAINMENT,4.6,4807,3.5M,"500,000+",Free,0,Everyone,Entertainment,"July 27, 2017",2.14.7,4.4 and up
Pro Wallpapers,SHOPPING,,9,21M,100+,Free,0,Everyone,Shopping,"September 29, 2017",2.15.9,Varies with device
Free Messenger 18,COMMUNICATION,4.5,11980,9.0M,"500,000+",Free,0,Mature 17+,Communication,"February 17, 2018",1.1.1,4.1 and up
Secure Diet Tracker,SOCIAL,4.4,352,2.8M,"50,000+",Free,0,Everyone,Social,"April 7, 2017",1.0.0,5.0 and up
Pocket VPN,BOOKS_AND_REFERENCE,4.3,348,6.1M,"10,000+",Free,0,Everyone,Books & Reference,"September 15, 2016",6.0.4,4.1 and up
Tiny Messenger,TRAVEL_AND_LOCAL,,5,16M,500+,Free,0,Everyone,Travel & Local,"April 20, 2018",5.2.2,4.0.3 and up
Fast Budget,TOOLS,4.1,5.8k,11M,"100,000+",Free,0,Mature 17+,Tools,"June 4, 2017",Varies with device,5.0 and up
Easy Wallpapers 4,SHOPPING,3.7,3807,17M,"500,000+",Free,0,Everyone,Shopping,"April 13, 2017",1.10.3,Varies with device
Secure Puzzle 7,PHOTOGRAPHY,3.7,122450,15M,"5,000,000+",Free,0,Everyone,Photography,"May 12, 2017",Varies with device,5.0 and up
Quick Flashlight,COMMUNICATION,4.6,19k,Varies with device,"1,000,000+",Free,0,Everyone 10+,Communication,"September 6, 2017",7.14.9,Varies with device
Mini Budget,LIFESTYLE,4.8,2k,11M,"100,000+",Free,0,Everyone,Lifestyle,"January 2, 2017",3.17.6,4.0.3 and up
Pixel Coloring Book,HEALTH_AND_FITNESS,4.8,54798,10M,"500,000+",Free,0,Everyone,Health & Fitness,"September 9, 2017",6.10.6,4.4 and up
Pocket Puzzle,MEDICAL,4.9,6479,29M,"100,000+",Free,0,Teen,Medical,"January 28, 2018",5.17.3,Varies with device
Star Photo Editor,BUSINESS,3.0,3782,42M,"50,000+",Free,0,Teen,Business,"January 30, 2017",4.5.9,Varies with device
Star Calendar 18,SHOPPING,4.2,133,4.3M,"10,000+",Free,0,Everyone,Shopping,"May 21, 2017",4.1.7,5.0 and up
Smart Translator,ART_AND_DESIGN,4.2,210,Varies with device,"10,000+",Free,0,Everyone,Art & Design,"June 8, 2018",7.19.4,4.0.3 and up
Easy Launcher,HEALTH_AND_FITNESS,4.6,6,Varies with device,500+,Free,0,Everyone,Health & Fitness,"January 13, 2017",Varies with device,5.0 and up
Star Music Player,TOOLS,3.8,2718,2.3M,"100,000+",Free,0,Everyone 10+,Tools,"July 14, 2018",8.13.8,4.1 and up
Simple Launcher,HEALTH_AND_FITNESS,4.2,321,13M,"10,000+",Free,0,Everyone,Health & Fitness,"February 17, 2018",Varies with device,5.0 and up
Tiny Photo Editor 8,GAME,4.0,732,30M,"5,000+",Free,0,Everyone,Action,"April 3, 2017",Varies with device,4.1 and up
Magic Dictionary,TRAVEL_AND_LOCAL,3.9,12k,2.7M,"500,000+",Paid,$9.99,Everyone,Travel & Local,"May 15, 2018",2.8.6,4.1 and up
Ultimate Flashlight 9,ART_AND_DESIGN,5.0,93817,10.0M,"1,000,000+",Free,0,Everyone,Art & Design,"August 22, 2017",7.18.6,4.0.3 and up
Pixel Dictionary 2,BUSINESS,3.6,1.5M,100M,"50,000,000+",Free,0,Everyone,Business,"July 11, 2018",1.7.2,4.4 and up
Bright VPN,EDUCATION,,4,21M,500+,Free,0,Everyone,Education,"October 5, 2016",8.11.7,4.0.3 and up
Ultimate Photo Editor,HEALTH_AND_FITNESS,4.3,135,3.6M,"5,000+",Free,0,Everyone,Health & Fitness,"October 27, 2016",6.17.4,4.1 and up
Smart Wallpapers,EDUCATION,4.7,2.1k,34M,"100,000+",Free,0,Mature 17+,Education,"May 22, 2018",1.0.6,Varies with device
Happy Flashlight,MEDICAL,4.3,549,Varies with device,"50,000+",Free,0,Everyone,Medical,"September 7, 2017",6.16.7,4.4 and up
Fast Diet Tracker 7,ENTERTAINMENT,3.6,2k,8.8M,"50,000+",Free,0,Teen,Entertainment,"January 13, 2018",8.15.3,4.4 and up
Free Photo Editor 16,HEALTH_AND_FITNESS,3.3,1.8k,Varies with device,"50,000+",Free,0,Everyone,Health & Fitness,"April 12, 2018",6.4.4,5.0 and up
Super Workout,LIFESTYLE,4.6,2k,3.1M,"100,000+",Free,0,Everyone,Lifestyle,"June 18, 2017",4.0.5,4.1 and up
Cool Photo Editor,TRAVEL_AND_LOCAL,4.2,24k,4.9M,"500,000+",Free,0,Everyone,Travel & Local,,2.19.4,4.1 and up
Secure Workout,SHOPPING,4.2,2k,Varies with device,"100,000+",Free,0,Everyone,Shopping,"July 29, 2017",2.13.1,4.4 and up
Fast Translator,HEALTH_AND_FITNESS,4.1,3,20M,100+,Free,0,Everyone,Health & Fitness,"September 15, 2016",7.18.4,Varies with device
Star VPN,HEALTH_AND_FITNESS,4.2,49.4k,36M,"5,000,000+",Free,0,Everyone,Health & Fitness,"July 31, 2018",7.1.7,4.4 and up
Free Scanner 17,MAPS_AND_NAVIGATION,4.8,21164,8.2M,"500,000+",Free,0,Everyone,Maps & Navigation,"February 17, 2018",Varies with device,4.0.3 and up
Daily Maps,SHOPPING,4.6,8,14M,500+,Free,0,Teen,Shopping,"February 26, 2017",5.1.4,4.1 and up
Quick Puzzle,HEALTH_AND_FITNESS,4.6,21,22M,"1,000+",Free,0,Teen,Health & Fitness,"September 29, 2016",3.13.3,4.0.3 and up
Tiny Calendar,MEDICAL,4.7,24,14M,500+,Free,0,Everyone,Medical,"August 2, 2018",4.12.1,4.4 and up
Tiny Coloring Book 11,EDUCATION,,7070,12M,"500,000+",Free,0,Everyone,Education,"April 7, 2017",6.12.2,4.0.3 and up
Star Workout 6,LIFESTYLE,3.4,938,Varies with device,"10,000+",Free,0,Everyone,Lifestyle,"September 15, 2016",4.16.3,4.1 and up
Star Recipes,SPORTS,4.2,1660,19M,"100,000+",Free,0,Everyone,Sports,"May 17, 2018",8.9.3,4.4 and up
Tiny Wallpapers,TRAVEL_AND_LOCAL,4.4,4,12M,500+,Free,0,Everyone,Travel & Local,"March 14, 2018",7.8.8,Varies with device
Magic Diet Tracker 13,BOOKS_AND_REFERENCE,3.4,629,5.0M,"10,000+",Free,0,Everyone,Books & Reference,"September 20, 2017",4.1.5,4.4 and up
Tiny Keyboard,SPORTS,5.0,649,4.3M,"50,000+",Free,0,Everyone,Sports,"May 24, 2017",Varies with device,4.0.3 and up
Pixel Translator,TRAVEL_AND_LOCAL,,0,43M,1+,Free,0,Everyone,Travel & Local,"April 6, 2017",4.7.8,4.0.3 and up
Tiny Chess,EDUCATION,4.1,11,8.0M,500+,Free,0,Everyone,Education,"April 19, 2018",2.16.5,5.0 and up
Star Workout,MEDICAL,5.0,74783,Varies with device,"5,000,000+",Free,0,Everyone,Medical,"May 9, 2018",4.4.7,4.0.3 and up
Smart Weather,BOOKS_AND_REFERENCE,3.4,7660,10M,"100,000+",Paid,$9.99,Everyone,Books & Reference,"July 7, 2018",8.11.5,5.0 and up
Secure Radio,ART_AND_DESIGN,5.0,51.0k,Varies with device,"5,000,000+",Free,0,Everyone,Art & Design,"January 20, 2017",3.10.0,Varies with device
Mini Coloring Book,FINANCE,4.6,658,Varies with device,"50,000+",Free,0,Everyone,Finance,"February 6, 2017",3.19.6,5.0 and up
Fast Budget,ENTERTAINMENT,4.1,15086,100M,"500,000+",Free,0,Everyone,Entertainment,"July 24, 2018",1.10.6,4.4 and up
Free Maps,BOOKS_AND_REFERENCE,5.0,30,11M,500+,Free,0,Everyone,Books & Reference,"April 27, 2017",4.0.5,Varies with device
Easy Translator 13,PRODUCTIVITY,3.7,635,8.5M,"10,000+",Free,0,Everyone,Productivity,"February 23, 2018",5.2.2,4.1 and up
Pixel Keyboard,SHOPPING,4.3,461,12M,"5,000+",Free,0,Teen,Shopping,"August 23, 2017",8.17.1,5.0 and up
Ultimate Flashlight 18,BOOKS_AND_REFERENCE,4.3,473.1k,10M,"10,000,000+",Free,0,Everyone,Books & Reference,"December 7, 2017",2.2.0,4.1 and up
Happy Maps 2,HEALTH_AND_FITNESS,4.7,2752,16M,"50,000+",Free,0,Everyone,Health & Fitness,"July 3, 2018",2.16.8,5.0 and up
Star Weather,BOOKS_AND_REFERENCE,4.1,22684,8.5M,"1,000,000+",Paid,$4.99,Teen,Books & Reference,"December 31, 2017",7.10.5,Varies with device
Ultimate Flashlight,PHOTOGRAPHY,3.6,22,17M,500+,Free,0,Everyone,Photography,"April 20, 2018",3.11.2,Varies with device
Smart Radio,ART_AND_DESIGN,,9,Varies with device,500+,Free,0,Everyone,Art & Design,"November 25, 2016",Varies with device,Varies with device
Tiny Wallpapers 14,PRODUCTIVITY,3.8,1078,10M,"50,000+",Free,0,Everyone,Productivity,"October 2, 2017",2.1.7,Varies with device
Pro Flashlight,FINANCE,4.2,2370,20M,"50,000+",Free,0,Mature 17+,Finance,"June 22, 2017",3.14.0,4.4 and up
Happy VPN,HEALTH_AND_FITNESS,3.7,619,10M,"50,000+",Free,0,Everyone,Health & Fitness,"August 17, 2017",Varies with device,4.0.3 and up
Pixel Launcher 5,TOOLS,4.0,96,12M,"5,000+",Free,0,Mature 17+,Tools,"May 23, 2015",8.2.1,4.4 and up
Magic Coloring Book 17,HEALTH_AND_FITNESS,,6.4k,15M,"50,000+",Free,0,Mature 17+,Health & Fitness,"January 13, 2018",Varies with device,Varies with device
Easy Launcher 7,FINANCE,4.4,243534,15M,"10,000,000+",Free,0,Mature 17+,Finance,"March 17, 2018",7.11.7,4.0.3 and up
Pocket Scanner,MAPS_AND_NAVIGATION,3.7,0,7.0M,1+,Free,0,Everyone 10+,Maps & Navigation,"July 27, 2017",Varies with device,4.4 and up
Fast Launcher,PRODUCTIVITY,3.6,16400,100M,"500,000+",Free,0,Everyone,Productivity,"April 27, 2018",6.3.3,4.4 and up
Cool Notes,PRODUCTIVITY,4.9,1255,3.3M,"50,000+",Free,0,Everyone,Productivity,"October 18, 2017",6.14.7,4.4 and up
Pro Wallpapers,BOOKS_AND_REFERENCE,4.1,20662,20M,"500,000+",Free,0,Teen,Books & Reference,"August 22, 2017",7.0.4,4.1 and up
Star VPN,FAMILY,,3,7.3M,50+,Free,0,Everyone,Casual,"August 23, 2016",3.13.0,4.0.3 and up
Free Wallpapers,COMMUNICATION,4.6,4.9k,4.3M,"500,000+",Free,0,Everyone,Communication,"January 1, 2016",6.14.3,4.1 and up
Secure Budget,SPORTS,4.3,340324,32M,"10,000,000+",Free,0,Teen,Sports,"May 27, 2018",2.3.1,4.1 and up
Fast Diet Tracker,PHOTOGRAPHY,4.0,930,2.4M,"10,000+",Free,0,Everyone,Photography,"June 13, 2018",Varies with device,4.4 and up
Easy VPN,ART_AND_DESIGN,4.3,2168,2.8M,"50,000+",Free,0,Mature 17+,Art & Design,"April 11, 2018",6.11.1,5.0 and up
Pocket Translator,MAPS_AND_NAVIGATION,4.2,3,25M,50+,Free,0,Everyone 10+,Maps & Navigation,"February 14, 2018",Varies with device,5.0 and up
Mini Messenger,EDUCATION,,639829,22M,"10,000,000+",Free,0,Teen,Education,"August 18, 2015",7.13.7,4.4 and up
Pro Diet Tracker 9,LIFESTYLE,,17,26M,500+,Paid,$1.99,Everyone,Lifestyle,"July 14, 2018",1.0.5,5.0 and up
Easy Launcher 5,SPORTS,4.0,186,Varies with device,"10,000+",Free,0,Everyone,Sports,"January 9, 2016",8.14.1,5.0 and up
Mini Workout 5,MAPS_AND_NAVIGATION,4.7,247,11M,"5,000+",Free,0,Everyone,Maps & Navigation,"January 2, 2018",3.1.9,5.0 and up
Quick Weather,HEALTH_AND_FITNESS,4.2,4356,17M,"100,000+",Free,0,Everyone,Health & Fitness,"November 22, 2017",4.19.9,Varies with device
Magic Notes,GAME,,779,16M,"5,000+",Free,0,Everyone,Action,"November 6, 2017",Varies with device,4.0.3 and up
Free Wallpapers,ENTERTAINMENT,4.1,5,19M,500+,Free,0,Everyone,Entertainment,"February 16, 2018",1.5.0,4.1 and up
Bright Launcher,LIFESTYLE,,146432,30M,"5,000,000+",Free,0,Everyone,Lifestyle,"June 27, 2017",7.18.9,4.1 and up
Pixel Photo Editor,EDUCATION,5.0,111k,4.4M,"1,000,000+",Free,0,Everyone,Education,"December 24, 2017",Varies with device,5.0 and up
Secure Music Player,EDUCATION,4.9,313,24M,"10,000+",Free,0,Everyone,Education,"November 12, 2017",2.19.1,5.0 and up
Happy Dictionary,TOOLS,4.1,855,4.6M,"50,000+",Free,0,Everyone,Tools,"November 15, 2017",3.11.7,4.1 and up
Simple Messenger,PHOTOGRAPHY,3.7,19078,12M,"500,000+",Free,0,Everyone,Photography,"May 19, 2018",Varies with device,5.0 and up
Tiny Maps,EDUCATION,,1.5M,4.3M,"50,000,000+",Free,0,Everyone,Education,"May 28, 2018",7.13.5,4.4 and up
Magic Radio 3,LIFESTYLE,4.8,854,9.5M,"10,000+",Free,0,Everyone,Lifestyle,"April 19, 2018",4.7.7,Varies with device
Free VPN 15,EDUCATION,4.0,42.9k,5.2M,"1,000,000+",Free,0,Everyone,Education,"April 3, 2016",Varies with device,4.0.3 and up
Pixel Keyboard,HEALTH_AND_FITNESS,,13,7.6M,500+,Paid,$2.99,Teen,Health & Fitness,"December 10, 2016",1.8.7,5.0 and up
Free Flashlight,TOOLS,3.8,504,21M,"50,000+",Free,0,Everyone,Tools,"March 18, 2018",5.13.1,Varies with device
Tiny Dictionary,ART_AND_DESIGN,5.0,482k,4.5M,"10,000,000+",Free,0,Everyone,Art & Design,"December 13, 2016",2.7.0,Varies with device
Tiny Messenger 12,FAMILY,3.7,433,3.7M,"5,000+",Free,0,Teen,Casual,"May 30, 2016",Varies with device,4.0.3 and up
Happy Wallpapers,LIFESTYLE,4.3,279,17M,"10,000+",Free,0,Everyone 10+,Lifestyle,"December 2, 2016",5.3.3,4.1 and up
Free Chess,FINANCE,4.7,20427,17M,"500,000+",Free,0,Teen,Finance,"October 17, 2016",8.10.5,4.0.3 and up
Simple Weather 6,COMMUNICATION,4.2,2036,62M,"50,000+",Paid,$9.99,Everyone,Communication,"March 21, 2015",5.15.2,5.0 and up
Smart Workout,PRODUCTIVITY,4.4,23k,3.2M,"1,000,000+",Free,0,Everyone,Productivity,"August 7, 2017",8.1.4,4.0.3 and up
Super Launcher,MAPS_AND_NAVIGATION,4.1,101,3.5M,"5,000+",Free,0,Everyone,Maps & Navigation,"September 16, 2017",6.2.8,4.1 and up
Tiny Keyboard,MAPS_AND_NAVIGATION,3.5,1.8k,Varies with device,"50,000+",Free,0,Everyone,Maps & Navigation,"April 17, 2018",6.7.6,4.0.3 and up
Cool Launcher 18,COMMUNICATION,3.4,44,7.5M,"5,000+",Free,0,Teen,Communication,"February 15, 2018",8.12.3,Varies with device
Magic Diet Tracker,COMMUNICATION,4.4,533,6.8M,"5,000+",Free,0,Teen,Communication,"June 28, 2016",8.8.6,4.0.3 and up
Secure Flashlight,PHOTOGRAPHY,3.8,0,3.0M,1+,Free,0,Everyone,Photography,"July 8, 2018",8.18.8,Varies with device
Bright Diet Tracker,ENTERTAINMENT,4.2,11149,11M,"500,000+",Free,0,Everyone,Entertainment,"June 2, 2018",Varies with device,Varies with device
Super Puzzle,MAPS_AND_NAVIGATION,5.0,3179,Varies with device,"50,000+",Free,0,Everyone,Maps & Navigation,"March 18, 2017",6.15.0,4.4 and up
Cool Recipes 16,EDUCATION,4.1,0,4.7M,1+,Free,0,Everyone,Education,"February 15, 2017",8.11.7,Varies with device
Daily Workout,FINANCE,4.3,761,50M,"50,000+",Free,0,Teen,Finance,"December 26, 2017",3.3.5,4.0.3 and up
Cool Chess,TRAVEL_AND_LOCAL,4.2,2852,48M,"50,000+",Free,0,Everyone,Travel & Local,"July 8, 2018",8.4.2,4.0.3 and up
Free Calendar,SOCIAL,4.5,44736,5.2M,"5,000,000+",Free,0,Teen,Social,"October 27, 2015",3.13.2,4.4 and up
Magic Photo Editor,PRODUCTIVITY,4.4,377,18M,"50,000+",Free,0,Everyone 10+,Productivity,"December 19, 2016",6.4.9,4.1 and up
Happy Weather 9,TOOLS,4.4,13495,Varies with device,"1,000,000+",Free,0,Everyone,Tools,"January 2, 2018",Varies with device,4.4 and up
Bright Bible 13,MAPS_AND_NAVIGATION,,6,8.7M,500+,Free,0,Everyone,Maps & Navigation,"November 19, 2017",1.1.2,4.0.3 and up
Pocket Scanner 17,FINANCE,4.3,1518,12M,"100,000+",Paid,$0.99,Everyone 10+,Finance,"June 22, 2018",2.7.8,4.0.3 and up
Fast Workout,BUSINESS,3.8,177905,12M,"10,000,000+",Free,0,Everyone,Business,"April 11, 2018",8.10.4,4.1 and up
Happy Translator 12,GAME,4.3,943,9.8M,"50,000+",Free,0,Everyone,Action,"July 11, 2017",7.11.2,4.1 and up
Easy Bible 13,FINANCE,4.1,498833,9.1M,"50,000,000+",Free,0,Everyone,Finance,"April 6, 2017",1.15.9,4.4 and up
Pixel Scanner,ENTERTAINMENT,3.4,2347,2.9M,"50,000+",Free,0,Everyone,Entertainment,"February 20, 2018",4.8.6,4.0.3 and up
Quick Launcher,LIFESTYLE,4.2,399408,7.9M,"10,000,000+",Free,0,Everyone,Lifestyle,"April 11, 2017",5.11.7,4.4 and up
Cool Coloring Book 10,MAPS_AND_NAVIGATION,,12,2.5M,500+,Free,0,Everyone,Maps & Navigation,"April 16, 2018",8.11.3,5.0 and up
Cool Workout 12,MAPS_AND_NAVIGATION,3.2,724,48M,"50,000+",Free,0,Everyone,Maps & Navigation,"December 24, 2017",8.17.7,5.0 and up
Ultimate Bible,BUSINESS,3.8,22,39M,500+,Free,0,Everyone,Business,"May 4, 2018",3.16.8,4.0.3 and up
Mini Maps,TRAVEL_AND_LOCAL,4.7,5699,13M,"50,000+",Free,0,Everyone,Travel & Local,"February 11, 2018",Varies with device,Varies with device
Star Bible,PRODUCTIVITY,4.6,302,15M,"10,000+",Free,0,Everyone 10+,Productivity,"November 18, 2017",4.6.3,4.4 and up
Pro Keyboard,ENTERTAINMENT,3.7,584,6.6M,"5,000+",Free,0,Everyone,Entertainment,"February 23, 2017",8.5.9,Varies with device
Star Coloring Book,PHOTOGRAPHY,4.2,5756,103k,"500,000+",Free,0,Teen,Photography,"May 27, 2018",1.14.7,Varies with device
Simple Scanner,ENTERTAINMENT,,14,12M,500+,Free,0,Everyone,Entertainment,"November 2, 2016",7.1.4,5.0 and up
Daily Recipes,PRODUCTIVITY,4.3,156,14M,"10,000+",Free,0,Mature 17+,Productivity,"October 15, 2016",8.7.0,4.1 and up
Happy Calendar,COMMUNICATION,3.4,2005,16M,"100,000+",Free,0,Everyone,Communication,"June 13, 2018",4.16.5,Varies with device
Tiny VPN,PRODUCTIVITY,3.4,42,21M,"1,000+",Free,0,Everyone 10+,Productivity,"June 30, 2018",2.12.4,4.1 and up
Super Maps,SPORTS,4.0,213,9.9M,"10,000+",Paid,$0.99,Everyone,Sports,"June 21, 2018",Varies with device,Varies with device
Free Chess,MEDICAL,4.8,99,21M,"5,000+",Paid,$4.99,Mature 17+,Medical,"September 15, 2016",2.10.9,4.1 and up
Quick Recipes,PRODUCTIVITY,4.1,434,6.6M,"50,000+",Free,0,Mature 17+,Productivity,"January 24, 2018",3.9.7,4.4 and up
Easy Dictionary,MAPS_AND_NAVIGATION,3.7,7160,10M,"500,000+",Free,0,Mature 17+,Maps & Navigation,"July 30, 2018",3.7.0,4.1 and up
Ultimate Workout,GAME,4.7,420,27M,"10,000+",Free,0,Everyone,Action,"April 18, 2018",3.4.1,4.1 and up
Cool Music Player,BUSINESS,3.7,3,79M,500+,Free,0,Everyone,Business,"August 11, 2016",6.12.4,Varies with device
Pixel Launcher,EDUCATION,3.8,67,19M,"5,000+",Free,0,Everyone,Education,"February 20, 2017",Varies with device,Varies with device
Easy Radio,HEALTH_AND_FITNESS,4.2,692,Varies with device,"10,000+",Free,0,Everyone,Health & Fitness,"January 20, 2018",3.10.3,4.0.3 and up
Easy Wallpapers,TRAVEL_AND_LOCAL,4.6,144,30M,"10,000+",Free,0,Everyone,Travel & Local,"December 22, 2017",2.17.5,Varies with device
Quick Flashlight,PRODUCTIVITY,4.1,113,34M,"5,000+",Free,0,Everyone,Productivity,"February 18, 2018",7.12.8,5.0 and up
Easy Dictionary,EDUCATION,4.2,429,Varies with device,"10,000+",Free,0,Everyone,Education,"November 28, 2016",Varies with device,4.1 and up
Happy Recipes,SOCIAL,4.3,10837,8.3M,"500,000+",Free,0,Everyone,Social,,2.2.0,4.1 and up
Daily Dictionary,EDUCATION,4.0,78,17M,"5,000+",Free,0,Everyone,Education,"June 2, 2017",3.15.6,4.0.3 and up
Cool Workout,TOOLS,4.1,135,Varies with device,"5,000+",Free,0,Everyone,Tools,"January 3, 2018",Varies with device,4.4 and up
Quick Recipes 3,TOOLS,4.4,460,21M,"5,000+",Free,0,Everyone,Tools,"July 10, 2018",1.7.9,4.0.3 and up
Pro Workout 15,GAME,3.6,44.7k,Varies with device,"5,000,000+",Paid,$2.99,Everyone,Action,"April 30, 2018",Varies with device,4.0.3 and up
Bright Dictionary,ART_AND_DESIGN,4.0,12k,13M,"500,000+",Free,0,Everyone,Art & Design,"April 13, 2016",4.9.3,5.0 and up
Star Recipes,ENTERTAINMENT,4.5,34k,19M,"500,000+",Free,0,Everyone,Entertainment,"June 2, 2018",5.3.7,4.0.3 and up
Secure Translator,SPORTS,,717,8.2M,"10,000+",Paid,$2.99,Everyone,Sports,"May 12, 2018",2.13.0,4.4 and up
Star VPN,SHOPPING,4.5,13402,22M,"500,000+",Free,0,Everyone,Shopping,"June 19, 2018",6.8.2,Varies with device
Easy Coloring Book,FINANCE,3.9,53911,740k,"1,000,000+",Free,0,Everyone,Finance,"February 24, 2018",1.7.6,5.0 and up
Magic Wallpapers,MAPS_AND_NAVIGATION,4.2,0,2.7M,1+,Free,0,Everyone,Maps & Navigation,"July 16, 2018",6.1.9,4.4 and up
Daily Dictionary,SPORTS,4.2,483,36M,"10,000+",Free,0,Everyone,Sports,"January 28, 2018",1.8.1,5.0 and up
Star Bible 6,BUSINESS,4.1,18k,32M,"1,000,000+",Free,0,Everyone,Business,"January 8, 2016",Varies with device,4.4 and up
Tiny Music Player,SPORTS,4.3,2.3k,6.6M,"100,000+",Free,0,Everyone,Sports,"May 13, 2018",5.6.5,5.0 and up
Pixel Chess,BUSINESS,3.5,142,Varies with device,"5,000+",Free,0,Everyone,Business,"February 8, 2018",8.18.6,5.0 and up
Pro Photo Editor,ART_AND_DESIGN,4.8,0,21M,1+,Paid,$4.99,Everyone,Art & Design,"May 14, 2017",Varies with device,4.0.3 and up
Cool Recipes 17,MAPS_AND_NAVIGATION,3.9,1970,16M,"50,000+",Paid,$2.99,Teen,Maps & Navigation,"August 30, 2017",5.3.7,4.0.3 and up
Quick Coloring Book,TOOLS,4.2,77,6.2M,"5,000+",Free,0,Everyone,Tools,"July 6, 2016",4.16.7,4.1 and up
Tiny Launcher,MEDICAL,3.5,1899,8.0M,"100,000+",Paid,$0.99,Everyone,Medical,"December 16, 2017",3.0.3,Varies with device
Secure Chess 9,FINANCE,,19,4.9M,"1,000+",Free,0,Everyone,Finance,"January 19, 2018",3.19.7,Varies with device
Simple Coloring Book 17,HEALTH_AND_FITNESS,5.0,538,1.8M,"10,000+",Free,0,Everyone,Health & Fitness,"July 21, 2018",6.16.2,4.4 and up
Super Bible,LIFESTYLE,3.9,65,25M,"1,000+",Free,0,Everyone,Lifestyle,"July 20, 2018",7.1.6,Varies with device
Pocket Radio,TOOLS,,4779,9.4M,"500,000+",Free,0,Teen,Tools,"November 10, 2017",1.10.7,4.4 and up
Pro Calendar,EDUCATION,,2872,17M,"100,000+",Free,0,Everyone,Education,"August 1, 2018",2.15.1,Varies with device
Secure Bible 9,COMMUNICATION,3.5,1593,20M,"50,000+",Free,0,Everyone,Communication,"February 5, 2016",7.13.2,4.0.3 and up
Magic Diet Tracker,BOOKS_AND_REFERENCE,4.1,12295,15M,"500,000+",Free,0,Everyone,Books & Reference,"December 17, 2017",7.9.9,5.0 and up
Tiny Calendar,GAME,3.6,132886,100M,"5,000,000+",Free,0,Everyone,Action,"January 8, 2018",8.19.0,4.4 and up
Secure Coloring Book 17,HEALTH_AND_FITNESS,3.8,43109,Varies with device,"1,000,000+",Free,0,Everyone,Health & Fitness,"November 28, 2017",5.0.5,4.1 and up
Easy Keyboard,FAMILY,4.6,292,Varies with device,"10,000+",Paid,$2.99,Everyone,Casual,"July 7, 2018",7.3.1,5.0 and up
Quick Launcher,FAMILY,4.7,488,9.1M,"50,000+",Free,0,Everyone,Casual,"October 9, 2017",6.15.5,4.1 and up
Cool Flashlight 8,SOCIAL,,224,4.8M,"5,000+",Free,0,Everyone,Social,"June 30, 2016",7.17.2,Varies with device
Ultimate Bible,ART_AND_DESIGN,4.5,29,4.3M,"1,000+",Free,0,Everyone,Art & Design,"July 15, 2018",7.2.9,Varies with device
Star Weather,BUSINESS,3.8,3651,25M,"100,000+",Free,0,Everyone,Business,"July 6, 2017",5.2.5,4.4 and up
Star Bible,FINANCE,,4344,67M,"100,000+",Free,0,Everyone,Finance,"March 7, 2017",2.17.2,5.0 and up
Pocket Recipes,SPORTS,4.2,12k,4.6M,"500,000+",Free,0,Everyone,Sports,"January 10, 2017",6.10.6,Varies with device
Happy Notes,COMMUNICATION,4.3,25,30M,"1,000+",Free,0,Teen,Communication,"March 21, 2018",3.18.6,5.0 and up
Smart Bible,HEALTH_AND_FITNESS,4.3,12,Varies with device,500+,Free,0,Everyone,Health & Fitness,"June 16, 2017",Varies with device,4.1 and up
Magic Dictionary,EDUCATION,,74,29M,"5,000+",Free,0,Everyone,Education,,5.19.6,5.0 and up
Pocket Flashlight,EDUCATION,4.6,1291,9.9M,"50,000+",Free,0,Mature 17+,Education,"April 6, 2018",7.13.2,Varies with device
Smart Scanner 3,SOCIAL,4.1,87,7.7M,"5,000+",Free,0,Everyone,Social,"January 28, 2018",Varies with device,Varies with device
Bright Keyboard,FAMILY,,16,27M,500+,Free,0,Everyone,Casual,"April 17, 2017",3.12.7,4.0.3 and up
Happy Dictionary,LIFESTYLE,4.1,678,Varies with device,"50,000+",Free,0,Teen,Lifestyle,"July 18, 2017",6.8.9,4.1 and up
Star Keyboard,LIFESTYLE,4.4,3273,7.6M,"50,000+",Free,0,Everyone,Lifestyle,"July 5, 2017",2.16.0,4.4 and up
Mini Recipes,BUSINESS,4.0,563,8.4M,"50,000+",Free,0,Everyone,Business,"August 9, 2017",4.11.8,5.0 and up
Quick Wallpapers,MEDICAL,3.2,222,9.5M,"5,000+",Free,0,Everyone 10+,Medical,"January 4, 2018",4.17.4,Varies with device
Cool Budget,ENTERTAINMENT,4.3,29,Varies with device,"1,000+",Free,0,Everyone,Entertainment,"November 22, 2016",3.13.7,5.0 and up
Pixel Maps,SOCIAL,3.7,5326,14M,"500,000+",Free,0,Everyone,Social,"January 26, 2017",8.19.9,Varies with device
Easy Calendar,BOOKS_AND_REFERENCE,4.6,152,3.5M,"10,000+",Free,0,Teen,Books & Reference,"June 20, 2018",1.16.0,4.4 and up
Bright Chess,FAMILY,3.9,44,12M,"5,000+",Free,0,Everyone,Casual,"June 13, 2016",6.5.4,Varies with device
Bright Flashlight,BOOKS_AND_REFERENCE,3.8,2k,33M,"100,000+",Free,0,Everyone,Books & Reference,"June 25, 2018",Varies with device,5.0 and up
Quick Puzzle,PHOTOGRAPHY,4.3,363,10M,"5,000+",Free,0,Everyone,Photography,"January 31, 2018",2.16.7,5.0 and up
Tiny Translator 9,SPORTS,4.0,5,15M,100+,Free,0,Everyone,Sports,"June 28, 2018",4.14.5,4.4 and up
Easy Puzzle,PRODUCTIVITY,,2670,7.7M,"100,000+",Free,0,Everyone,Productivity,"August 8, 2016",Varies with device,4.1 and up
Secure Keyboard,LIFESTYLE,4.1,13754,15M,"500,000+",Free,0,Everyone,Lifestyle,"April 10, 2018",1.2.8,4.0.3 and up
Pocket Diet Tracker,ENTERTAINMENT,4.6,57,17M,"5,000+",Free,0,Everyone,Entertainment,"October 27, 2017",7.2.2,5.0 and up
Ultimate Flashlight,HEALTH_AND_FITNESS,4.1,9.0k,20M,"500,000+",Free,0,Everyone,Health & Fitness,"October 12, 2017",Varies with device,4.1 and up
Cool Coloring Book 16,PHOTOGRAPHY,4.6,245,Varies with device,"5,000+",Free,0,Everyone,Photography,"February 9, 2017",Varies with device,Varies with device
Happy Maps 4,LIFESTYLE,4.0,7,54k,500+,Free,0,Mature 17+,Lifestyle,"June 27, 2017",6.12.7,5.0 and up
Happy Recipes,FAMILY,4.3,69,Varies with device,"5,000+",Free,0,Everyone,Casual,"November 6, 2017",5.0.9,4.1 and up
Tiny Maps,SPORTS,4.0,199,3.2M,"5,000+",Paid,$9.99,Everyone,Sports,"August 2, 2017",5.18.9,Varies with device
Magic Chess,ART_AND_DESIGN,4.2,90,52M,"5,000+",Free,0,Everyone,Art & Design,"May 30, 2018",6.10.2,4.1 and up
Easy Wallpapers,HEALTH_AND_FITNESS,4.8,488674,19M,"5,000,000+",Free,0,Mature 17+,Health & Fitness,"July 24, 2017",7.18.1,4.4 and up
Magic VPN,COMMUNICATION,4.3,112,Varies with device,"5,000+",Free,0,Everyone,Communication,"March 29, 2018",7.12.4,4.0.3 and up
Fast Launcher,COMMUNICATION,3.5,4595,9.4M,"100,000+",Free,0,Everyone 10+,Communication,"December 22, 2017",2.17.6,Varies with device
Quick Coloring Book 10,PRODUCTIVITY,3.9,39,15M,"5,000+",Free,0,Everyone,Productivity,"August 7, 2017",4.14.7,4.1 and up
Quick Dictionary,BUSINESS,3.8,195,7.1M,"5,000+",Free,0,Everyone,Business,"April 1, 2018",2.14.4,Varies with device
Smart Dictionary 3,BUSINESS,3.6,3954,Varies with device,"50,000+",Free,0,Everyone 10+,Business,"September 9, 2017",7.5.8,4.0.3 and up
Pocket Keyboard,SOCIAL,4.3,96,Varies with device,"5,000+",Free,0,Everyone,Social,"February 26, 2016",7.17.8,4.4 and up
Tiny Photo Editor,COMMUNICATION,4.1,15685,1.6M,"500,000+",Free,0,Everyone,Communication,"March 17, 2017",Varies with device,4.0.3 and up
Free Notes,EDUCATION,4.3,2779,33M,"100,000+",Free,0,Everyone,Education,"June 14, 2017",2.8.8,5.0 and up
Daily Scanner,TOOLS,3.9,4281,3.3M,"500,000+",Free,0,Everyone,Tools,"November 5, 2017",5.0.6,4.1 and up
Ultimate Bible,TOOLS,4.2,3880,8.6M,"500,000+",Free,0,Everyone,Tools,"November 3, 2017",1.17.0,4.1 and up
Secure Puzzle,MEDICAL,4.0,1479,13M,"50,000+",Paid,$0.99,Everyone,Medical,"February 3, 2018",5.5.5,5.0 and up
Magic Budget,SHOPPING,,1,2.4M,10+,Free,0,Everyone,Shopping,"February 8, 2017",5.7.5,Varies with device
Free Dictionary,ART_AND_DESIGN,3.8,2k,48M,"50,000+",Free,0,Mature 17+,Art & Design,"April 14, 2017",1.11.0,4.1 and up
Ultimate Maps,BUSINESS,3.0,20,492k,500+,Free,0,Everyone,Business,"March 4, 2018",8.13.0,4.0.3 and up
Cool Workout,TOOLS,3.8,960,9.3M,"50,000+",Free,0,Everyone,Tools,"July 4, 2018",2.9.0,4.1 and up
Bright Diet Tracker,ENTERTAINMENT,4.1,9454,29M,"500,000+",Paid,$9.99,Everyone,Entertainment,"February 8, 2017",8.16.9,5.0 and up
Cool VPN 5,BOOKS_AND_REFERENCE,4.0,38952,4.7M,"1,000,000+",Free,0,Teen,Books & Reference,"February 27, 2016",8.8.0,4.4 and up
Free Chess,MEDICAL,4.5,284,28M,"50,000+",Free,0,Everyone,Medical,"August 14, 2017",1.11.8,4.0.3 and up
Pocket Photo Editor,ENTERTAINMENT,4.3,2398,3.6M,"100,000+",Free,0,Mature 17+,Entertainment,"May 15, 2017",3.0.2,5.0 and up
Fast Notes,SHOPPING,4.7,51,79M,500+,Free,0,Everyone,Shopping,"May 15, 2017",8.17.9,4.4 and up
Cool Coloring Book,HEALTH_AND_FITNESS,3.7,18.3k,41M,"1,000,000+",Free,0,Everyone,Health & Fitness,"August 24, 2017",7.13.5,4.1 and up
Daily Dictionary 10,HEALTH_AND_FITNESS,3.7,23,Varies with device,500+,Free,0,Teen,Health & Fitness,"July 11, 2017",Varies with device,Varies with device
Fast Translator,EDUCATION,4.5,908,Varies with device,"50,000+",Free,0,Everyone,Education,"January 10, 2018",Varies with device,4.0.3 and up
Super Puzzle,MEDICAL,4.2,6,14M,100+,Free,0,Everyone,Medical,"September 9, 2017",8.6.4,4.4 and up
Easy Dictionary 14,PHOTOGRAPHY,3.6,4635,45M,"100,000+",Free,0,Everyone,Photography,"July 2, 2016",8.17.9,4.4 and up
Quick Recipes,LIFESTYLE,4.3,4312,13M,"500,000+",Free,0,Everyone,Lifestyle,"March 5, 2018",6.15.4,Varies with device
Free Music Player,BUSINESS,4.4,821,3.3M,"50,000+",Free,0,Everyone,Business,"May 2, 2018",6.0.6,4.4 and up
Simple Translator,SPORTS,4.4,11,16M,500+,Free,0,Everyone,Sports,"July 23, 2018",6.7.5,Varies with device
Pro Puzzle,LIFESTYLE,,0,25M,1+,Free,0,Everyone 10+,Lifestyle,"March 4, 2018",4.17.0,4.0.3 and up
Mini Chess,ENTERTAINMENT,5.0,987,4.8M,"50,000+",Free,0,Everyone,Entertainment,"October 25, 2016",7.0.8,5.0 and up
Pocket Keyboard,SPORTS,3.6,101,24M,"5,000+",Free,0,Teen,Sports,"August 2, 2018",6.8.1,5.0 and up
Happy Photo Editor,ENTERTAINMENT,4.1,6588,54M,"100,000+",Paid,$1.99,Everyone,Entertainment,"December 27, 2016",8.9.9,Varies with device
Pro Dictionary,SOCIAL,4.2,295549,45M,"5,000,000+",Free,0,Everyone,Social,"October 17, 2016",Varies with device,4.1 and up
Daily Radio 16,SOCIAL,4.9,1432,8.1M,"50,000+",Free,0,Everyone,Social,"January 31, 2018",2.3.0,Varies with device
Easy Bible 19,GAME,4.6,13047,37M,"500,000+",Free,0,Everyone,Action,"June 30, 2016",7.1.7,5.0 and up
Quick Flashlight,TRAVEL_AND_LOCAL,4.4,499,10M,"10,000+",Free,0,Everyone,Travel & Local,"August 6, 2015",6.11.0,5.0 and up
Cool Wallpapers,TRAVEL_AND_LOCAL,4.5,8.0k,20M,"100,000+",Free,0,Everyone,Travel & Local,"July 19, 2018",4.9.6,5.0 and up
Mini Messenger,HEALTH_AND_FITNESS,3.8,6426,Varies with device,"100,000+",Free,0,Mature 17+,Health & Fitness,"June 14, 2018",5.11.3,4.4 and up
Pocket Diet Tracker 15,PHOTOGRAPHY,3.7,23614,Varies with device,"500,000+",Free,0,Everyone,Photography,"May 25, 2017",6.5.8,Varies with device
Magic Photo Editor 5,TOOLS,3.9,189,16M,"5,000+",Free,0,Everyone 10+,Tools,"June 7, 2018",6.2.7,4.4 and up
Free Notes,SPORTS,,32,9.7M,"1,000+",Free,0,Everyone,Sports,"September 25, 2017",5.9.4,4.4 and up
Cool Scanner 18,ART_AND_DESIGN,3.9,11.2k,12M,"500,000+",Free,0,Everyone,Art & Design,"October 4, 2017",Varies with device,5.0 and up
Daily Launcher 19,BUSINESS,4.0,975,40M,"50,000+",Free,0,Everyone,Business,"April 13, 2018",3.5.9,4.1 and up
Magic Chess,FAMILY,,2,6.0M,50+,Free,0,Everyone,Casual,"June 21, 2017",1.14.2,Varies with device
Magic Budget 18,GAME,4.3,669127,10M,"50,000,000+",Free,0,Everyone,Action,"January 13, 2018",4.16.3,4.0.3 and up
Star Chess,GAME,4.3,3k,Varies with device,"50,000+",Paid,$9.99,Everyone,Action,"June 5, 2018",5.13.3,5.0 and up
Tiny Flashlight 8,EDUCATION,4.1,6272,5.6M,"500,000+",Free,0,Everyone,Education,"July 29, 2018",1.5.8,4.0.3 and up
Tiny Messenger,MAPS_AND_NAVIGATION,4.7,1077,Varies with device,"50,000+",Free,0,Everyone,Maps & Navigation,"December 14, 2016",Varies with device,5.0 and up
Tiny Weather 12,TRAVEL_AND_LOCAL,4.1,514,Varies with device,"10,000+",Free,0,Everyone,Travel & Local,"March 5, 2018",Varies with device,4.1 and up
Happy Coloring Book,GAME,3.8,147,9.9M,"10,000+",Free,0,Everyone,Action,"December 31, 2017",1.15.5,4.0.3 and up
Quick Translator,SPORTS,,772,7.7M,"10,000+",Free,0,Everyone,Sports,"March 20, 2018",3.8.7,4.0.3 and up
Happy Budget,EDUCATION,3.8,10949,415k,"500,000+",Free,0,Everyone,Education,"August 15, 2017",1.13.3,4.0.3 and up
Free Chess 14,TOOLS,4.3,1492,18M,"100,000+",Free,0,Teen,Tools,"July 4, 2018",Varies with device,4.4 and up
Star Calendar,FAMILY,3.6,12475,13M,"500,000+",Free,0,Everyone,Casual,"July 20, 2018",8.15.2,Varies with device
Daily Notes 16,MAPS_AND_NAVIGATION,4.4,541,19M,"10,000+",Free,0,Everyone,Maps & Navigation,"April 16, 2018",7.9.6,5.0 and up
Star Translator,GAME,4.1,132,9.3M,"5,000+",Free,0,Everyone,Action,"July 25, 2018",2.14.2,Varies with device
Fast Budget,PHOTOGRAPHY,4.2,75524,Varies with device,"5,000,000+",Free,0,Everyone 10+,Photography,"December 4, 2016",2.0.1,4.1 and up
Daily Bible 17,ART_AND_DESIGN,4.0,935,Varies with device,"50,000+",Free,0,Teen,Art & Design,"September 7, 2017",2.11.2,4.4 and up
Star VPN 5,PRODUCTIVITY,4.4,446436,2.5M,"50,000,000+",Free,0,Everyone,Productivity,"July 18, 2017",Varies with device,4.0.3 and up
Bright Workout 14,ART_AND_DESIGN,4.2,5,Varies with device,100+,Free,0,Everyone,Art & Design,"April 3, 2018",2.16.2,Varies with device
Pro Launcher,BOOKS_AND_REFERENCE,3.4,607k,21M,"50,000,000+",Free,0,Everyone 10+,Books & Reference,"November 22, 2015",7.10.9,4.4 and up
Smart Coloring Book,EDUCATION,3.6,9,Varies with device,500+,Paid,$4.99,Everyone,Education,"April 15, 2018",8.5.1,Varies with device
Secure Coloring Book,BUSINESS,3.8,39281,16M,"500,000+",Free,0,Everyone,Business,"December 21, 2016",1.10.4,5.0 and up
Ultimate Wallpapers,GAME,4.8,305161,66M,"10,000,000+",Free,0,Everyone,Action,"July 2, 2018",2.6.4,Varies with device
Happy Bible,SOCIAL,3.5,27,2.6M,"1,000+",Free,0,Everyone,Social,"December 31, 2016",Varies with device,5.0 and up
Happy Wallpapers,ENTERTAINMENT,4.5,3351,5.8M,"100,000+",Free,0,Everyone,Entertainment,"July 12, 2018",2.12.7,4.1 and up
Smart Coloring Book,TRAVEL_AND_LOCAL,4.2,342,48M,"5,000+",Free,0,Everyone,Travel & Local,"May 30, 2018",4.18.0,Varies with device
Magic Wallpapers 5,FAMILY,4.2,73,8.9M,"5,000+",Free,0,Everyone,Casual,"February 14, 2018",5.1.3,Varies with device
Secure Translator,LIFESTYLE,4.1,15615,47M,"500,000+",Free,0,Everyone,Lifestyle,"May 3, 2017",Varies with device,Varies with device
Bright Puzzle 17,MEDICAL,4.6,1189,10M,"50,000+",Free,0,Everyone,Medical,"May 26, 2018",2.6.3,4.1 and up
Simple Translator 11,FINANCE,4.0,4,Varies with device,500+,Free,0,Everyone,Finance,"January 4, 2018",2.19.9,5.0 and up
Star Launcher,ENTERTAINMENT,4.8,2461,23M,"50,000+",Free,0,Everyone,Entertainment,"May 9, 2017",5.10.8,4.1 and up
Easy Budget,MAPS_AND_NAVIGATION,4.8,37234,4.9M,"1,000,000+",Free,0,Everyone,Maps & Navigation,"August 21, 2017",Varies with device,4.1 and up
Cool Dictionary,FAMILY,4.7,451,19M,"10,000+",Free,0,Everyone,Casual,"October 25, 2017",7.0.3,Varies with device
Fast Translator,ENTERTAINMENT,3.9,76,Varies with device,"5,000+",Free,0,Mature 17+,Entertainment,"January 16, 2018",5.6.4,5.0 and up
Daily Photo Editor,SPORTS,5.0,64,5.5M,"5,000+",Free,0,Everyone,Sports,"February 24, 2018",5.10.0,4.1 and up
Mini Flashlight,BOOKS_AND_REFERENCE,4.9,334,5.5M,"5,000+",Free,0,Everyone,Books & Reference,"May 3, 2018",3.1.5,4.0.3 and up
Mini Recipes,FINANCE,4.6,10709,3.1M,"500,000+",Free,0,Everyone,Finance,"December 1, 2017",2.13.0,4.1 and up
Pro Messenger 11,ART_AND_DESIGN,,50498,4.4M,"5,000,000+",Free,0,Everyone,Art & Design,"March 11, 2016",4.8.7,4.0.3 and up
Tiny Radio,FAMILY,3.8,172,Varies with device,"5,000+",Free,0,Everyone,Casual,"February 11, 2018",3.8.5,4.4 and up
Free Chess,BOOKS_AND_REFERENCE,4.5,534,Varies with device,"10,000+",Free,0,Teen,Books & Reference,"March 30, 2017",4.9.2,5.0 and up
Bright Keyboard,SPORTS,3.4,274838,25M,"5,000,000+",Free,0,Everyone,Sports,"May 30, 2016",1.15.8,Varies with device
Happy Translator,SOCIAL,4.6,759,18M,"50,000+",Paid,$2.99,Everyone,Social,"October 17, 2016",1.16.2,5.0 and up
Pocket VPN,SPORTS,4.5,130968,15M,"5,000,000+",Free,0,Everyone,Sports,"April 14, 2016",5.18.5,4.0.3 and up
Magic Budget,EDUCATION,4.1,847,27M,"50,000+",Free,0,Everyone,Education,"July 19, 2017",8.1.0,Varies with device
Smart Messenger 15,MAPS_AND_NAVIGATION,,4162,Varies with device,"50,000+",Free,0,Everyone,Maps & Navigation,"October 21, 2016",3.10.8,4.1 and up
Fast Dictionary,MEDICAL,4.7,37,4.0M,500+,Free,0,Everyone,Medical,"September 3, 2017",8.15.5,4.4 and up
Happy Messenger,GAME,3.7,356,22M,"10,000+",Free,0,Everyone,Action,"July 30, 2017",5.0.8,4.1 and up
Bright VPN,SOCIAL,4.4,260,18M,"5,000+",Free,0,Everyone,Social,"January 27, 2018",1.12.9,4.4 and up
Free Music Player 12,COMMUNICATION,4.2,758,24M,"10,000+",Free,0,Everyone,Communication,"February 22, 2017",8.9.6,Varies with device
Smart Notes 17,MEDICAL,4.3,1.2M,Varies with device,"50,000,000+",Free,0,Everyone,Medical,"July 15, 2018",1.6.7,4.4 and up
Tiny Notes 17,BUSINESS,4.5,100,Varies with device,"5,000+",Free,0,Teen,Business,"February 9, 2017",2.19.4,4.1 and up
Pixel Photo Editor 13,MEDICAL,3.8,16757,23k,"500,000+",Free,0,Teen,Medical,"December 17, 2016",3.17.1,4.4 and up
Pocket Photo Editor 14,BOOKS_AND_REFERENCE,4.5,24,14M,"1,000+",Free,0,Everyone,Books & Reference,"April 13, 2018",5.1.9,5.0 and up
Pocket Scanner,HEALTH_AND_FITNESS,5.0,256,Varies with device,"10,000+",Paid,$4.99,Everyone,Health & Fitness,"June 28, 2018",Varies with device,4.0.3 and up
Ultimate Calendar,BOOKS_AND_REFERENCE,4.2,14k,47M,"500,000+",Free,0,Everyone,Books & Reference,"June 18, 2018",5.4.1,4.1 and up
Ultimate Dictionary,MAPS_AND_NAVIGATION,4.7,344,35M,"10,000+",Free,0,Everyone,Maps & Navigation,"November 6, 2017",1.16.1,4.1 and up
Simple Puzzle,EDUCATION,4.3,6283,2.6M,"500,000+",Free,0,Everyone,Education,"March 4, 2018",3.11.6,4.1 and up
Easy Scanner,COMMUNICATION,4.5,0,897k,1+,Free,0,Everyone,Communication,"June 10, 2018",4.6.7,5.0 and up
Free Translator,ENTERTAINMENT,,0,Varies with device,1+,Free,0,Everyone,Entertainment,"September 3, 2017",1.13.5,4.1 and up
Pixel Bible 14,COMMUNICATION,4.1,1488,35M,"100,000+",Free,0,Everyone,Communication,"September 25, 2017",3.11.7,5.0 and up
Cool Weather,SHOPPING,,0,10M,1+,Free,0,Everyone 10+,Shopping,"December 24, 2016",3.8.4,4.4 and up
Pro Music Player,FAMILY,4.3,198,100M,"5,000+",Free,0,Everyone,Casual,"March 25, 2018",Varies with device,4.1 and up
Magic Calendar,FAMILY,4.2,130,35M,"5,000+",Free,0,Everyone,Casual,"February 7, 2017",4.13.2,Varies with device
Ultimate Notes,FAMILY,,4,Varies with device,500+,Free,0,Everyone 10+,Casual,"March 1, 2018",Varies with device,Varies with device
Pro Photo Editor,EDUCATION,3.9,299,Varies with device,"10,000+",Free,0,Everyone,Education,"July 31, 2017",5.9.9,4.0.3 and up
Daily Diet Tracker 8,SOCIAL,3.7,8506,23M,"500,000+",Free,0,Everyone,Social,"October 3, 2017",Varies with device,4.1 and up
Super Notes,GAME,3.7,4.8k,2.7M,"500,000+",Free,0,Everyone,Action,"February 3, 2018",5.10.8,Varies with device
Happy Workout,ART_AND_DESIGN,,189241,Varies with device,"5,000,000+",Free,0,Everyone,Art & Design,,6.13.9,5.0 and up
Star Music Player 17,LIFESTYLE,4.2,107,Varies with device,"1,000+",Free,0,Teen,Lifestyle,"June 14, 2017",2.2.1,5.0 and up
Smart Scanner,SHOPPING,3.4,1,Varies with device,50+,Free,0,Everyone,Shopping,"October 22, 2017",1.8.8,4.0.3 and up
Pro Notes,SPORTS,,4,Varies with device,100+,Free,0,Everyone,Sports,"July 6, 2018",8.5.2,4.1 and up
Happy Keyboard,COMMUNICATION,3.9,2k,18M,"50,000+",Free,0,Everyone,Communication,"June 24, 2018",8.8.6,4.1 and up
Happy Flashlight,GAME,4.1,13903,14M,"500,000+",Free,0,Mature 17+,Action,"October 28, 2017",Varies with device,4.1 and up
Smart Translator,PRODUCTIVITY,4.4,28958,3.3M,"1,000,000+",Free,0,Mature 17+,Productivity,"July 7, 2018",2.9.8,4.1 and up
Smart Messenger,EDUCATION,4.1,14,93M,"1,000+",Free,0,Everyone,Education,"May 19, 2018",2.11.4,4.4 and up
Super Chess,BUSINESS,3.6,32118,8.6M,"500,000+",Free,0,Mature 17+,Business,"October 14, 2017",Varies with device,4.0.3 and up
Mini Launcher,HEALTH_AND_FITNESS,4.3,320.4k,18M,"10,000,000+",Free,0,Teen,Health & Fitness,"May 10, 2018",7.2.8,Varies with device
Simple Bible 15,FAMILY,4.2,23,40M,"1,000+",Free,0,Everyone,Casual,"April 20, 2017",1.17.0,4.0.3 and up
Fast Scanner 4,ART_AND_DESIGN,4.1,344,7.9M,"5,000+",Free,0,Teen,Art & Design,"June 7, 2018",8.16.0,4.0.3 and up
Happy Maps,FINANCE,4.3,88,15M,"5,000+",Free,0,Everyone,Finance,"June 10, 2018",2.6.4,4.4 and up
Smart Music Player 2,TRAVEL_AND_LOCAL,3.9,208392,2.4M,"10,000,000+",Free,0,Everyone,Travel & Local,"July 16, 2018",Varies with device,5.0 and up
Smart Calendar,PRODUCTIVITY,4.8,248,35M,"10,000+",Free,0,Everyone,Productivity,"December 17, 2017",6.2.6,4.0.3 and up
Simple Translator,EDUCATION,3.9,1.5k,9.7M,"50,000+",Free,0,Everyone,Education,"November 29, 2017",6.12.7,4.1 and up
Secure Weather,ENTERTAINMENT,4.8,10566,8.4M,"500,000+",Free,0,Everyone,Entertainment,"September 28, 2016",3.18.3,4.0.3 and up
Secure VPN 4,COMMUNICATION,4.7,27692,53M,"1,000,000+",Free,0,Everyone,Communication,"August 13, 2017",1.10.7,4.1 and up
Easy Wallpapers,TRAVEL_AND_LOCAL,4.0,31,11M,"1,000+",Free,0,Everyone,Travel & Local,"June 13, 2018",1.18.3,4.1 and up
Smart Launcher,FAMILY,3.7,38,8.3M,"1,000+",Free,0,Everyone,Casual,"January 5, 2017",4.5.2,4.4 and up
Magic Coloring Book,MEDICAL,5.0,129,45M,"5,000+",Free,0,Mature 17+,Medical,"September 5, 2017",8.4.4,4.0.3 and up
Mini Photo Editor,HEALTH_AND_FITNESS,4.8,224.7k,39M,"10,000,000+",Free,0,Everyone,Health & Fitness,"December 24, 2017",5.14.7,5.0 and up
Ultimate Puzzle 3,SHOPPING,3.4,356,20M,"10,000+",Free,0,Mature 17+,Shopping,"July 30, 2016",2.1.6,Varies with device
Mini Radio,BOOKS_AND_REFERENCE,5.0,255,50M,"10,000+",Free,0,Everyone 10+,Books & Reference,"July 27, 2018",8.16.0,4.0.3 and up
Cool Coloring Book 2,ART_AND_DESIGN,4.3,673,8.4M,"10,000+",Paid,$1.99,Everyone,Art & Design,"June 12, 2018",4.19.6,4.0.3 and up
Mini Calendar,TOOLS,4.3,633,22M,"50,000+",Free,0,Everyone,Tools,"October 2, 2016",4.16.3,4.0.3 and up
Pixel Diet Tracker,MAPS_AND_NAVIGATION,3.4,2504,Varies with device,"50,000+",Free,0,Mature 17+,Maps & Navigation,"March 21, 2018",6.3.8,4.1 and up
Ultimate Recipes,MAPS_AND_NAVIGATION,,15,3.0M,500+,Free,0,Everyone,Maps & Navigation,"September 8, 2017",4.3.7,4.1 and up
Magic Dictionary,SOCIAL,3.7,271,21M,"5,000+",Free,0,Everyone,Social,"April 4, 2018",8.7.2,4.4 and up
Pocket Scanner,MEDICAL,5.0,1321,616k,"50,000+",Paid,$9.99,Everyone,Medical,"February 4, 2018",8.7.4,4.4 and up
Simple Calendar,MAPS_AND_NAVIGATION,4.3,663797,31M,"10,000,000+",Free,0,Everyone,Maps & Navigation,"March 21, 2018",4.1.0,5.0 and up
Star Bible 4,EDUCATION,3.8,230,11M,"10,000+",Paid,$2.99,Everyone,Education,"June 8, 2018",Varies with device,4.4 and up
Mini Budget,BUSINESS,4.5,1937,5.6M,"50,000+",Free,0,Everyone,Business,"September 7, 2016",8.13.7,Varies with device
Happy Notes,COMMUNICATION,4.6,1341,Varies with device,"50,000+",Free,0,Everyone,Communication,"February 10, 2018",5.7.5,5.0 and up
Star Maps,PRODUCTIVITY,4.0,506,28M,"50,000+",Free,0,Everyone,Productivity,"June 8, 2018",7.7.0,4.1 and up
Simple Scanner,SPORTS,3.9,3,87M,50+,Free,0,Everyone,Sports,"September 12, 2017",6.15.9,4.0.3 and up
Tiny Wallpapers 11,GAME,3.5,17585,23M,"500,000+",Paid,$0.99,Teen,Action,"September 20, 2017",4.4.8,4.1 and up
Bright Coloring Book,ENTERTAINMENT,4.7,325,Varies with device,"10,000+",Free,0,Everyone,Entertainment,"December 12, 2017",6.15.7,Varies with device
Fast Calendar,SPORTS,4.2,3.2k,17M,"500,000+",Free,0,Everyone,Sports,,2.11.8,5.0 and up
Pixel Puzzle,LIFESTYLE,3.6,66,6.0M,"5,000+",Free,0,Teen,Lifestyle,"February 15, 2018",Varies with device,4.4 and up
Pro Coloring Book,FAMILY,4.5,1k,33M,"50,000+",Free,0,Everyone,Casual,"March 26, 2018",2.8.2,5.0 and up
Pocket Scanner,TRAVEL_AND_LOCAL,4.5,8175,Varies with device,"500,000+",Free,0,Everyone 10+,Travel & Local,"April 16, 2018",3.5.9,4.0.3 and up
Tiny Chess,TRAVEL_AND_LOCAL,4.6,59,Varies with device,"5,000+",Free,0,Everyone,Travel & Local,"December 6, 2017",3.8.7,Varies with device
Star Puzzle 7,SPORTS,4.4,849,6.1M,"50,000+",Free,0,Everyone,Sports,"March 25, 2017",6.7.8,5.0 and up
Pocket Dictionary 3,SOCIAL,3.8,710,13M,"10,000+",Free,0,Mature 17+,Social,"February 2, 2017",6.8.6,5.0 and up
Secure Coloring Book,FAMILY,3.4,25,6.8M,"1,000+",Free,0,Everyone,Casual,"April 18, 2018",5.17.2,4.0.3 and up
Quick Photo Editor,SPORTS,4.2,4012,7.5M,"50,000+",Paid,$9.99,Everyone,Sports,"May 28, 2017",1.8.1,4.4 and up
Smart Workout 7,MEDICAL,4.5,185,706k,"5,000+",Free,0,Everyone,Medical,"May 21, 2018",3.7.4,5.0 and up
Free Recipes 10,PHOTOGRAPHY,4.2,1947,4.3M,"50,000+",Free,0,Everyone,Photography,"January 2, 2017",Varies with device,Varies with device
Bright Weather,TOOLS,3.6,233,16M,"10,000+",Free,0,Everyone,Tools,"May 28, 2017",6.18.8,5.0 and up
Secure Wallpapers,PRODUCTIVITY,5.0,1263,8.2M,"50,000+",Free,0,Everyone,Productivity,"July 3, 2018",7.12.5,Varies with device
Pro Flashlight,TRAVEL_AND_LOCAL,4.9,3,8.0M,50+,Free,0,Everyone,Travel & Local,"January 7, 2018",3.17.1,4.1 and up
Star Budget,BOOKS_AND_REFERENCE,4.0,3652,5.8M,"100,000+",Free,0,Teen,Books & Reference,"September 3, 2017",7.11.9,4.1 and up
Quick VPN 19,GAME,4.6,1.7k,7.0M,"50,000+",Free,0,Everyone,Action,"December 18, 2016",2.4.7,4.4 and up
Easy Puzzle,SOCIAL,4.8,288,Varies with device,"50,000+",Free,0,Everyone,Social,"January 14, 2018",6.10.7,Varies with device
Bright Diet Tracker,BOOKS_AND_REFERENCE,4.4,16.9k,9.5M,"500,000+",Free,0,Teen,Books & Reference,"July 28, 2018",3.6.9,5.0 and up
Star Workout 10,BUSINESS,4.4,12,15M,500+,Free,0,Everyone,Business,"December 13, 2017",2.5.3,4.4 and up
Magic Coloring Book,MEDICAL,4.3,7607,18M,"500,000+",Free,0,Everyone,Medical,"August 3, 2017",7.16.6,4.1 and up
Ultimate Wallpapers 9,MEDICAL,4.4,27k,Varies with device,"500,000+",Free,0,Everyone,Medical,"July 6, 2017",2.2.7,5.0 and up
Ultimate Budget,BOOKS_AND_REFERENCE,4.5,63.9M,53M,"1,000,000,000+",Free,0,Everyone,Books & Reference,"March 25, 2016",2.9.6,4.4 and up
Tiny Dictionary,PRODUCTIVITY,,428,19M,"50,000+",Free,0,Everyone,Productivity,"November 24, 2017",4.16.4,4.1 and up
Super Launcher,GAME,4.7,106,10M,"1,000+",Paid,$2.99,Everyone,Action,,Varies with device,5.0 and up
Easy Launcher,MAPS_AND_NAVIGATION,4.0,34909,14M,"1,000,000+",Free,0,Everyone,Maps & Navigation,"February 10, 2016",4.0.0,4.1 and up
Star Weather,SPORTS,3.7,11.0k,863k,"100,000+",Free,0,Teen,Sports,"November 13, 2017",2.5.0,4.0.3 and up
Star Radio,HEALTH_AND_FITNESS,3.9,21.9k,4.4M,"500,000+",Free,0,Everyone,Health & Fitness,"November 3, 2017",3.2.2,4.4 and up
Pro Bible 18,EDUCATION,,7.7k,Varies with device,"500,000+",Free,0,Everyone,Education,"September 13, 2016",4.17.7,4.1 and up
Easy Flashlight,MAPS_AND_NAVIGATION,4.6,49,7.6M,"5,000+",Free,0,Everyone,Maps & Navigation,"June 5, 2018",1.13.1,Varies with device
Free Radio 7,MEDICAL,4.2,201,16M,"5,000+",Free,0,Everyone,Medical,"March 1, 2018",Varies with device,4.4 and up
Easy VPN,FAMILY,3.4,126,39M,"1,000+",Free,0,Everyone,Casual,"May 16, 2018",4.12.5,4.0.3 and up
Pocket Recipes,MAPS_AND_NAVIGATION,4.5,22k,9.4M,"1,000,000+",Paid,$0.99,Everyone,Maps & Navigation,"September 14, 2016",6.19.3,4.4 and up
Fast Calendar,ENTERTAINMENT,4.8,1850,Varies with device,"10,000+",Paid,$9.99,Everyone,Entertainment,"October 4, 2017",7.3.9,5.0 and up
Mini Dictionary,PHOTOGRAPHY,,18,Varies with device,500+,Paid,$0.99,Everyone,Photography,"January 17, 2018",1.4.5,5.0 and up
Secure Diet Tracker,PHOTOGRAPHY,4.2,137,24M,"5,000+",Free,0,Everyone,Photography,"July 6, 2018",3.15.4,Varies with device
Free Keyboard 13,BOOKS_AND_REFERENCE,4.4,2756,19M,"100,000+",Free,0,Everyone,Books & Reference,"May 27, 2017",Varies with device,5.0 and up
Quick Budget,ENTERTAINMENT,4.7,329,7.6M,"10,000+",Free,0,Everyone,Entertainment,"June 22, 2016",4.12.2,4.4 and up
Super Wallpapers,MEDICAL,,7,3.2M,500+,Free,0,Everyone,Medical,"March 20, 2018",7.10.0,4.4 and up
Quick Flashlight,MEDICAL,4.1,2.1k,76M,"50,000+",Free,0,Everyone,Medical,"April 28, 2018",4.17.1,5.0 and up
Bright Weather,MEDICAL,5.0,314,6.4M,"10,000+",Free,0,Teen,Medical,"September 15, 2017",4.13.3,4.4 and up
Daily Puzzle,TOOLS,4.2,225,9.7M,"10,000+",Paid,$2.99,Everyone,Tools,"June 10, 2018",4.9.7,4.1 and up
Super Coloring Book,EDUCATION,5.0,18249,17M,"500,000+",Free,0,Everyone 10+,Education,"December 5, 2016",Varies with device,Varies with device
Pocket Workout,MEDICAL,4.0,6080,33M,"500,000+",Free,0,Everyone,Medical,"March 11, 2017",4.0.3,4.4 and up
Easy Launcher,SHOPPING,4.6,451,Varies with device,"50,000+",Free,0,Teen,Shopping,"July 31, 2018",8.18.5,4.4 and up
Quick Photo Editor,MAPS_AND_NAVIGATION,3.9,47,8.7M,"1,000+",Free,0,Everyone,Maps & Navigation,"January 8, 2018",1.15.8,4.1 and up
Fast Radio,SHOPPING,4.8,1.2M,99M,"50,000,000+",Free,0,Everyone,Shopping,"May 24, 2016",2.18.6,Varies with device
Bright Notes,MEDICAL,4.2,18934,33M,"500,000+",Paid,$1.99,Teen,Medical,"January 12, 2018",2.9.3,5.0 and up
Easy Bible,PHOTOGRAPHY,4.4,3k,5.2M,"100,000+",Free,0,Everyone,Photography,"August 19, 2016",5.10.4,4.1 and up
Pocket Dictionary,EDUCATION,3.1,2k,25M,"100,000+",Free,0,Everyone,Education,"July 8, 2017",Varies with device,Varies with device
Quick Bible,BUSINESS,3.6,389,1.6M,"5,000+",Free,0,Everyone,Business,"February 9, 2017",7.1.6,4.1 and up
Cool Translator 9,HEALTH_AND_FITNESS,3.9,62644,47M,"5,000,000+",Free,0,Everyone,Health & Fitness,"June 29, 2018",3.19.6,5.0 and up
Cool Messenger 19,PHOTOGRAPHY,3.9,14,12M,500+,Free,0,Everyone,Photography,"May 1, 2018",Varies with device,4.1 and up
Star Scanner,BUSINESS,4.6,199,10M,"5,000+",Free,0,Everyone,Business,"July 16, 2017",2.14.5,4.0.3 and up
Daily Translator 19,BUSINESS,4.4,79.3k,Varies with device,"5,000,000+",Free,0,Teen,Business,"May 15, 2018",6.14.3,Varies with device
Quick Puzzle 3,LIFESTYLE,3.9,215,11M,"10,000+",Free,0,Teen,Lifestyle,"November 23, 2016",5.18.6,4.0.3 and up
Happy Radio,FINANCE,3.6,100898,4.6M,"1,000,000+",Free,0,Everyone,Finance,"June 15, 2018",5.7.3,Varies with device
Happy VPN,PRODUCTIVITY,4.4,35,31M,"1,000+",Paid,$4.99,Mature 17+,Productivity,"June 7, 2017",7.17.5,5.0 and up
Smart Puzzle 19,COMMUNICATION,4.0,6k,Varies with device,"500,000+",Free,0,Everyone,Communication,"January 18, 2018",4.14.7,4.0.3 and up
Magic Weather,MEDICAL,4.6,32,7.0M,500+,Free,0,Everyone,Medical,"April 26, 2016",2.15.4,4.1 and up
Magic Recipes 11,ART_AND_DESIGN,3.6,216,28M,"5,000+",Free,0,Everyone,Art & Design,"August 18, 2017",Varies with device,4.0.3 and up
Pro Messenger,PRODUCTIVITY,3.8,1141,8.8M,"50,000+",Paid,$1.99,Teen,Productivity,"February 19, 2017",2.5.7,4.0.3 and up
Cool Music Player,FINANCE,4.9,71,Varies with device,"1,000+",Free,0,Everyone,Finance,"July 13, 2017",3.13.1,4.4 and up
Mini Notes 19,BUSINESS,4.0,5k,30M,"500,000+",Free,0,Everyone,Business,"January 1, 2018",Varies with device,4.1 and up
Bright Messenger,EDUCATION,4.4,36,22M,"1,000+",Free,0,Everyone,Education,"November 3, 2017",8.1.8,5.0 and up
Star Chess 12,HEALTH_AND_FITNESS,4.1,0,28M,1+,Free,0,Everyone,Health & Fitness,"October 23, 2017",1.18.7,4.1 and up
Super Scanner,FAMILY,4.6,2k,11M,"50,000+",Free,0,Everyone,Casual,"March 9, 2018",2.17.7,4.0.3 and up
Simple Launcher,SOCIAL,4.4,53,13M,"1,000+",Free,0,Everyone 10+,Social,"September 3, 2016",Varies with device,5.0 and up
Cool Puzzle,EDUCATION,4.5,79200,6.9M,"5,000,000+",Free,0,Everyone,Education,"August 23, 2017",7.10.6,4.1 and up
Secure Coloring Book,LIFESTYLE,3.3,414,6.6M,"10,000+",Paid,$4.99,Everyone,Lifestyle,"December 28, 2016",7.5.2,Varies with device
Mini Calendar,BOOKS_AND_REFERENCE,3.6,124,49M,"5,000+",Free,0,Everyone,Books & Reference,"April 7, 2017",2.14.8,4.4 and up
Pocket Translator,ENTERTAINMENT,3.9,11,23M,500+,Free,0,Everyone,Entertainment,"July 1, 2018",5.0.1,5.0 and up
Happy Translator 2,FAMILY,4.6,1k,28M,"50,000+",Free,0,Mature 17+,Casual,"October 8, 2017",7.17.6,4.0.3 and up
Easy Music Player,FAMILY,3.7,1.2k,7.7M,"10,000+",Free,0,Mature 17+,Casual,"April 1, 2018",Varies with device,4.1 and up
Daily Notes,PRODUCTIVITY,3.7,353,11M,"10,000+",Free,0,Teen,Productivity,"September 1, 2016",1.3.3,5.0 and up
Star Recipes,SPORTS,4.0,17.5k,45M,"500,000+",Paid,$2.99,Mature 17+,Sports,"April 15, 2018",2.18.1,4.1 and up
Pixel Chess,LIFESTYLE,4.2,93.9k,7.6M,"5,000,000+",Free,0,Mature 17+,Lifestyle,"June 6, 2017",8.2.9,4.1 and up
Magic Notes,LIFESTYLE,3.9,42,12M,500+,Free,0,Everyone,Lifestyle,"October 17, 2017",7.5.8,5.0 and up
Simple Weather 4,EDUCATION,4.3,0,6.0M,1+,Free,0,Everyone,Education,"February 21, 2016",3.9.4,4.1 and up
Smart Maps 15,ENTERTAINMENT,3.7,7,37M,100+,Free,0,Everyone,Entertainment,"January 22, 2015",4.5.8,4.1 and up
Magic Launcher,SHOPPING,3.9,4249,4.5M,"500,000+",Free,0,Everyone,Shopping,"October 23, 2017",6.13.0,5.0 and up
Secure Notes,COMMUNICATION,4.2,23250,16M,"500,000+",Free,0,Everyone,Communication,"October 22, 2017",2.3.0,5.0 and up
Secure Budget,SOCIAL,,2,5.6M,100+,Free,0,Everyone,Social,"May 13, 2018",2.9.8,4.4 and up
Magic Flashlight,LIFESTYLE,4.4,99178,7.1M,"5,000,000+",Free,0,Everyone,Lifestyle,"March 11, 2018",4.15.7,Varies with device
Free Messenger,GAME,5.0,460,6.5M,"50,000+",Free,0,Everyone,Action,"June 11, 2018",Varies with device,4.4 and up
Pocket Calendar,BOOKS_AND_REFERENCE,,804,23M,"50,000+",Free,0,Everyone 10+,Books & Reference,"April 14, 2018",2.9.3,Varies with device
Fast Recipes,EDUCATION,4.6,9k,84M,"500,000+",Free,0,Everyone,Education,"April 10, 2016",Varies with device,Varies with device
Easy Launcher,SOCIAL,4.2,46,20M,"5,000+",Free,0,Everyone,Social,"July 23, 2015",1.12.6,4.4 and up
Fast Translator,GAME,4.1,1558,Varies with device,"50,000+",Free,0,Teen,Action,"April 4, 2018",4.16.1,4.1 and up
Smart Messenger,COMMUNICATION,3.8,2412,26M,"100,000+",Free,0,Everyone,Communication,"August 4, 2015",3.0.7,5.0 and up
Ultimate Coloring Book,ART_AND_DESIGN,4.4,45625,24M,"5,000,000+",Free,0,Everyone,Art & Design,"November 10, 2017",Varies with device,4.1 and up
Secure Calendar,FINANCE,3.9,42,18M,500+,Free,0,Everyone,Finance,"May 17, 2017",4.9.0,4.4 and up
Fast Weather,BUSINESS,3.4,0,4.5M,1+,Free,0,Everyone,Business,"July 14, 2018",5.13.7,4.1 and up
Secure Puzzle,COMMUNICATION,,7,21M,500+,Free,0,Everyone,Communication,"June 7, 2018",7.14.2,5.0 and up
Happy Dictionary 8,SHOPPING,,4404,574k,"100,000+",Free,0,Everyone,Shopping,"September 21, 2017",4.10.6,4.0.3 and up
Happy Radio,PRODUCTIVITY,4.1,8,25M,500+,Free,0,Everyone 10+,Productivity,"June 14, 2018",6.14.1,4.0.3 and up
Star Scanner 16,BOOKS_AND_REFERENCE,4.9,6223,5.9M,"100,000+",Paid,$2.99,Everyone,Books & Reference,"May 19, 2018",6.12.5,4.1 and up
Happy Diet Tracker,TRAVEL_AND_LOCAL,3.9,644516,Varies with device,"50,000,000+",Free,0,Everyone,Travel & Local,"June 22, 2017",Varies with device,4.4 and up
Bright Calendar,MAPS_AND_NAVIGATION,4.3,10,6.2M,500+,Free,0,Everyone,Maps & Navigation,"August 24, 2017",7.4.9,4.4 and up
Ultimate Keyboard,TRAVEL_AND_LOCAL,3.5,54190,13M,"5,000,000+",Free,0,Everyone,Travel & Local,"July 10, 2018",5.10.8,4.0.3 and up
Pro Maps 9,LIFESTYLE,,13,17M,500+,Free,0,Everyone,Lifestyle,"January 2, 2018",4.1.6,5.0 and up
Daily Bible,ART_AND_DESIGN,4.4,154,9.9M,"5,000+",Free,0,Everyone,Art & Design,"April 15, 2018",6.17.4,4.1 and up
Star Keyboard,GAME,4.0,32624,13M,"5,000,000+",Free,0,Everyone,Action,"January 30, 2017",8.15.2,5.0 and up
Pro Budget 13,TOOLS,4.4,5,17M,500+,Free,0,Everyone,Tools,"April 17, 2017",7.1.7,5.0 and up
Star Weather,COMMUNICATION,3.7,11k,24M,"500,000+",Free,0,Mature 17+,Communication,"March 18, 2018",1.9.2,5.0 and up
Cool Wallpapers,MAPS_AND_NAVIGATION,4.3,14.6k,15M,"500,000+",Free,0,Everyone,Maps & Navigation,"November 23, 2017",2.14.0,Varies with device
Simple Budget,MAPS_AND_NAVIGATION,,44,Varies with device,500+,Free,0,Everyone,Maps & Navigation,"September 20, 2017",6.12.9,4.1 and up
Happy Launcher,BUSINESS,4.0,47,Varies with device,"1,000+",Free,0,Everyone,Business,"January 15, 2017",5.17.5,Varies with device
Pocket Notes,MAPS_AND_NAVIGATION,4.6,252940,Varies with device,"5,000,000+",Free,0,Everyone,Maps & Navigation,"July 21, 2017",3.7.9,4.4 and up
Secure Scanner,COMMUNICATION,4.3,6,5.1M,100+,Free,0,Teen,Communication,"October 15, 2016",5.2.4,4.0.3 and up
Mini Dictionary 13,MEDICAL,4.7,103,35M,"1,000+",Paid,$4.99,Everyone,Medical,"October 28, 2016",7.2.6,4.4 and up
Secure Messenger 15,COMMUNICATION,3.7,225,8.3M,"5,000+",Free,0,Everyone,Communication,"June 2, 2017",8.12.0,4.1 and up
Free Wallpapers 13,ART_AND_DESIGN,3.4,95,41M,"1,000+",Free,0,Everyone 10+,Art & Design,"August 21, 2016",7.17.7,5.0 and up
Smart Keyboard 9,MEDICAL,3.9,2912,5.8M,"50,000+",Free,0,Everyone 10+,Medical,"July 9, 2017",8.6.7,Varies with device
Star Keyboard,PHOTOGRAPHY,3.4,284,18M,"5,000+",Free,0,Everyone,Photography,"January 25, 2017",3.10.6,4.4 and up
Bright Dictionary 2,GAME,5.0,48,8.6M,"5,000+",Free,0,Everyone 10+,Action,"October 18, 2016",5.19.9,4.0.3 and up
Smart Keyboard,MAPS_AND_NAVIGATION,4.3,189913,9.3M,"5,000,000+",Free,0,Everyone,Maps & Navigation,"March 12, 2018",1.11.3,5.0 and up
Smart Calendar 3,EDUCATION,4.9,407066,11M,"50,000,000+",Free,0,Everyone,Education,"April 24, 2018",4.10.5,4.4 and up
Super Chess 8,EDUCATION,4.3,37,731k,"5,000+",Free,0,Teen,Education,"September 22, 2017",6.13.6,4.0.3 and up
Ultimate Keyboard,TRAVEL_AND_LOCAL,4.4,75554,17M,"1,000,000+",Free,0,Everyone,Travel & Local,"August 2, 2018",8.11.1,Varies with device
Star Weather,GAME,4.4,35,3.0M,"1,000+",Free,0,Everyone,Action,"March 17, 2017",5.6.3,4.4 and up
Pixel Diet Tracker,EDUCATION,4.3,110,12M,"5,000+",Free,0,Everyone,Education,"June 10, 2018",Varies with device,4.0.3 and up
Magic Messenger,MAPS_AND_NAVIGATION,4.4,141015,608k,"1,000,000+",Paid,$4.99,Teen,Maps & Navigation,"August 13, 2017",5.3.3,4.4 and up
Happy Chess,BOOKS_AND_REFERENCE,4.3,157,78k,"10,000+",Free,0,Everyone,Books & Reference,"July 9, 2018",5.9.4,4.0.3 and up
Magic Bible,EDUCATION,3.9,231005,5.5M,"10,000,000+",Free,0,Everyone,Education,"June 26, 2017",7.10.1,4.0.3 and up
Secure Workout,SOCIAL,4.5,20.4k,32M,"1,000,000+",Free,0,Everyone,Social,"July 18, 2018",8.6.9,5.0 and up
Fast Keyboard 12,SPORTS,4.6,18,65M,500+,Free,0,Mature 17+,Sports,"June 30, 2017",8.18.9,4.4 and up
Pixel Translator 6,ENTERTAINMENT,4.5,612,28M,"50,000+",Free,0,Everyone,Entertainment,"February 23, 2018",5.15.7,4.4 and up
Fast Notes,LIFESTYLE,4.9,80.3k,18M,"5,000,000+",Free,0,Everyone,Lifestyle,"April 8, 2018",1.5.8,4.4 and up
Smart Keyboard,SPORTS,4.8,619,19M,"5,000+",Free,0,Everyone,Sports,"November 4, 2017",6.17.5,4.4 and up
Pro Radio 5,LIFESTYLE,4.6,7,16M,500+,Free,0,Everyone,Lifestyle,"April 3, 2017",2.12.5,5.0 and up
Free Wallpapers,PRODUCTIVITY,4.6,16673,5.2M,"1,000,000+",Free,0,Everyone,Productivity,"August 20, 2017",4.19.5,4.1 and up
Mini VPN,SOCIAL,3.5,170k,18M,"5,000,000+",Free,0,Everyone,Social,"April 9, 2018",6.10.0,4.0.3 and up
Magic Weather 5,FINANCE,4.0,25,5.9M,"1,000+",Free,0,Everyone 10+,Finance,"August 2, 2017",1.12.2,4.1 and up
Happy Notes,MEDICAL,4.4,194,12M,"10,000+",Free,0,Everyone,Medical,"April 28, 2018",1.14.7,Varies with device
Pixel Recipes 4,HEALTH_AND_FITNESS,4.7,204338,3.6M,"10,000,000+",Free,0,Everyone,Health & Fitness,"June 20, 2016",7.17.7,4.0.3 and up
Cool Translator,ART_AND_DESIGN,,3,17M,100+,Free,0,Everyone,Art & Design,"December 12, 2016",4.17.1,5.0 and up
Fast Bible 11,ART_AND_DESIGN,3.7,287k,4.7M,"10,000,000+",Free,0,Everyone,Art & Design,"March 8, 2018",7.1.6,5.0 and up
Mini Scanner,SOCIAL,,11,23M,500+,Free,0,Everyone,Social,"March 7, 2018",4.3.1,4.4 and up
Easy Coloring Book 16,GAME,3.4,94187,100M,"5,000,000+",Free,0,Everyone,Action,"December 12, 2017",5.4.0,5.0 and up
Simple Maps,BOOKS_AND_REFERENCE,4.3,1451,98M,"50,000+",Free,0,Teen,Books & Reference,"January 26, 2018",6.15.3,4.0.3 and up
Cool Launcher,BUSINESS,3.7,0,11M,1+,Free,0,Everyone,Business,"January 6, 2018",5.15.8,4.1 and up
Smart Flashlight 16,PHOTOGRAPHY,4.4,280,7.6M,"10,000+",Free,0,Everyone 10+,Photography,"December 31, 2016",6.16.9,5.0 and up
Pro Weather,MEDICAL,4.2,90,Varies with device,"1,000+",Paid,$1.99,Everyone,Medical,"December 23, 2016",3.6.3,5.0 and up
Star Scanner,EDUCATION,4.3,1871,4.7M,"50,000+",Free,0,Everyone,Education,"December 16, 2017",7.7.1,5.0 and up
Fast Chess 4,ENTERTAINMENT,4.0,1495,21M,"50,000+",Free,0,Teen,Entertainment,"November 8, 2017",3.11.8,Varies with device
Daily Messenger 4,HEALTH_AND_FITNESS,,8,8.6M,500+,Free,0,Teen,Health & Fitness,"May 11, 2015",1.11.7,4.1 and up
Pixel Scanner,PHOTOGRAPHY,4.7,33,23M,"5,000+",Free,0,Teen,Photography,"January 16, 2017",8.5.1,4.1 and up
Easy Coloring Book 11,FAMILY,4.5,1489,4.7M,"50,000+",Paid,$0.99,Everyone,Casual,"July 29, 2018",7.12.0,4.4 and up
Happy Calendar,ENTERTAINMENT,4.3,7,6.2M,500+,Free,0,Everyone,Entertainment,"January 31, 2016",5.9.7,4.4 and up
Super Launcher,PRODUCTIVITY,3.7,321,27M,"10,000+",Free,0,Everyone,Productivity,"March 9, 2018",4.0.3,4.1 and up
Star Calendar 16,PRODUCTIVITY,,0,Varies with device,1+,Free,0,Teen,Productivity,"November 21, 2017",2.8.0,5.0 and up
Tiny Notes,ART_AND_DESIGN,3.1,2k,296k,"100,000+",Free,0,Everyone,Art & Design,"June 6, 2017",Varies with device,4.4 and up
Secure Weather,FINANCE,4.6,20023,13M,"1,000,000+",Free,0,Teen,Finance,"February 9, 2017",4.17.5,4.1 and up
Cool Scanner,ENTERTAINMENT,4.0,179,48M,"5,000+",Free,0,Everyone,Entertainment,"April 15, 2015",3.8.7,4.4 and up
Ultimate Notes,GAME,4.4,1k,21M,"50,000+",Free,0,Everyone,Action,"July 7, 2018",Varies with device,4.0.3 and up
Quick Photo Editor,GAME,4.6,3k,27M,"50,000+",Free,0,Everyone,Action,"April 6, 2017",1.5.1,4.4 and up
Smart Chess,BOOKS_AND_REFERENCE,4.8,339,19M,"10,000+",Free,0,Everyone,Books & Reference,"June 1, 2017",7.12.5,4.4 and up
Tiny Diet Tracker 2,LIFESTYLE,4.0,1k,24M,"50,000+",Free,0,Everyone,Lifestyle,"July 26, 2018",6.15.8,4.1 and up
Pro Weather,EDUCATION,3.7,58,230k,"5,000+",Free,0,Everyone,Education,"August 22, 2017",2.6.6,4.1 and up
Star Launcher,MEDICAL,3.6,176,39M,"5,000+",Free,0,Everyone 10+,Medical,"May 3, 2018",7.8.2,Varies with device
Easy Launcher,ART_AND_DESIGN,,6,66M,500+,Free,0,Everyone,Art & Design,"September 9, 2017",5.15.4,5.0 and up
Pocket Notes,PRODUCTIVITY,5.0,12.7k,492k,"500,000+",Free,0,Everyone,Productivity,"January 25, 2017",1.6.3,5.0 and up
Mini Calendar 9,GAME,3.5,5661,32M,"500,000+",Free,0,Teen,Action,"January 14, 2017",5.4.6,Varies with device
Bright Radio 8,GAME,,58k,49M,"500,000+",Free,0,Everyone,Action,"June 16, 2018",6.15.3,4.4 and up
Easy Maps,PHOTOGRAPHY,4.6,10168,29M,"500,000+",Free,0,Everyone,Photography,"July 12, 2018",7.10.0,5.0 and up
Mini Wallpapers 6,ART_AND_DESIGN,4.7,18.7k,25M,"500,000+",Free,0,Everyone,Art & Design,"July 9, 2018",2.1.4,4.0.3 and up
Pocket Workout,GAME,4.0,16,27M,500+,Free,0,Everyone,Action,"January 4, 2018",8.16.2,Varies with device
Quick Launcher 12,BOOKS_AND_REFERENCE,,3k,20M,"100,000+",Free,0,Everyone,Books & Reference,"May 20, 2018",5.18.0,4.1 and up
Quick Photo Editor 6,ART_AND_DESIGN,3.7,4,Varies with device,50+,Free,0,Everyone,Art & Design,"January 21, 2018",4.9.3,Varies with device
Star Keyboard 16,PRODUCTIVITY,4.2,141,Varies with device,"5,000+",Free,0,Everyone,Productivity,"May 2, 2018",Varies with device,4.1 and up
Pro Weather,MAPS_AND_NAVIGATION,4.6,4,6.4M,100+,Free,0,Mature 17+,Maps & Navigation,"October 23, 2017",8.0.7,Varies with device
Star Weather,ART_AND_DESIGN,,17866,21M,"500,000+",Free,0,Teen,Art & Design,"August 25, 2016",1.0.6,4.0.3 and up
Ultimate Translator,COMMUNICATION,4.4,1701,13M,"50,000+",Free,0,Teen,Communication,"June 25, 2017",1.11.7,5.0 and up
Pro Messenger,FINANCE,,7564,8.9M,"50,000+",Free,0,Everyone,Finance,"January 11, 2018",7.15.6,Varies with device
Ultimate Music Player 2,MEDICAL,3.8,166,Varies with device,"10,000+",Free,0,Everyone,Medical,"July 26, 2018",2.9.7,5.0 and up
Easy Translator,ART_AND_DESIGN,3.8,18.9k,74M,"500,000+",Free,0,Everyone,Art & Design,"June 5, 2018",8.4.7,Varies with device
Pixel Coloring Book,SPORTS,3.6,457k,5.9M,"50,000,000+",Free,0,Everyone,Sports,"February 15, 2018",3.2.1,Varies with device
Star Photo Editor,TRAVEL_AND_LOCAL,,2,Varies with device,50+,Free,0,Teen,Travel & Local,"November 16, 2017",3.1.3,4.0.3 and up
Star Notes,MAPS_AND_NAVIGATION,4.2,900,Varies with device,"10,000+",Free,0,Everyone,Maps & Navigation,"August 30, 2017",2.7.4,Varies with device
Cool Diet Tracker,FAMILY,4.4,16693,10M,"1,000,000+",Free,0,Everyone,Casual,"June 2, 2017",7.18.6,4.4 and up
Pixel Wallpapers,COMMUNICATION,3.5,98,3.8M,"5,000+",Free,0,Everyone,Communication,"August 21, 2017",4.14.3,4.1 and up
Smart Keyboard,SOCIAL,5.0,6.5k,34M,"500,000+",Free,0,Everyone,Social,"July 27, 2018",1.1.4,4.4 and up
Mini Radio,MAPS_AND_NAVIGATION,3.8,192,28M,"10,000+",Free,0,Everyone,Maps & Navigation,"September 11, 2017",8.11.6,4.0.3 and up
Quick Workout,PHOTOGRAPHY,4.3,65,2.8M,"1,000+",Free,0,Everyone,Photography,"June 27, 2018",8.2.6,Varies with device
Simple Flashlight,MEDICAL,4.3,13k,100M,"500,000+",Free,0,Mature 17+,Medical,"September 25, 2017",3.11.4,4.4 and up
Ultimate Chess,FAMILY,3.6,329983,14M,"50,000,000+",Free,0,Everyone,Casual,"April 2, 2018",3.19.3,4.1 and up
Quick Photo Editor,ART_AND_DESIGN,3.6,53711,34M,"5,000,000+",Free,0,Everyone,Art & Design,"August 16, 2017",7.11.1,Varies with device
Free Wallpapers,SPORTS,4.2,262,25M,"10,000+",Free,0,Teen,Sports,"August 9, 2015",6.11.4,Varies with device
Tiny Translator,EDUCATION,3.6,58,Varies with device,"5,000+",Paid,$4.99,Everyone,Education,"November 24, 2017",Varies with device,Varies with device
Magic Scanner 10,SPORTS,3.9,907,42M,"50,000+",Free,0,Everyone,Sports,"April 25, 2018",8.2.1,5.0 and up
Tiny Scanner,EDUCATION,4.0,595,Varies with device,"10,000+",Free,0,Everyone,Education,"August 24, 2016",2.8.0,4.4 and up
Quick Launcher,SPORTS,4.1,92,8.9M,"5,000+",Free,0,Everyone,Sports,"December 30, 2015",Varies with device,4.4 and up
Fast Keyboard,BUSINESS,,39217,Varies with device,"1,000,000+",Free,0,Everyone,Business,"March 2, 2018",8.10.4,5.0 and up
Bright Music Player 16,MAPS_AND_NAVIGATION,5.0,337058,25M,"10,000,000+",Free,0,Teen,Maps & Navigation,"July 28, 2018",7.17.1,4.0.3 and up
Super Recipes,SOCIAL,4.4,14000,2.2M,"1,000,000+",Free,0,Everyone,Social,"April 15, 2018",3.10.7,4.1 and up
Easy Wallpapers 14,LIFESTYLE,3.8,58,5.3M,"1,000+",Free,0,Everyone,Lifestyle,"October 23, 2017",4.1.5,Varies with device
Smart Chess 5,BUSINESS,4.2,10.3k,36M,"500,000+",Paid,$1.99,Everyone,Business,"February 4, 2016",3.15.9,5.0 and up
Bright Photo Editor 4,FAMILY,5.0,10k,25M,"500,000+",Free,0,Everyone,Casual,"February 25, 2018",Varies with device,4.0.3 and up
Pocket Coloring Book,GAME,4.3,9k,36M,"500,000+",Free,0,Everyone,Action,"December 7, 2017",6.0.4,5.0 and up
Ultimate Chess,COMMUNICATION,3.9,32k,15M,"1,000,000+",Free,0,Everyone,Communication,"July 14, 2018",6.19.7,4.1 and up
Ultimate Photo Editor,COMMUNICATION,3.8,568,15M,"5,000+",Paid,$0.99,Everyone,Communication,"September 12, 2017",2.17.4,4.0.3 and up
Pocket Recipes 17,BOOKS_AND_REFERENCE,3.7,75,22M,"1,000+",Free,0,Everyone,Books & Reference,"May 29, 2016",8.15.5,4.0.3 and up
Pixel Messenger,ART_AND_DESIGN,4.6,113,Varies with device,"5,000+",Free,0,Everyone,Art & Design,"February 20, 2018",Varies with device,5.0 and up
Simple Wallpapers,HEALTH_AND_FITNESS,4.9,6k,4.4M,"500,000+",Free,0,Everyone,Health & Fitness,"August 30, 2015",8.8.2,Varies with device
Tiny VPN,ART_AND_DESIGN,4.3,292,2.0M,"50,000+",Free,0,Everyone,Art & Design,"January 26, 2017",2.5.8,4.4 and up
Star Coloring Book,FAMILY,,13,20M,500+,Free,0,Everyone,Casual,"February 12, 2018",3.2.7,5.0 and up
Bright Budget,SHOPPING,4.6,20,15M,"1,000+",Free,0,Everyone,Shopping,"June 8, 2017",1.18.5,4.0.3 and up
Quick VPN,BOOKS_AND_REFERENCE,4.8,3902,9.7M,"500,000+",Free,0,Everyone 10+,Books & Reference,"July 13, 2017",Varies with device,4.1 and up
Cool Calendar,FAMILY,3.9,166,9.4M,"5,000+",Free,0,Everyone,Casual,"June 22, 2018",8.12.5,4.0.3 and up
Star Coloring Book,FAMILY,3.9,334,1.8M,"5,000+",Free,0,Everyone,Casual,"June 2, 2017",3.5.9,5.0 and up
Super Weather 15,ENTERTAINMENT,3.2,613,11M,"50,000+",Free,0,Teen,Entertainment,"May 27, 2018",1.7.3,Varies with device
Easy Calendar 16,HEALTH_AND_FITNESS,4.1,234,9.8M,"10,000+",Free,0,Teen,Health & Fitness,"October 28, 2017",5.18.4,4.4 and up
Free Translator 17,MEDICAL,4.3,1.9k,13M,"50,000+",Paid,$4.99,Everyone,Medical,"April 20, 2018",3.10.3,4.4 and up
Simple Translator 7,PRODUCTIVITY,4.3,3775,7.3M,"50,000+",Free,0,Everyone,Productivity,"September 17, 2016",4.5.5,4.4 and up
Simple Notes,BOOKS_AND_REFERENCE,4.4,6738,5.8M,"500,000+",Free,0,Everyone,Books & Reference,"March 16, 2018",6.17.9,5.0 and up
Cool Keyboard,SOCIAL,4.2,10452,10.0M,"500,000+",Free,0,Mature 17+,Social,"March 27, 2018",7.19.1,4.0.3 and up
Simple Launcher,SPORTS,4.1,11125,5.0M,"100,000+",Free,0,Everyone,Sports,"December 11, 2017",3.12.5,Varies with device
Secure Calendar,COMMUNICATION,4.2,12845,8.0M,"500,000+",Free,0,Everyone,Communication,"March 21, 2018",4.1.5,4.1 and up
Secure Puzzle,SPORTS,3.7,11416,19M,"500,000+",Free,0,Everyone,Sports,"August 2, 2018",Varies with device,4.1 and up
Simple Radio,MAPS_AND_NAVIGATION,4.3,758,6.5M,"50,000+",Free,0,Everyone,Maps & Navigation,"December 29, 2017",5.14.5,Varies with device
Mini Coloring Book,FINANCE,4.0,22.0k,29M,"1,000,000+",Free,0,Everyone,Finance,"May 25, 2018",4.7.6,4.4 and up
Pixel Scanner,SOCIAL,4.8,1.5k,9.8M,"100,000+",Free,0,Everyone,Social,"May 30, 2017",4.16.4,Varies with device
Star Launcher 9,COMMUNICATION,4.4,28,8.0M,"1,000+",Free,0,Everyone,Communication,"September 28, 2016",6.8.1,4.4 and up
Pocket Keyboard,TOOLS,4.1,4,14M,500+,Free,0,Everyone,Tools,"June 29, 2017",4.8.8,5.0 and up
Free Puzzle,ENTERTAINMENT,4.4,381589,15M,"10,000,000+",Free,0,Everyone,Entertainment,"October 4, 2017",8.17.2,Varies with device
Quick Calendar,FINANCE,4.4,540,3.7M,"10,000+",Free,0,Everyone,Finance,"June 14, 2018",1.0.3,5.0 and up
Fast Music Player 19,TOOLS,4.2,1.9M,6.8M,"50,000,000+",Free,0,Mature 17+,Tools,"July 18, 2018",5.6.2,4.0.3 and up
Pixel Scanner,BUSINESS,4.3,8.5k,4.0M,"100,000+",Free,0,Mature 17+,Business,"June 24, 2017",1.15.1,4.1 and up
Secure Photo Editor,ENTERTAINMENT,3.6,49,7.0M,"1,000+",Free,0,Mature 17+,Entertainment,"October 2, 2017",8.1.7,4.0.3 and up
Ultimate Wallpapers,TOOLS,3.8,12838,9.6M,"500,000+",Free,0,Everyone,Tools,"July 7, 2018",5.11.5,4.4 and up
Pocket Scanner,FAMILY,4.8,74,11M,500+,Free,0,Everyone,Casual,"January 25, 2018",6.0.3,5.0 and up
Smart Diet Tracker,GAME,3.8,5165,17M,"100,000+",Free,0,Everyone,Action,"August 7, 2016",4.7.0,Varies with device
Cool Weather,FINANCE,3.8,1793,29M,"100,000+",Free,0,Everyone,Finance,"January 26, 2017",4.18.3,5.0 and up
Cool Weather,ART_AND_DESIGN,4.7,218,44M,"10,000+",Free,0,Teen,Art & Design,"January 6, 2016",Varies with device,Varies with device
Mini Radio 7,ART_AND_DESIGN,5.0,1722,Varies with device,"100,000+",Free,0,Everyone,Art & Design,"October 26, 2017",1.6.8,4.1 and up
Fast Recipes,SHOPPING,4.8,2145,7.7M,"50,000+",Paid,$4.99,Everyone,Shopping,"May 17, 2018",Varies with device,5.0 and up
Bright Music Player 11,ART_AND_DESIGN,4.3,2871,Varies with device,"100,000+",Free,0,Everyone,Art & Design,"February 18, 2017",4.5.6,Varies with device
Easy Chess 9,SHOPPING,3.6,38,27M,"1,000+",Free,0,Mature 17+,Shopping,"June 2, 2016",2.19.2,5.0 and up
Quick Puzzle 12,SOCIAL,4.0,389406,Varies with device,"5,000,000+",Free,0,Everyone 10+,Social,"March 22, 2018",8.12.5,4.1 and up
Ultimate Calendar,TOOLS,4.6,1.7k,35M,"50,000+",Free,0,Teen,Tools,"April 30, 2018",4.10.6,5.0 and up
Free Radio 12,MEDICAL,3.8,28,22M,500+,Free,0,Everyone,Medical,"May 18, 2017",1.5.4,4.1 and up
Secure Diet Tracker,MEDICAL,4.6,349,2.7M,"10,000+",Free,0,Everyone,Medical,"February 8, 2018",Varies with device,4.1 and up
Easy Calendar 7,EDUCATION,,4,Varies with device,100+,Free,0,Everyone,Education,"June 25, 2018",5.12.0,4.0.3 and up
Simple Coloring Book,ART_AND_DESIGN,4.6,4924,84M,"50,000+",Free,0,Everyone,Art & Design,"January 23, 2017",3.15.1,Varies with device
Pro Flashlight,BUSINESS,3.7,208,27M,"10,000+",Free,0,Everyone,Business,"December 18, 2017",4.15.9,4.1 and up
Easy Calendar,ENTERTAINMENT,4.4,4022,6.3M,"100,000+",Free,0,Everyone,Entertainment,"November 5, 2017",1.1.6,4.4 and up
Bright Chess,COMMUNICATION,4.1,80.1k,16M,"500,000+",Free,0,Teen,Communication,"March 31, 2017",5.12.2,4.1 and up
Daily Chess,COMMUNICATION,3.6,1487,4.2M,"50,000+",Free,0,Teen,Communication,"July 12, 2017",7.11.0,Varies with device
Ultimate Diet Tracker,SHOPPING,3.9,119,Varies with device,"5,000+",Free,0,Everyone,Shopping,"September 29, 2017",6.4.3,4.1 and up
Fast Messenger,EDUCATION,4.7,880,Varies with device,"50,000+",Free,0,Everyone,Education,"July 24, 2018",6.10.8,4.1 and up
Free Weather,LIFESTYLE,3.7,104776,47M,"5,000,000+",Free,0,Everyone,Lifestyle,"August 13, 2017",2.5.5,4.0.3 and up
Tiny Music Player 3,BOOKS_AND_REFERENCE,3.1,2041,41M,"50,000+",Free,0,Everyone,Books & Reference,"July 20, 2018",4.0.0,Varies with device
Smart Recipes 18,TOOLS,4.2,706,5.9M,"50,000+",Free,0,Teen,Tools,"October 25, 2016",3.16.7,4.0.3 and up
Ultimate Translator 14,TOOLS,4.5,406,8.2M,"10,000+",Free,0,Mature 17+,Tools,"August 1, 2017",5.3.7,4.0.3 and up
Easy Weather,COMMUNICATION,4.0,1561,5.4M,"100,000+",Free,0,Everyone,Communication,"July 5, 2018",2.18.7,4.1 and up
Simple Budget 9,FAMILY,4.1,1878,31M,"100,000+",Free,0,Everyone,Casual,"June 7, 2017",Varies with device,Varies with device
Bright Scanner,MEDICAL,3.7,1.4k,5.3M,"50,000+",Paid,$0.99,Teen,Medical,"September 26, 2016",1.16.4,5.0 and up
Bright Weather,HEALTH_AND_FITNESS,3.7,236,6.9M,"5,000+",Free,0,Everyone,Health & Fitness,"January 7, 2018",2.16.9,4.0.3 and up
Pocket Radio,LIFESTYLE,4.3,28,936k,"1,000+",Free,0,Everyone,Lifestyle,"December 14, 2016",5.15.4,4.4 and up
Ultimate Diet Tracker,MAPS_AND_NAVIGATION,4.3,287,30M,"10,000+",Free,0,Everyone,Maps & Navigation,,4.5.2,4.4 and up
Pocket Weather,FINANCE,5.0,52,54M,"5,000+",Free,0,Everyone,Finance,"July 3, 2018",4.9.8,5.0 and up
Quick Wallpapers 18,MAPS_AND_NAVIGATION,4.0,83,Varies with device,"5,000+",Free,0,Everyone,Maps & Navigation,"October 7, 2017",2.3.1,4.1 and up
Bright VPN,BUSINESS,,11182,Varies with device,"500,000+",Free,0,Everyone,Business,"February 27, 2018",1.12.7,5.0 and up
Cool Messenger 2,EDUCATION,3.8,94,6.6M,"5,000+",Free,0,Everyone,Education,"May 13, 2018",Varies with device,4.0.3 and up
Star Chess,FAMILY,4.5,584,17M,"10,000+",Free,0,Teen,Casual,"January 30, 2017",4.8.2,5.0 and up
Smart Translator,PHOTOGRAPHY,4.3,795,41M,"50,000+",Free,0,Everyone,Photography,"March 4, 2018",3.7.8,Varies with device
Happy Music Player,LIFESTYLE,4.3,323,Varies with device,"5,000+",Free,0,Everyone,Lifestyle,"June 29, 2018",7.10.9,4.0.3 and up
Super Bible,LIFESTYLE,4.7,3k,50M,"100,000+",Free,0,Everyone,Lifestyle,"March 5, 2017",2.4.3,4.0.3 and up
Mini Coloring Book 10,SHOPPING,,505,13M,"50,000+",Free,0,Everyone,Shopping,"May 30, 2017",6.17.1,Varies with device
Super Flashlight,ART_AND_DESIGN,,10,2.4M,500+,Free,0,Teen,Art & Design,"July 13, 2018",8.5.2,5.0 and up
Magic Radio,TRAVEL_AND_LOCAL,4.5,2k,3.7M,"100,000+",Free,0,Everyone,Travel & Local,"March 3, 2018",4.0.2,5.0 and up
Star VPN,TRAVEL_AND_LOCAL,3.7,157,16M,"10,000+",Free,0,Teen,Travel & Local,"January 28, 2018",3.15.8,5.0 and up
Cool Flashlight,BOOKS_AND_REFERENCE,4.4,7k,39M,"500,000+",Free,0,Everyone,Books & Reference,"July 22, 2018",1.5.9,4.1 and up
Free Flashlight,COMMUNICATION,,44k,2.5M,"1,000,000+",Free,0,Everyone,Communication,"July 2, 2017",2.1.4,4.4 and up
Smart Maps,LIFESTYLE,4.6,55,3.8M,"1,000+",Free,0,Everyone,Lifestyle,"December 15, 2017",8.11.9,Varies with device
Pixel Keyboard 10,TRAVEL_AND_LOCAL,4.5,95k,13M,"1,000,000+",Free,0,Everyone,Travel & Local,"March 2, 2018",3.18.2,4.4 and up
Quick Recipes,ART_AND_DESIGN,3.8,99,24M,"5,000+",Free,0,Everyone,Art & Design,"October 22, 2017",1.15.1,5.0 and up
Pocket Recipes,BUSINESS,3.7,465,45M,"10,000+",Free,0,Everyone,Business,"February 22, 2017",2.4.8,4.1 and up
Tiny Translator,TRAVEL_AND_LOCAL,4.2,128,25M,"5,000+",Paid,$2.99,Everyone,Travel & Local,"December 31, 2017",1.14.5,4.4 and up
Bright Bible 5,SOCIAL,4.2,8679,Varies with device,"500,000+",Free,0,Everyone,Social,"February 9, 2018",2.14.1,5.0 and up
Smart Translator 5,MAPS_AND_NAVIGATION,3.7,2704,9.0M,"100,000+",Free,0,Everyone,Maps & Navigation,"May 20, 2018",2.3.2,4.1 and up
Tiny Dictionary,BUSINESS,3.5,321,25M,"5,000+",Free,0,Everyone,Business,"June 29, 2017",5.15.3,4.0.3 and up
Tiny Scanner,LIFESTYLE,4.9,1.9k,6.6M,"50,000+",Free,0,Everyone,Lifestyle,"July 20, 2018",Varies with device,5.0 and up
Happy Diet Tracker,SHOPPING,3.9,139516,22M,"5,000,000+",Free,0,Mature 17+,Shopping,"September 24, 2016",1.18.4,4.0.3 and up
Simple Puzzle,TRAVEL_AND_LOCAL,4.1,16.4k,32M,"500,000+",Free,0,Everyone,Travel & Local,"May 6, 2018",1.11.4,4.0.3 and up
Bright Radio,ENTERTAINMENT,4.0,342,15M,"10,000+",Free,0,Everyone,Entertainment,"April 25, 2017",3.11.8,Varies with device
Pro VPN,BUSINESS,3.1,70,27M,"1,000+",Free,0,Everyone,Business,"August 17, 2016",5.14.6,4.4 and up
Magic Budget,TOOLS,4.6,376,11M,"5,000+",Free,0,Everyone,Tools,,6.1.6,4.1 and up
Secure Flashlight 14,FINANCE,,1,13M,50+,Free,0,Everyone,Finance,"December 12, 2015",3.14.3,Varies with device
Simple Bible,TOOLS,4.2,126,5.6M,"5,000+",Free,0,Teen,Tools,"August 29, 2017",2.14.5,Varies with device
Happy Budget,MAPS_AND_NAVIGATION,4.0,96,Varies with device,"5,000+",Free,0,Everyone 10+,Maps & Navigation,"March 22, 2018",7.19.6,4.0.3 and up
Cool Maps,TRAVEL_AND_LOCAL,3.9,135932,7.1M,"5,000,000+",Free,0,Everyone 10+,Travel & Local,"April 10, 2018",2.16.6,5.0 and up
Easy Music Player 16,SHOPPING,4.0,64,18M,"1,000+",Free,0,Everyone 10+,Shopping,"July 19, 2017",6.19.2,5.0 and up
Tiny Budget,TRAVEL_AND_LOCAL,4.9,109,18M,"5,000+",Free,0,Everyone,Travel & Local,"March 24, 2017",8.19.3,Varies with device
Simple Translator,ART_AND_DESIGN,4.5,20621,12M,"500,000+",Free,0,Teen,Art & Design,"November 16, 2016",Varies with device,5.0 and up
Cool Launcher,COMMUNICATION,3.7,3043,35M,"50,000+",Free,0,Everyone,Communication,"June 26, 2017",2.18.9,4.0.3 and up
Fast Messenger,PRODUCTIVITY,3.7,554,21M,"50,000+",Free,0,Everyone,Productivity,"June 4, 2018",4.9.2,4.4 and up
Cool Scanner 15,TOOLS,4.6,3488,12M,"100,000+",Free,0,Everyone,Tools,"May 13, 2018",3.17.0,4.4 and up
Simple Puzzle,GAME,4.5,15315,3.2M,"500,000+",Free,0,Everyone,Action,"September 3, 2017",3.14.0,Varies with device
Tiny Flashlight,SPORTS,3.8,288,13M,"10,000+",Free,0,Teen,Sports,"March 20, 2016",Varies with device,4.0.3 and up
Smart Flashlight,ENTERTAINMENT,4.9,26775,30M,"1,000,000+",Free,0,Everyone,Entertainment,"May 22, 2018",Varies with device,4.4 and up
Simple Coloring Book,PRODUCTIVITY,4.0,12662,24M,"500,000+",Paid,$2.99,Everyone,Productivity,"February 1, 2017",6.10.4,4.1 and up
Pocket Translator,BUSINESS,4.2,132,12M,"5,000+",Free,0,Teen,Business,"September 4, 2017",Varies with device,5.0 and up
Star Coloring Book,SOCIAL,4.3,1476,13M,"50,000+",Free,0,Everyone,Social,"May 10, 2017",Varies with device,4.0.3 and up
Tiny Messenger,TOOLS,5.0,343206,32M,"5,000,000+",Free,0,Teen,Tools,"October 27, 2017",5.4.5,4.1 and up
Smart Launcher,FAMILY,,542,Varies with device,"50,000+",Free,0,Everyone,Casual,"May 30, 2018",3.6.1,4.1 and up
Pocket Maps,EDUCATION,4.7,2805,7.9M,"50,000+",Free,0,Mature 17+,Education,"December 11, 2017",5.18.5,4.1 and up
Ultimate Workout 10,TRAVEL_AND_LOCAL,3.8,364,3.2M,"50,000+",Free,0,Everyone,Travel & Local,"July 21, 2018",6.15.4,4.0.3 and up
Free Coloring Book,COMMUNICATION,4.5,20,Varies with device,500+,Free,0,Everyone,Communication,"July 7, 2017",1.7.6,4.1 and up
Happy Weather,SOCIAL,4.8,5071,1.9M,"500,000+",Free,0,Everyone,Social,"February 15, 2018",Varies with device,4.0.3 and up
Pocket Calendar 19,SOCIAL,4.8,268,Varies with device,"5,000+",Free,0,Everyone,Social,"January 25, 2018",8.16.8,Varies with device
Quick Scanner,SPORTS,5.0,59.1k,7.9M,"1,000,000+",Free,0,Everyone 10+,Sports,"July 20, 2018",2.11.9,Varies with device
Mini Weather,BUSINESS,4.2,1142,Varies with device,"50,000+",Free,0,Mature 17+,Business,"February 4, 2018",2.5.9,Varies with device
Pixel Wallpapers,GAME,4.5,1478,6.4M,"50,000+",Free,0,Everyone,Action,"July 8, 2018",5.12.2,4.0.3 and up
Pixel Dictionary,LIFESTYLE,3.2,375,843k,"50,000+",Free,0,Everyone,Lifestyle,"June 26, 2016",Varies with device,4.0.3 and up
Cool Chess,PRODUCTIVITY,3.7,3807,51M,"100,000+",Free,0,Everyone,Productivity,"June 4, 2015",5.0.7,5.0 and up
Super Photo Editor 19,ART_AND_DESIGN,4.7,23906,13M,"500,000+",Free,0,Everyone,Art & Design,"August 9, 2016",2.18.1,4.4 and up
Pocket Radio,TRAVEL_AND_LOCAL,4.6,3852,2.4M,"50,000+",Free,0,Everyone,Travel & Local,"December 11, 2017",8.5.6,Varies with device
Easy Chess,SPORTS,4.7,221,14M,"5,000+",Paid,$2.99,Everyone,Sports,"February 5, 2018",1.18.2,4.0.3 and up
Mini Diet Tracker,SPORTS,4.0,3,22M,500+,Paid,$1.99,Everyone,Sports,"January 21, 2016",Varies with device,5.0 and up
Bright Radio,FAMILY,3.9,7300,31M,"500,000+",Free,0,Everyone,Casual,"April 30, 2016",Varies with device,4.1 and up
Simple Workout,TOOLS,4.4,1k,16M,"50,000+",Free,0,Teen,Tools,"August 5, 2016",1.18.3,4.1 and up
Quick Keyboard 3,MEDICAL,4.0,2.9M,3.8M,"100,000,000+",Free,0,Teen,Medical,"March 5, 2017",7.5.3,5.0 and up
Mini Budget,PHOTOGRAPHY,4.3,393,345k,"10,000+",Free,0,Everyone,Photography,"June 16, 2018",Varies with device,5.0 and up
Quick Launcher 5,BOOKS_AND_REFERENCE,4.5,290,27M,"5,000+",Paid,$2.99,Everyone,Books & Reference,"December 10, 2017",2.6.5,5.0 and up
Pixel Chess,HEALTH_AND_FITNESS,4.2,204,4.1M,"5,000+",Free,0,Teen,Health & Fitness,"April 4, 2016",Varies with device,Varies with device
Mini Scanner,TOOLS,4.0,1.5k,6.5M,"50,000+",Free,0,Everyone,Tools,"May 16, 2018",Varies with device,4.1 and up
Daily Scanner,FINANCE,5.0,507,3.0M,"50,000+",Free,0,Everyone,Finance,"July 10, 2018",8.1.9,4.1 and up
Bright Bible,PHOTOGRAPHY,3.6,309299,55M,"5,000,000+",Free,0,Everyone,Photography,"June 11, 2017",4.0.8,4.1 and up
Pixel Wallpapers 7,BOOKS_AND_REFERENCE,4.5,35,Varies with device,"1,000+",Paid,$1.99,Everyone,Books & Reference,"July 1, 2018",3.19.1,5.0 and up
Secure Coloring Book,SPORTS,3.7,750,20M,"10,000+",Free,0,Everyone,Sports,"October 14, 2017",1.15.1,4.0.3 and up
Pixel VPN 2,ART_AND_DESIGN,4.7,572,Varies with device,"10,000+",Free,0,Everyone,Art & Design,"February 8, 2018",5.18.4,4.0.3 and up
Easy Launcher,SOCIAL,4.4,118,6.0M,"5,000+",Free,0,Everyone,Social,"October 27, 2017",2.5.8,4.0.3 and up
Bright Chess,SPORTS,3.8,5876,9.3M,"500,000+",Free,0,Everyone,Sports,"April 8, 2018",1.4.4,4.4 and up
Pocket Workout,TOOLS,4.1,3,19M,100+,Free,0,Everyone,Tools,"March 8, 2018",6.15.8,Varies with device
Pixel VPN,TOOLS,4.3,9,12M,500+,Free,0,Everyone,Tools,"August 10, 2017",2.0.0,4.0.3 and up
Simple Chess 13,LIFESTYLE,4.0,1788,Varies with device,"50,000+",Free,0,Everyone,Lifestyle,"January 24, 2018",Varies with device,4.1 and up
Simple Scanner,MEDICAL,5.0,38k,9.8M,"500,000+",Paid,$0.99,Everyone,Medical,"August 13, 2017",2.10.4,Varies with device
Super Bible 11,SPORTS,3.3,399,3.4M,"50,000+",Free,0,Everyone,Sports,"March 12, 2018",1.9.5,4.1 and up
Happy VPN,TRAVEL_AND_LOCAL,4.1,47k,37M,"1,000,000+",Free,0,Everyone,Travel & Local,"January 9, 2018",Varies with device,5.0 and up
Daily Budget,PRODUCTIVITY,4.4,4k,13M,"500,000+",Free,0,Everyone,Productivity,"March 19, 2017",1.17.9,4.0.3 and up
Mini Flashlight 15,ART_AND_DESIGN,4.6,11255,16M,"500,000+",Free,0,Everyone,Art & Design,"October 6, 2016",1.14.6,4.0.3 and up
Mini Bible,MAPS_AND_NAVIGATION,4.2,29,9.8M,"5,000+",Free,0,Everyone,Maps & Navigation,"January 16, 2018",8.8.4,Varies with device
Happy Translator 7,SHOPPING,4.0,1310,33M,"50,000+",Free,0,Teen,Shopping,"February 25, 2016",3.9.7,4.1 and up
Cool Chess,HEALTH_AND_FITNESS,4.8,859,Varies with device,"10,000+",Free,0,Teen,Health & Fitness,"July 29, 2018",Varies with device,Varies with device
Ultimate Budget,PRODUCTIVITY,3.9,1.7k,8.5M,"100,000+",Free,0,Everyone,Productivity,"December 3, 2017",7.3.6,5.0 and up
Tiny Recipes,EDUCATION,3.6,1714,6.3M,"50,000+",Free,0,Everyone,Education,"July 11, 2018",5.7.2,4.1 and up
Happy Launcher,SPORTS,4.1,911,Varies with device,"50,000+",Free,0,Everyone,Sports,"July 29, 2018",3.17.3,Varies with device
Happy Notes,BOOKS_AND_REFERENCE,4.2,5113,2.5M,"500,000+",Free,0,Everyone,Books & Reference,"September 24, 2017",1.4.3,5.0 and up
Free Budget,TRAVEL_AND_LOCAL,3.9,747,Varies with device,"50,000+",Free,0,Everyone,Travel & Local,"July 13, 2017",5.19.0,4.4 and up
Bright Maps,FAMILY,4.4,147621,4.0M,"5,000,000+",Free,0,Everyone,Casual,"June 20, 2018",7.10.2,4.1 and up
Daily Launcher,PRODUCTIVITY,4.3,89,52M,"5,000+",Free,0,Everyone,Productivity,"February 1, 2017",4.19.0,5.0 and up
Pocket Notes,BUSINESS,3.7,17,25M,500+,Paid,$1.99,Everyone,Business,"October 14, 2017",4.17.8,Varies with device
Star Dictionary,COMMUNICATION,4.0,262725,12M,"10,000,000+",Free,0,Everyone,Communication,"August 15, 2016",Varies with device,4.0.3 and up
Quick Diet Tracker 13,MAPS_AND_NAVIGATION,4.1,47,5.2M,"5,000+",Free,0,Everyone,Maps & Navigation,"June 15, 2017",8.0.9,5.0 and up
Tiny Flashlight 7,SOCIAL,5.0,103,Varies with device,"5,000+",Free,0,Everyone,Social,"March 8, 2018",7.7.3,4.4 and up
Bright Diet Tracker,PRODUCTIVITY,4.4,21764,20M,"500,000+",Free,0,Everyone 10+,Productivity,"February 3, 2017",4.14.8,4.0.3 and up
Smart Bible,BUSINESS,,11092,Varies with device,"500,000+",Free,0,Mature 17+,Business,"October 15, 2017",3.15.0,4.0.3 and up
Pixel Puzzle 4,SHOPPING,4.2,249,6.1M,"5,000+",Free,0,Everyone,Shopping,"November 14, 2017",2.8.4,4.1 and up
Mini Flashlight,SPORTS,4.5,27,5.6M,"1,000+",Free,0,Teen,Sports,"April 26, 2018",6.9.7,4.1 and up
Cool Dictionary,MEDICAL,,2,8.6M,50+,Free,0,Mature 17+,Medical,"April 24, 2018",4.12.6,Varies with device
Quick Maps,SOCIAL,5.0,2484,11M,"100,000+",Free,0,Everyone,Social,"October 9, 2017",8.8.0,4.1 and up
Pocket Keyboard,HEALTH_AND_FITNESS,4.4,4k,Varies with device,"100,000+",Free,0,Everyone,Health & Fitness,"July 7, 2017",7.18.0,4.4 and up
Secure Calendar,HEALTH_AND_FITNESS,4.3,371,622k,"50,000+",Free,0,Everyone,Health & Fitness,"September 13, 2017",5.12.9,5.0 and up
Pixel Puzzle,HEALTH_AND_FITNESS,4.2,2546,5.0M,"50,000+",Free,0,Mature 17+,Health & Fitness,,4.5.5,4.4 and up
Star Music Player,HEALTH_AND_FITNESS,4.3,25k,100M,"1,000,000+",Free,0,Everyone,Health & Fitness,"June 5, 2018",3.9.9,4.0.3 and up
Free Coloring Book,PRODUCTIVITY,4.1,3673,30M,"500,000+",Free,0,Mature 17+,Productivity,"March 28, 2017",Varies with device,4.4 and up
Pro Translator,TRAVEL_AND_LOCAL,4.5,20534,29M,"500,000+",Paid,$2.99,Everyone,Travel & Local,"July 14, 2018",5.1.7,Varies with device
Super Flashlight 18,SOCIAL,4.4,2.8k,13M,"50,000+",Free,0,Everyone,Social,"March 20, 2017",4.9.9,4.1 and up
Bright Coloring Book,FINANCE,4.8,100,2.2M,"5,000+",Free,0,Everyone,Finance,"February 16, 2018",4.9.4,4.4 and up
Pocket Launcher,SOCIAL,4.9,0,50M,1+,Free,0,Everyone,Social,"January 26, 2017",Varies with device,4.4 and up
Super Translator,FINANCE,3.7,6895,Varies with device,"50,000+",Free,0,Everyone,Finance,"February 7, 2018",4.16.5,4.0.3 and up
Super Coloring Book,PHOTOGRAPHY,4.2,2622,27M,"50,000+",Free,0,Everyone,Photography,"June 15, 2018",6.17.4,4.1 and up
Pocket Notes,SOCIAL,4.6,8.9k,3.7M,"500,000+",Free,0,Mature 17+,Social,"May 12, 2017",5.17.8,4.4 and up
Free Maps 15,TOOLS,4.2,66,37M,"5,000+",Free,0,Mature 17+,Tools,"March 9, 2016",8.12.6,4.1 and up
Smart Puzzle 13,MAPS_AND_NAVIGATION,4.7,205,25M,"10,000+",Free,0,Mature 17+,Maps & Navigation,"July 27, 2017",8.7.4,4.1 and up
Magic Keyboard,TOOLS,4.1,120.2k,52M,"5,000,000+",Free,0,Everyone,Tools,"October 30, 2016",2.16.5,4.4 and up
Star Notes,SPORTS,3.5,10.8M,27M,"500,000,000+",Free,0,Everyone,Sports,"August 28, 2017",8.5.9,Varies with device
Super Workout,FAMILY,4.1,2.2k,8.9M,"50,000+",Free,0,Everyone,Casual,"January 17, 2018",Varies with device,4.0.3 and up
Daily VPN 9,HEALTH_AND_FITNESS,4.1,65288,16M,"5,000,000+",Free,0,Everyone,Health & Fitness,"December 6, 2017",6.0.4,5.0 and up
Star Maps 16,BOOKS_AND_REFERENCE,,1.1k,6.5M,"50,000+",Free,0,Everyone,Books & Reference,"January 23, 2018",2.17.6,4.4 and up
Daily Recipes 6,ART_AND_DESIGN,,1.7M,7.9M,"50,000,000+",Free,0,Everyone,Art & Design,"July 22, 2016",4.6.0,4.1 and up
Tiny Bible 13,BOOKS_AND_REFERENCE,4.9,8k,6.8M,"500,000+",Free,0,Teen,Books & Reference,"June 16, 2017",6.9.6,4.4 and up
Simple Keyboard,EDUCATION,4.6,188,1.3M,"10,000+",Free,0,Everyone,Education,"October 16, 2017",5.8.3,4.0.3 and up
Bright Radio 8,TOOLS,4.4,28613,2.3M,"500,000+",Free,0,Everyone,Tools,"June 17, 2017",3.19.2,Varies with device
Mini Weather,TOOLS,4.4,2273,30M,"100,000+",Free,0,Everyone,Tools,"June 6, 2017",2.18.7,4.1 and up
Smart Diet Tracker 18,TOOLS,3.6,10224,13M,"500,000+",Free,0,Mature 17+,Tools,"February 25, 2016",5.2.9,Varies with device
Mini Flashlight,SOCIAL,4.1,4.2k,7.4M,"50,000+",Free,0,Everyone,Social,"November 9, 2016",2.8.5,4.1 and up
Free Calendar 9,BOOKS_AND_REFERENCE,4.4,30,19M,"1,000+",Free,0,Everyone,Books & Reference,"June 27, 2017",6.16.5,4.4 and up
Cool Maps,GAME,3.7,1994,22M,"50,000+",Free,0,Mature 17+,Action,"October 25, 2016",Varies with device,4.1 and up
Bright Flashlight,SHOPPING,4.5,371,7.1M,"10,000+",Free,0,Everyone,Shopping,"June 11, 2018",3.18.3,4.0.3 and up
Pocket Keyboard,EDUCATION,3.1,29275,3.5M,"500,000+",Free,0,Everyone,Education,"November 4, 2015",7.6.1,5.0 and up
Star Workout,TRAVEL_AND_LOCAL,3.6,44,21M,"5,000+",Paid,$2.99,Everyone,Travel & Local,"December 2, 2015",8.15.0,4.4 and up
Happy Scanner,ART_AND_DESIGN,3.8,73,5.7M,"5,000+",Free,0,Everyone,Art & Design,"April 14, 2018",1.0.6,4.0.3 and up
Pro Workout,BUSINESS,4.2,66,10M,"1,000+",Free,0,Everyone,Business,"January 13, 2017",5.3.8,4.4 and up
Bright Diet Tracker,LIFESTYLE,4.3,2183,11M,"100,000+",Paid,$2.99,Teen,Lifestyle,"December 20, 2017",5.14.5,4.4 and up
Star Photo Editor 10,SHOPPING,4.3,8064,12M,"500,000+",Free,0,Teen,Shopping,"April 29, 2018",2.18.6,4.1 and up
Bright Dictionary 12,EDUCATION,5.0,1804,2.4M,"100,000+",Free,0,Teen,Education,"December 21, 2017",Varies with device,4.1 and up
Daily Workout,LIFESTYLE,3.5,27.5k,Varies with device,"500,000+",Free,0,Everyone,Lifestyle,"January 24, 2018",4.9.5,4.4 and up
Mini Weather 13,GAME,4.0,9k,17M,"500,000+",Free,0,Everyone 10+,Action,"May 9, 2018",1.4.9,4.0.3 and up
Smart Recipes,SPORTS,5.0,69,20M,"5,000+",Free,0,Everyone,Sports,"July 24, 2018",7.0.4,4.0.3 and up
Quick Radio,TOOLS,4.2,64,11M,"5,000+",Free,0,Everyone,Tools,"September 10, 2017",7.0.1,4.0.3 and up
Cool Weather,ENTERTAINMENT,3.6,16.5k,Varies with device,"500,000+",Free,0,Everyone,Entertainment,"April 3, 2016",4.4.4,5.0 and up
Pocket Workout 14,SPORTS,4.3,131,Varies with device,"5,000+",Free,0,Everyone,Sports,"December 17, 2016",4.5.4,4.1 and up
Mini Messenger 16,ENTERTAINMENT,3.8,964,6.7M,"10,000+",Free,0,Teen,Entertainment,"May 4, 2018",Varies with device,Varies with device
Pixel VPN,ART_AND_DESIGN,4.9,12226,9.0M,"500,000+",Free,0,Teen,Art & Design,"March 2, 2016",Varies with device,Varies with device
Easy Diet Tracker,COMMUNICATION,4.0,5431,23M,"100,000+",Free,0,Everyone,Communication,"November 9, 2017",2.5.1,5.0 and up
Pro Translator,SOCIAL,4.4,495,6.0M,"50,000+",Free,0,Everyone,Social,"July 30, 2017",2.15.1,5.0 and up
Smart Workout,PRODUCTIVITY,4.1,21,30M,500+,Free,0,Everyone 10+,Productivity,"January 2, 2018",6.12.8,4.0.3 and up
Mini Keyboard 11,TRAVEL_AND_LOCAL,,0,7.4M,1+,Free,0,Everyone,Travel & Local,"March 16, 2018",6.2.9,4.0.3 and up
Quick Photo Editor,HEALTH_AND_FITNESS,4.1,1556,11M,"50,000+",Free,0,Everyone,Health & Fitness,"September 18, 2015",1.6.0,4.4 and up
Tiny Budget,PRODUCTIVITY,4.4,1412,Varies with device,"50,000+",Free,0,Everyone,Productivity,"February 16, 2017",6.11.3,4.1 and up
Free Scanner,SPORTS,4.3,29,7.0M,500+,Free,0,Everyone,Sports,"October 15, 2017",4.15.4,4.0.3 and up
Fast Chess,MEDICAL,4.6,3702,20M,"50,000+",Free,0,Everyone,Medical,"May 20, 2018",4.9.7,Varies with device
Happy Scanner,PRODUCTIVITY,4.3,263,24M,"5,000+",Free,0,Teen,Productivity,"January 5, 2018",1.3.8,5.0 and up
Easy Bible,PRODUCTIVITY,4.8,7,8.5M,100+,Paid,$0.99,Mature 17+,Productivity,"May 18, 2018",3.9.6,4.1 and up
Tiny Dictionary,SHOPPING,3.6,12728,28M,"500,000+",Free,0,Everyone,Shopping,"October 8, 2015",8.9.5,Varies with device
Happy Calendar,SOCIAL,4.3,427,27M,"50,000+",Free,0,Mature 17+,Social,"March 23, 2017",7.6.0,4.1 and up
Pro Radio,HEALTH_AND_FITNESS,4.5,2.6M,12M,"50,000,000+",Free,0,Everyone,Health & Fitness,"February 20, 2018",7.11.0,4.4 and up
Tiny Translator 2,ART_AND_DESIGN,4.8,138,38M,"5,000+",Free,0,Mature 17+,Art & Design,"August 20, 2016",3.2.1,Varies with device
Bright Scanner,BUSINESS,3.5,14244,14M,"500,000+",Free,0,Everyone,Business,"February 10, 2018",Varies with device,4.4 and up
Pocket Workout 3,EDUCATION,,4,2.0M,100+,Free,0,Everyone,Education,"March 23, 2018",4.1.1,4.1 and up
Bright Messenger,MEDICAL,4.5,19984,7.9M,"500,000+",Free,0,Everyone,Medical,"July 10, 2016",3.10.4,4.4 and up
Star Launcher,MEDICAL,3.9,9187,2.4M,"500,000+",Free,0,Everyone 10+,Medical,"December 8, 2017",5.0.7,4.1 and up
Smart Bible,TOOLS,4.7,618,62M,"50,000+",Free,0,Everyone,Tools,"January 26, 2018",5.12.5,4.1 and up
Pixel Bible 9,FAMILY,4.7,399,Varies with device,"5,000+",Free,0,Teen,Casual,"December 5, 2016",2.12.2,4.4 and up
Happy Messenger,ART_AND_DESIGN,4.3,14671,10M,"100,000+",Free,0,Everyone,Art & Design,"May 18, 2016",1.0.6,5.0 and up
Tiny Radio 16,HEALTH_AND_FITNESS,4.3,2018,12M,"100,000+",Free,0,Everyone,Health & Fitness,"January 3, 2018",5.2.9,4.1 and up
Mini Flashlight 11,MEDICAL,4.4,539,100M,"10,000+",Free,0,Everyone,Medical,"February 5, 2017",2.6.2,4.4 and up
Happy Diet Tracker,HEALTH_AND_FITNESS,4.6,1464,39M,"100,000+",Free,0,Everyone,Health & Fitness,"July 29, 2017",2.11.6,4.1 and up
Free Chess,ART_AND_DESIGN,4.7,133,605k,"5,000+",Free,0,Everyone,Art & Design,"October 13, 2016",7.0.7,5.0 and up
Free Radio,MAPS_AND_NAVIGATION,4.0,202674,7.6M,"5,000,000+",Free,0,Everyone,Maps & Navigation,"December 5, 2017",Varies with device,4.1 and up
Fast Radio,LIFESTYLE,3.8,27,3.6M,"1,000+",Free,0,Everyone,Lifestyle,,2.5.7,Varies with device
Tiny Recipes,ART_AND_DESIGN,3.9,6795,14M,"500,000+",Free,0,Everyone,Art & Design,"June 9, 2017",3.14.9,Varies with device
Simple Weather 18,ENTERTAINMENT,3.7,305802,3.6M,"5,000,000+",Free,0,Everyone,Entertainment,"November 15, 2016",1.1.6,Varies with device
Easy Bible,LIFESTYLE,4.6,1853,8.1M,"50,000+",Free,0,Everyone,Lifestyle,"January 1, 2017",7.5.8,4.4 and up
Magic Dictionary 4,MAPS_AND_NAVIGATION,4.4,6.9k,Varies with device,"100,000+",Free,0,Everyone,Maps & Navigation,"June 1, 2018",6.12.5,4.0.3 and up
Pro Flashlight 9,MAPS_AND_NAVIGATION,4.0,172,18M,"10,000+",Free,0,Everyone,Maps & Navigation,"February 14, 2018",8.5.9,4.0.3 and up
Tiny Budget,ENTERTAINMENT,4.0,397k,34M,"10,000,000+",Free,0,Everyone,Entertainment,"May 17, 2017",2.6.4,4.0.3 and up
Happy Scanner 9,SHOPPING,3.5,377,545k,"10,000+",Free,0,Teen,Shopping,"April 5, 2018",Varies with device,5.0 and up
Free Radio 13,BUSINESS,4.7,4.3k,19M,"500,000+",Free,0,Everyone,Business,"August 25, 2016",3.11.9,4.4 and up
Quick Messenger,ART_AND_DESIGN,4.7,187248,11M,"5,000,000+",Free,0,Everyone,Art & Design,"September 15, 2016",1.18.9,4.4 and up
Cool Translator,GAME,3.3,3k,24M,"100,000+",Free,0,Everyone,Action,"March 12, 2018",7.8.3,4.4 and up
Pocket Budget 10,FINANCE,4.3,1.9k,39M,"50,000+",Free,0,Everyone,Finance,"May 20, 2017",5.18.9,5.0 and up
Pixel Wallpapers,ART_AND_DESIGN,4.8,116197,5.8M,"5,000,000+",Free,0,Everyone,Art & Design,"December 22, 2017",2.19.1,4.0.3 and up
Happy Scanner 9,SHOPPING,4.2,1,34M,50+,Free,0,Everyone,Shopping,"July 3, 2017",7.6.1,4.0.3 and up
Pro Messenger,TOOLS,3.1,31680,5.8M,"1,000,000+",Free,0,Everyone 10+,Tools,"July 15, 2018",8.6.4,5.0 and up
Quick Coloring Book 16,BOOKS_AND_REFERENCE,3.8,170,12M,"5,000+",Paid,$4.99,Everyone,Books & Reference,"September 3, 2015",6.16.4,4.0.3 and up
Tiny Recipes 12,SPORTS,4.7,4451,16M,"50,000+",Free,0,Everyone,Sports,"June 8, 2018",Varies with device,4.1 and up
Pocket Chess,PRODUCTIVITY,4.0,11.8k,Varies with device,"500,000+",Free,0,Everyone,Productivity,"March 13, 2018",Varies with device,4.4 and up
Secure Flashlight,COMMUNICATION,4.2,6k,13M,"100,000+",Free,0,Everyone,Communication,"March 30, 2018",4.10.9,5.0 and up
Bright Scanner,FAMILY,4.8,66,4.9M,"1,000+",Free,0,Everyone,Casual,"February 8, 2017",5.1.1,4.0.3 and up
Magic Coloring Book,HEALTH_AND_FITNESS,3.8,5,Varies with device,100+,Free,0,Everyone,Health & Fitness,"January 22, 2018",2.12.1,4.0.3 and up
Fast Keyboard,PRODUCTIVITY,4.2,3.8M,11M,"100,000,000+",Free,0,Everyone,Productivity,"January 30, 2018",4.7.2,4.4 and up
Quick Recipes,MEDICAL,4.2,596,1.5M,"50,000+",Free,0,Everyone,Medical,"December 13, 2016",6.1.3,4.0.3 and up
Simple Workout 13,SHOPPING,4.3,1k,Varies with device,"50,000+",Free,0,Everyone,Shopping,"June 1, 2018",4.7.0,4.1 and up
Ultimate Bible,MEDICAL,5.0,259,75M,"5,000+",Free,0,Everyone,Medical,"March 18, 2018",8.7.6,4.1 and up
Pro Scanner,LIFESTYLE,4.3,2.1k,6.1M,"50,000+",Free,0,Everyone,Lifestyle,"April 4, 2018",2.1.2,Varies with device
Free Bible,PHOTOGRAPHY,4.7,26402,Varies with device,"500,000+",Free,0,Teen,Photography,"January 25, 2017",2.14.1,4.1 and up
Simple Recipes,LIFESTYLE,,17,Varies with device,500+,Free,0,Everyone,Lifestyle,"August 28, 2017",Varies with device,4.4 and up
Ultimate Workout,EDUCATION,3.5,36,4.2M,500+,Free,0,Everyone,Education,"March 19, 2018",1.16.9,5.0 and up
Super Keyboard,TRAVEL_AND_LOCAL,4.7,1404,25M,"100,000+",Paid,$4.99,Everyone,Travel & Local,"June 21, 2018",3.18.5,4.1 and up
Happy Translator,SOCIAL,4.2,1329,Varies with device,"50,000+",Free,0,Everyone,Social,"May 5, 2018",2.8.2,4.1 and up
Super Photo Editor 4,PRODUCTIVITY,5.0,107423,Varies with device,"5,000,000+",Free,0,Mature 17+,Productivity,"August 27, 2017",8.12.8,4.1 and up
Magic Music Player,SOCIAL,4.8,1.5k,2.2M,"100,000+",Free,0,Teen,Social,"July 17, 2018",6.19.1,5.0 and up
Bright VPN 19,COMMUNICATION,4.8,97,836k,"5,000+",Free,0,Everyone,Communication,"May 1, 2017",3.0.9,4.0.3 and up
Secure Messenger 4,BOOKS_AND_REFERENCE,4.7,43,Varies with device,500+,Free,0,Everyone,Books & Reference,"August 1, 2018",6.18.1,Varies with device
Pro Bible 2,ART_AND_DESIGN,4.3,25281,18M,"1,000,000+",Free,0,Mature 17+,Art & Design,"May 16, 2018",Varies with device,4.4 and up
Daily Translator 13,SHOPPING,4.3,5248,Varies with device,"50,000+",Free,0,Everyone,Shopping,"July 25, 2018",3.4.3,4.1 and up
Smart Launcher 13,MAPS_AND_NAVIGATION,3.8,3k,7.3M,"500,000+",Free,0,Everyone,Maps & Navigation,"July 11, 2018",5.5.6,Varies with device
Daily Photo Editor 14,SHOPPING,5.0,6k,Varies with device,"50,000+",Free,0,Everyone,Shopping,"July 1, 2018",7.1.2,5.0 and up
Tiny Launcher,PRODUCTIVITY,3.2,751,6.5M,"10,000+",Free,0,Everyone,Productivity,"September 28, 2017",7.16.5,4.0.3 and up
Star Weather,EDUCATION,3.9,6963,183k,"100,000+",Free,0,Mature 17+,Education,"July 10, 2018",8.0.7,4.1 and up
Cool Workout 8,PHOTOGRAPHY,4.3,81,28M,"5,000+",Free,0,Teen,Photography,"May 10, 2016",Varies with device,Varies with device
Quick Chess 3,SOCIAL,5.0,144,20M,"5,000+",Free,0,Everyone,Social,"July 20, 2017",8.3.5,5.0 and up
Happy Notes,PHOTOGRAPHY,3.9,406,Varies with device,"50,000+",Free,0,Everyone,Photography,"February 13, 2018",6.1.5,4.0.3 and up
Tiny Bible,FAMILY,4.0,93,37M,"5,000+",Free,0,Everyone,Casual,"February 26, 2017",5.0.2,Varies with device
Pixel VPN,PRODUCTIVITY,4.2,17707,4.5M,"500,000+",Free,0,Everyone,Productivity,"June 9, 2017",4.15.5,5.0 and up
Quick Radio,HEALTH_AND_FITNESS,3.6,1169,34M,"50,000+",Free,0,Everyone,Health & Fitness,"April 20, 2016",7.11.2,5.0 and up
Smart Radio,HEALTH_AND_FITNESS,4.6,31,8.4M,"5,000+",Free,0,Everyone,Health & Fitness,"July 11, 2018",6.18.8,4.0.3 and up
Tiny Dictionary 15,PHOTOGRAPHY,4.7,288,21M,"5,000+",Free,0,Teen,Photography,"February 12, 2018",8.19.0,4.0.3 and up
Cool Flashlight 18,COMMUNICATION,,7,Varies with device,500+,Free,0,Everyone,Communication,"February 10, 2018",1.16.0,5.0 and up
Simple Chess 12,MEDICAL,4.6,1.0k,82M,"50,000+",Free,0,Everyone,Medical,"April 17, 2017",2.6.2,5.0 and up
Secure Wallpapers,SOCIAL,4.5,20,3.4M,500+,Free,0,Everyone,Social,"June 11, 2018",2.19.8,4.4 and up
Easy Scanner,LIFESTYLE,4.0,1934,9.0M,"50,000+",Free,0,Everyone,Lifestyle,"January 25, 2018",6.1.8,4.1 and up
Secure Chess,ART_AND_DESIGN,3.5,77,4.8M,"5,000+",Free,0,Everyone,Art & Design,"May 25, 2017",5.11.3,4.0.3 and up
Magic Weather 11,ART_AND_DESIGN,4.3,31,6.7M,"1,000+",Free,0,Everyone,Art & Design,"July 2, 2017",2.5.3,5.0 and up
Pixel Wallpapers,SHOPPING,4.3,1k,16M,"10,000+",Free,0,Everyone,Shopping,"January 16, 2018",1.17.7,Varies with device
Daily Keyboard 8,MEDICAL,3.8,260826,24M,"5,000,000+",Free,0,Everyone 10+,Medical,"October 23, 2017",3.19.5,4.4 and up
Free Workout,EDUCATION,4.7,256,35M,"5,000+",Free,0,Everyone,Education,"July 9, 2018",1.17.1,5.0 and up
Free Weather 3,COMMUNICATION,4.5,65,4.6M,"1,000+",Free,0,Everyone,Communication,"May 29, 2018",3.14.3,5.0 and up
Happy Puzzle,SPORTS,4.5,273,29M,"10,000+",Free,0,Everyone,Sports,"September 4, 2015",1.7.1,4.1 and up
Tiny Dictionary 12,FAMILY,4.7,0,13M,1+,Free,0,Everyone,Casual,"May 9, 2018",2.5.8,5.0 and up
Free Music Player 4,SOCIAL,4.7,871,Varies with device,"50,000+",Free,0,Everyone,Social,"December 14, 2017",8.6.7,4.4 and up
Star Calendar,ENTERTAINMENT,4.3,1.3M,Varies with device,"10,000,000+",Free,0,Everyone,Entertainment,"August 5, 2016",2.5.9,5.0 and up
Easy Flashlight,PRODUCTIVITY,2.9,28,Varies with device,500+,Free,0,Everyone,Productivity,"June 7, 2017",2.8.3,Varies with device
Star Music Player,BOOKS_AND_REFERENCE,2.9,26195,18M,"500,000+",Free,0,Everyone,Books & Reference,"February 20, 2016",3.13.2,4.1 and up
Secure Wallpapers,FAMILY,3.8,5352,18M,"100,000+",Paid,$4.99,Everyone,Casual,"January 13, 2016",8.4.3,4.0.3 and up
Quick Music Player 15,GAME,3.6,6082,18M,"500,000+",Free,0,Everyone,Action,"May 9, 2017",4.14.7,4.1 and up
Pro Bible 4,HEALTH_AND_FITNESS,3.8,21666,12M,"1,000,000+",Free,0,Everyone,Health & Fitness,"September 3, 2017",3.4.7,5.0 and up
Ultimate Scanner,LIFESTYLE,4.5,19,25M,"1,000+",Free,0,Everyone,Lifestyle,"June 11, 2018",Varies with device,4.1 and up
Pocket VPN 16,MEDICAL,3.5,372877,Varies with device,"10,000,000+",Paid,$9.99,Everyone,Medical,"February 23, 2017",5.19.6,4.1 and up
Free Messenger,PRODUCTIVITY,3.9,36,20M,"5,000+",Free,0,Everyone,Productivity,"April 10, 2018",5.4.5,4.4 and up
Mini Launcher,HEALTH_AND_FITNESS,4.3,1243,16M,"50,000+",Free,0,Everyone,Health & Fitness,"August 17, 2017",2.0.8,5.0 and up
Tiny Coloring Book,TOOLS,3.9,0,Varies with device,1+,Free,0,Mature 17+,Tools,"March 9, 2018",7.1.9,Varies with device
Cool VPN,FAMILY,,295,4.5M,"5,000+",Free,0,Everyone 10+,Casual,"May 18, 2018",4.3.0,Varies with device
Free Workout,BOOKS_AND_REFERENCE,4.6,17.7k,19M,"500,000+",Free,0,Mature 17+,Books & Reference,"December 29, 2017",2.15.2,5.0 and up
Pocket Recipes,TRAVEL_AND_LOCAL,4.3,54,12M,"5,000+",Free,0,Everyone,Travel & Local,"May 4, 2018",6.1.9,4.4 and up
Tiny VPN 13,LIFESTYLE,3.9,877,620k,"10,000+",Free,0,Everyone,Lifestyle,"May 15, 2018",5.15.7,5.0 and up
Cool Dictionary,ENTERTAINMENT,3.8,1970,31M,"100,000+",Free,0,Everyone,Entertainment,,6.12.7,4.1 and up
Easy Launcher,SHOPPING,3.8,1791,55M,"100,000+",Free,0,Everyone,Shopping,"July 7, 2018",3.14.3,4.4 and up
Star Keyboard,TOOLS,4.7,74,14M,"5,000+",Free,0,Everyone 10+,Tools,"August 15, 2017",6.11.7,Varies with device
Secure Weather,FINANCE,4.7,65.7k,8.6M,"5,000,000+",Free,0,Everyone,Finance,"June 18, 2018",2.11.2,4.1 and up
Daily Budget,SHOPPING,4.1,227k,17M,"10,000,000+",Free,0,Everyone,Shopping,"July 3, 2018",1.8.0,5.0 and up
Quick Maps,BUSINESS,3.6,50246,42M,"1,000,000+",Free,0,Everyone,Business,"June 24, 2018",7.15.1,4.0.3 and up
Quick Notes,TRAVEL_AND_LOCAL,4.6,116k,13M,"5,000,000+",Free,0,Everyone,Travel & Local,"March 24, 2017",1.2.6,4.1 and up
Cool Flashlight 10,BUSINESS,4.3,1,13M,50+,Free,0,Everyone,Business,"April 30, 2018",Varies with device,4.4 and up
Daily Radio,SPORTS,4.6,16545,Varies with device,"1,000,000+",Free,0,Everyone,Sports,"May 13, 2017",4.17.5,4.4 and up
Free Budget 10,FAMILY,5.0,716,13M,"50,000+",Free,0,Everyone,Casual,"September 18, 2016",7.10.2,4.0.3 and up
Super Diet Tracker,SOCIAL,4.6,1.4k,13M,"50,000+",Free,0,Teen,Social,"April 16, 2018",6.13.5,4.4 and up
Bright Dictionary,MEDICAL,4.2,3k,100M,"100,000+",Free,0,Everyone,Medical,"January 5, 2018",5.10.8,4.0.3 and up
Cool Diet Tracker,ENTERTAINMENT,4.2,159,44M,"10,000+",Free,0,Everyone,Entertainment,"June 1, 2017",5.2.8,Varies with device
Ultimate Puzzle,MAPS_AND_NAVIGATION,4.4,644,5.0M,"10,000+",Free,0,Everyone,Maps & Navigation,"April 24, 2017",2.0.6,4.0.3 and up
Happy Photo Editor,GAME,3.6,637,11M,"10,000+",Free,0,Everyone,Action,"March 8, 2016",8.9.7,Varies with device
Pocket Chess 14,SHOPPING,3.7,421231,19M,"10,000,000+",Free,0,Everyone,Shopping,"May 18, 2018",4.6.7,Varies with device
Ultimate Weather,SPORTS,4.3,20407,31M,"500,000+",Free,0,Everyone,Sports,"February 26, 2018",4.18.1,5.0 and up
Ultimate Launcher,HEALTH_AND_FITNESS,3.9,452,3.6M,"10,000+",Free,0,Everyone,Health & Fitness,"November 9, 2017",4.16.9,5.0 and up
Secure Weather,ART_AND_DESIGN,4.3,3548,6.2M,"100,000+",Free,0,Everyone 10+,Art & Design,"December 24, 2017",8.9.9,4.0.3 and up
Magic Weather,ENTERTAINMENT,4.4,1.4M,7.7M,"100,000,000+",Free,0,Everyone 10+,Entertainment,"August 9, 2015",4.8.4,4.1 and up
Pocket Workout 5,GAME,4.7,2.1k,10M,"100,000+",Free,0,Everyone,Action,"July 18, 2018",7.12.8,5.0 and up
Mini Launcher,EDUCATION,3.6,78,28M,"5,000+",Free,0,Teen,Education,"April 3, 2014",4.8.8,4.4 and up
Secure Recipes 16,MAPS_AND_NAVIGATION,4.5,34k,48M,"5,000,000+",Free,0,Everyone,Maps & Navigation,"May 19, 2017",8.4.0,4.1 and up
Mini Launcher,FINANCE,4.5,2229,39M,"100,000+",Free,0,Everyone,Finance,"November 16, 2016",7.8.9,5.0 and up
Secure Weather,FINANCE,4.3,2k,7.4M,"50,000+",Free,0,Mature 17+,Finance,"February 17, 2018",8.16.4,Varies with device
Bright Scanner,MEDICAL,4.2,132,20M,"1,000+",Free,0,Everyone,Medical,"February 17, 2017",1.12.4,5.0 and up
Simple Weather,FAMILY,4.2,8k,Varies with device,"500,000+",Free,0,Everyone,Casual,"June 29, 2018",4.9.1,5.0 and up
Pro Wallpapers,FAMILY,4.9,596,48M,"50,000+",Free,0,Everyone,Casual,"January 30, 2018",Varies with device,Varies with device
Smart Launcher,BUSINESS,4.5,853,26M,"50,000+",Free,0,Everyone,Business,"November 11, 2017",2.8.1,4.1 and up
Magic Radio 4,FAMILY,4.2,54,Varies with device,"1,000+",Paid,$2.99,Everyone,Casual,"May 25, 2017",Varies with device,4.4 and up
Secure Music Player,TOOLS,3.8,134,18M,"5,000+",Free,0,Everyone 10+,Tools,"November 26, 2017",4.10.2,4.1 and up
Bright Calendar 8,SPORTS,,9,11M,500+,Free,0,Everyone,Sports,"August 25, 2017",1.11.7,4.1 and up
Ultimate Workout,SOCIAL,4.5,305,Varies with device,"5,000+",Free,0,Everyone,Social,"June 7, 2018",8.15.4,4.4 and up
Star Translator 16,SOCIAL,,1,4.1M,50+,Free,0,Everyone,Social,"March 23, 2018",4.10.6,4.1 and up
Pocket Budget,LIFESTYLE,4.5,7,16M,100+,Free,0,Teen,Lifestyle,"January 24, 2017",8.8.5,5.0 and up
Pro Music Player,TOOLS,4.4,76,22M,"5,000+",Free,0,Everyone,Tools,"May 28, 2018",4.2.4,4.1 and up
Happy Recipes,FINANCE,4.7,345,33M,"5,000+",Free,0,Teen,Finance,"May 5, 2018",2.11.7,4.1 and up
Cool VPN,ENTERTAINMENT,,7,8.6M,100+,Free,0,Everyone,Entertainment,"February 5, 2018",Varies with device,Varies with device
Daily Radio,BUSINESS,3.4,924,14M,"50,000+",Free,0,Everyone,Business,"December 30, 2017",1.0.5,4.1 and up
Smart Diet Tracker,BOOKS_AND_REFERENCE,,91,11M,"5,000+",Free,0,Teen,Books & Reference,"July 11, 2018",6.0.5,5.0 and up
Pixel Diet Tracker,MEDICAL,4.2,47432,29M,"1,000,000+",Free,0,Teen,Medical,"July 6, 2018",Varies with device,4.4 and up
Free Workout,ENTERTAINMENT,4.0,206000,10M,"5,000,000+",Free,0,Teen,Entertainment,"February 15, 2017",Varies with device,5.0 and up
Easy Chess,TOOLS,3.5,1k,12M,"50,000+",Free,0,Everyone,Tools,"March 11, 2018",5.17.4,Varies with device
Quick Photo Editor,PRODUCTIVITY,4.3,2.9k,6.7M,"100,000+",Paid,$4.99,Everyone,Productivity,"January 17, 2016",Varies with device,5.0 and up
Free Diet Tracker,TRAVEL_AND_LOCAL,3.3,512,Varies with device,"50,000+",Free,0,Everyone,Travel & Local,"May 18, 2018",Varies with device,4.1 and up
Fast Photo Editor,GAME,3.9,660,11M,"5,000+",Free,0,Everyone,Action,"July 14, 2015",2.11.7,5.0 and up
Pixel Calendar 2,PHOTOGRAPHY,4.6,593,Varies with device,"10,000+",Free,0,Everyone,Photography,"July 19, 2018",1.0.6,4.0.3 and up
Quick Workout,BOOKS_AND_REFERENCE,4.7,5,15M,100+,Free,0,Everyone,Books & Reference,"May 16, 2018",2.7.2,5.0 and up
Smart VPN,SHOPPING,4.1,77827,5.5M,"5,000,000+",Free,0,Everyone,Shopping,"November 26, 2016",6.1.5,4.0.3 and up
Star Radio,GAME,4.5,611,81M,"10,000+",Free,0,Everyone,Action,"December 29, 2017",3.15.2,4.1 and up
Simple Budget,FAMILY,4.4,2k,6.5M,"50,000+",Free,0,Everyone,Casual,"May 6, 2018",2.5.4,4.1 and up
Super Recipes,ART_AND_DESIGN,4.1,24391,2.4M,"1,000,000+",Free,0,Mature 17+,Art & Design,"September 27, 2017",5.4.0,4.4 and up
Super Bible,MAPS_AND_NAVIGATION,,19,64M,"1,000+",Free,0,Everyone,Maps & Navigation,"June 26, 2018",Varies with device,5.0 and up
Pocket Coloring Book,LIFESTYLE,3.7,25,5.0M,500+,Free,0,Everyone,Lifestyle,"May 24, 2018",8.10.0,4.1 and up
Simple Keyboard,PRODUCTIVITY,4.4,37,0.7M,"1,000+",Free,0,Everyone,Productivity,"May 4, 2018",1.8.8,Varies with device
Easy Wallpapers,GAME,3.6,409,4.2M,"5,000+",Free,0,Teen,Action,"August 27, 2017",1.2.2,4.4 and up
Happy Flashlight 7,HEALTH_AND_FITNESS,4.5,176,20M,"5,000+",Free,0,Everyone,Health & Fitness,"February 15, 2018",6.1.9,4.4 and up
Bright Music Player,SHOPPING,4.6,4,8.0M,500+,Free,0,Everyone,Shopping,"November 3, 2017",1.19.9,4.1 and up
Simple Recipes,COMMUNICATION,5.0,310,12M,"10,000+",Free,0,Everyone,Communication,"July 26, 2018",4.10.1,4.1 and up
Quick Wallpapers,PRODUCTIVITY,4.3,2354,29M,"100,000+",Free,0,Everyone,Productivity,"June 19, 2018",3.15.7,4.4 and up
Mini Diet Tracker,HEALTH_AND_FITNESS,3.7,10337,82M,"500,000+",Free,0,Everyone,Health & Fitness,"January 19, 2018",8.4.6,Varies with device
Pocket Wallpapers,SHOPPING,5.0,169,2.7M,"5,000+",Paid,$0.99,Everyone,Shopping,"July 19, 2018",7.3.9,4.4 and up
Mini Weather,EDUCATION,4.4,388k,Varies with device,"10,000,000+",Free,0,Everyone,Education,"December 6, 2015",8.5.6,5.0 and up
Bright Calendar,PHOTOGRAPHY,4.6,76,23M,"5,000+",Free,0,Mature 17+,Photography,"March 25, 2017",7.4.7,4.1 and up
Happy Workout,MAPS_AND_NAVIGATION,4.1,31.7k,13M,"1,000,000+",Free,0,Everyone,Maps & Navigation,"April 22, 2017",6.5.4,5.0 and up
Happy Keyboard 13,SHOPPING,,6274,2.0M,"500,000+",Free,0,Teen,Shopping,"June 21, 2018",3.5.8,5.0 and up
Bright Translator,SPORTS,4.4,186,7.7M,"5,000+",Free,0,Everyone 10+,Sports,"July 11, 2018",7.17.8,4.1 and up
Pro Wallpapers,TRAVEL_AND_LOCAL,4.1,5,22M,500+,Free,0,Everyone 10+,Travel & Local,"July 14, 2018",Varies with device,4.1 and up
Star Coloring Book,GAME,,520,3.7M,"10,000+",Free,0,Everyone,Action,"September 4, 2016",5.0.7,4.1 and up
Pro Chess 17,PHOTOGRAPHY,,19,27M,100+,Free,0,Everyone,Photography,"January 2, 2018",3.15.8,Varies with device
Magic Scanner 14,SPORTS,4.3,635,20M,"50,000+",Free,0,Everyone,Sports,"August 17, 2017",8.18.7,Varies with device
Smart Coloring Book,SPORTS,4.2,736,10.0M,"50,000+",Free,0,Everyone,Sports,"January 28, 2018",8.18.4,4.4 and up
Star Launcher 17,HEALTH_AND_FITNESS,4.2,1.6M,34M,"10,000,000+",Free,0,Everyone,Health & Fitness,"February 15, 2018",5.0.8,4.1 and up
Simple Weather,TOOLS,4.4,29,18M,500+,Free,0,Everyone,Tools,"December 26, 2016",3.15.4,Varies with device
Fast Dictionary 5,SPORTS,3.7,514,Varies with device,"10,000+",Free,0,Everyone,Sports,"July 21, 2018",1.7.1,4.4 and up
Pro Coloring Book,PHOTOGRAPHY,4.6,35012,Varies with device,"1,000,000+",Free,0,Everyone,Photography,"November 22, 2017",8.11.6,4.4 and up
Star Notes,SOCIAL,,32,166k,500+,Paid,$0.99,Everyone,Social,"April 27, 2017",8.11.4,Varies with device
Quick Bible,PHOTOGRAPHY,3.7,33,38M,"5,000+",Free,0,Everyone,Photography,"June 1, 2018",2.18.9,4.1 and up
Free Messenger 8,BOOKS_AND_REFERENCE,4.4,85,12M,500+,Paid,$1.99,Everyone,Books & Reference,"July 27, 2018",8.3.5,4.4 and up
Ultimate Flashlight,PHOTOGRAPHY,3.6,11900,3.5M,"500,000+",Free,0,Everyone 10+,Photography,"July 12, 2018",3.7.1,4.0.3 and up
Happy Weather,BUSINESS,4.6,279207,4.9M,"10,000,000+",Free,0,Everyone,Business,"April 7, 2017",2.19.9,5.0 and up
Star Recipes,LIFESTYLE,5.0,18,5.3M,500+,Free,0,Mature 17+,Lifestyle,"August 11, 2017",6.6.5,5.0 and up
Smart Music Player 15,LIFESTYLE,3.4,17k,4.0M,"500,000+",Free,0,Everyone,Lifestyle,"May 20, 2017",1.11.0,5.0 and up
Pixel Radio,HEALTH_AND_FITNESS,4.1,1.7k,22M,"50,000+",Free,0,Everyone,Health & Fitness,"September 16, 2016",6.9.6,Varies with device
Pocket Chess,EDUCATION,4.1,697,8.9M,"50,000+",Free,0,Teen,Education,"April 16, 2015",2.19.9,4.1 and up
Free Photo Editor,COMMUNICATION,4.0,346,7.7M,"10,000+",Free,0,Everyone,Communication,"November 10, 2017",4.6.3,Varies with device
Mini VPN,TOOLS,4.4,321,11M,"10,000+",Free,0,Everyone,Tools,"July 21, 2018",8.7.1,Varies with device
Bright Notes,MAPS_AND_NAVIGATION,4.4,318,7.6M,"5,000+",Free,0,Everyone,Maps & Navigation,"March 15, 2018",5.18.9,Varies with device
Tiny Radio,ART_AND_DESIGN,4.5,65556,61M,"1,000,000+",Paid,$4.99,Everyone,Art & Design,"March 7, 2017",3.19.3,4.1 and up
Smart Radio,TOOLS,4.9,49,20M,"1,000+",Free,0,Everyone,Tools,"September 3, 2015",6.3.2,Varies with device
Tiny Calendar 9,ART_AND_DESIGN,4.4,23k,36M,"1,000,000+",Free,0,Everyone,Art & Design,"May 31, 2018",4.19.7,4.4 and up
Fast Weather,FINANCE,4.2,34600,Varies with device,"1,000,000+",Free,0,Everyone,Finance,"July 11, 2018",2.9.4,5.0 and up
Star Bible 19,PHOTOGRAPHY,4.5,49,5.2M,"5,000+",Free,0,Mature 17+,Photography,"November 20, 2017",8.7.5,5.0 and up
Fast Messenger,ENTERTAINMENT,4.0,8k,2.9M,"500,000+",Free,0,Everyone,Entertainment,"April 24, 2018",5.15.6,Varies with device
Secure Bible,ART_AND_DESIGN,4.0,134,468k,"5,000+",Free,0,Teen,Art & Design,"November 5, 2017",8.2.0,4.1 and up
Simple Wallpapers,FAMILY,3.9,49,7.2M,"1,000+",Free,0,Teen,Casual,"November 8, 2017",4.8.6,4.1 and up
Happy Wallpapers,PHOTOGRAPHY,3.7,107,43M,"5,000+",Free,0,Teen,Photography,"January 19, 2018",8.1.1,4.0.3 and up
Pixel Bible,HEALTH_AND_FITNESS,3.6,263,7.2M,"5,000+",Free,0,Everyone,Health & Fitness,"January 24, 2018",8.12.6,4.4 and up
Tiny VPN 2,TOOLS,4.6,27k,Varies with device,"1,000,000+",Free,0,Everyone,Tools,"June 29, 2018",5.1.7,4.4 and up
Ultimate Radio,MEDICAL,4.1,16k,36M,"500,000+",Free,0,Everyone 10+,Medical,"August 16, 2017",8.16.8,5.0 and up
Smart Keyboard 4,MAPS_AND_NAVIGATION,4.0,2k,Varies with device,"50,000+",Free,0,Everyone,Maps & Navigation,"March 6, 2018",7.7.1,5.0 and up
Daily Flashlight,TRAVEL_AND_LOCAL,4.5,779,20M,"50,000+",Free,0,Everyone,Travel & Local,"June 21, 2018",4.14.8,4.0.3 and up
Quick VPN,MEDICAL,4.4,458,57M,"50,000+",Free,0,Everyone,Medical,"March 17, 2018",8.18.1,4.0.3 and up
Magic Wallpapers 10,SHOPPING,4.3,953,15M,"50,000+",Free,0,Everyone,Shopping,"December 20, 2017",5.14.3,4.4 and up
Quick Scanner,GAME,4.0,2095,8.1M,"100,000+",Free,0,Everyone,Action,"March 3, 2018",7.3.7,4.0.3 and up
Cool VPN,SPORTS,3.6,7.5k,Varies with device,"500,000+",Free,0,Everyone,Sports,"April 8, 2018",4.11.7,5.0 and up
Simple Dictionary 2,TRAVEL_AND_LOCAL,4.2,2937,42M,"100,000+",Free,0,Everyone,Travel & Local,"January 18, 2018",3.0.0,5.0 and up
Happy Calendar,BOOKS_AND_REFERENCE,4.3,303,21M,"10,000+",Free,0,Everyone,Books & Reference,"September 22, 2015",5.16.0,4.1 and up
Simple Wallpapers,LIFESTYLE,4.7,149,Varies with device,"5,000+",Paid,$2.99,Everyone,Lifestyle,"June 11, 2018",1.5.3,5.0 and up
Magic Photo Editor,BUSINESS,3.7,113345,16M,"5,000,000+",Free,0,Everyone,Business,"January 16, 2018",7.17.8,Varies with device
Secure Recipes,COMMUNICATION,4.1,1368,22M,"50,000+",Free,0,Everyone,Communication,"July 20, 2018",3.11.6,4.1 and up
Fast Budget,HEALTH_AND_FITNESS,4.2,1690,6.2M,"50,000+",Paid,$0.99,Everyone,Health & Fitness,"June 25, 2017",5.15.8,5.0 and up
Secure Bible,TRAVEL_AND_LOCAL,3.6,29846,28M,"500,000+",Free,0,Everyone,Travel & Local,"July 5, 2018",4.4.8,5.0 and up
Cool Weather,MAPS_AND_NAVIGATION,4.3,7250,33M,"100,000+",Free,0,Everyone,Maps & Navigation,"January 16, 2017",4.12.8,4.1 and up
Mini Notes,FINANCE,4.4,230.5k,31M,"10,000,000+",Free,0,Everyone,Finance,"August 1, 2017",2.14.0,4.0.3 and up
Smart Weather,MAPS_AND_NAVIGATION,4.7,174,20M,"10,000+",Free,0,Everyone,Maps & Navigation,"February 18, 2018",Varies with device,4.4 and up
Cool Diet Tracker 2,HEALTH_AND_FITNESS,4.3,70,5.3M,"5,000+",Free,0,Everyone,Health & Fitness,"June 3, 2018",1.19.5,4.1 and up
Happy Scanner,LIFESTYLE,3.6,432,14M,"50,000+",Free,0,Everyone,Lifestyle,"May 23, 2018",Varies with device,4.1 and up
Quick Workout,SPORTS,4.0,55,26M,"1,000+",Free,0,Everyone,Sports,"March 11, 2018",5.7.1,4.0.3 and up
Free Translator 2,SHOPPING,3.3,524844,10M,"50,000,000+",Free,0,Everyone,Shopping,"July 31, 2017",6.19.6,5.0 and up
Bright Keyboard,SHOPPING,4.3,25100,71M,"1,000,000+",Free,0,Everyone,Shopping,"June 9, 2017",1.5.2,5.0 and up
Happy Bible,MEDICAL,4.4,852,7.6M,"50,000+",Free,0,Everyone,Medical,"October 26, 2016",2.10.7,5.0 and up
Ultimate Wallpapers,SHOPPING,3.9,13330,19M,"500,000+",Free,0,Everyone 10+,Shopping,"April 12, 2018",4.10.3,4.0.3 and up
Secure Recipes,ART_AND_DESIGN,4.3,628,14M,"10,000+",Free,0,Everyone,Art & Design,"September 29, 2016",4.11.3,4.0.3 and up
Pixel Workout,LIFESTYLE,4.1,11101,2.7M,"500,000+",Free,0,Everyone,Lifestyle,"August 2, 2017",8.3.6,4.1 and up
Simple Wallpapers 18,TOOLS,3.6,1.1k,16M,"50,000+",Free,0,Everyone 10+,Tools,"September 23, 2017",2.17.1,4.4 and up
Free Dictionary,PRODUCTIVITY,,5711,6.6M,"500,000+",Free,0,Everyone,Productivity,"October 22, 2017",5.6.0,4.4 and up
Pixel Weather,PHOTOGRAPHY,4.0,24618,1.7M,"1,000,000+",Free,0,Everyone,Photography,"July 31, 2018",Varies with device,Varies with device
Star Photo Editor,SHOPPING,4.8,282,18M,"10,000+",Free,0,Everyone,Shopping,"January 1, 2018",4.10.3,Varies with device
Pro Launcher,BOOKS_AND_REFERENCE,,1133,52M,"50,000+",Free,0,Everyone,Books & Reference,"September 19, 2015",3.14.0,5.0 and up
Happy Launcher,SHOPPING,4.2,1k,4.4M,"50,000+",Free,0,Everyone,Shopping,"July 6, 2018",1.16.0,4.4 and up
Pixel Maps,PRODUCTIVITY,4.4,26.7k,35M,"1,000,000+",Free,0,Everyone,Productivity,"May 20, 2018",1.3.3,4.4 and up
Pro Photo Editor,PHOTOGRAPHY,3.8,25175,2.6M,"1,000,000+",Free,0,Teen,Photography,"July 21, 2018",5.6.8,4.0.3 and up
Quick VPN,TOOLS,4.3,15159,Varies with device,"500,000+",Free,0,Everyone,Tools,"June 14, 2016",6.5.8,4.4 and up
Pocket Messenger,MAPS_AND_NAVIGATION,3.2,480,4.2M,"50,000+",Free,0,Everyone,Maps & Navigation,"March 31, 2018",3.8.9,4.4 and up
Pro Maps,FINANCE,3.7,188172,81M,"5,000,000+",Free,0,Everyone,Finance,"November 18, 2017",4.0.0,Varies with device
Easy Launcher,SHOPPING,4.4,1938,14M,"50,000+",Free,0,Everyone,Shopping,"October 6, 2016",Varies with device,5.0 and up
Happy Notes,MEDICAL,4.1,182.2k,21M,"5,000,000+",Free,0,Everyone,Medical,"November 9, 2017",5.12.7,4.4 and up
Super Radio,PRODUCTIVITY,4.0,2754,100M,"50,000+",Free,0,Everyone,Productivity,"April 4, 2017",4.17.0,Varies with device
Happy Maps,SOCIAL,4.0,593,9.4M,"50,000+",Free,0,Teen,Social,"June 7, 2018",3.12.1,Varies with device
Magic Budget,BUSINESS,3.7,309,Varies with device,"10,000+",Free,0,Everyone,Business,"September 3, 2016",5.14.3,5.0 and up
Quick Bible,GAME,4.7,2831,8.7M,"50,000+",Free,0,Everyone,Action,"July 14, 2018",1.5.7,4.1 and up
Star Music Player,MAPS_AND_NAVIGATION,4.0,100,13M,"5,000+",Free,0,Everyone,Maps & Navigation,"January 28, 2018",Varies with device,4.0.3 and up
Happy Weather 4,FINANCE,4.0,981,34M,"50,000+",Free,0,Everyone,Finance,"May 30, 2018",Varies with device,4.1 and up
Fast Flashlight,SPORTS,4.5,5k,Varies with device,"100,000+",Paid,$0.99,Everyone,Sports,"February 20, 2018",5.8.4,Varies with device
Fast Diet Tracker,MAPS_AND_NAVIGATION,4.4,2121,6.9M,"100,000+",Free,0,Teen,Maps & Navigation,"April 12, 2016",Varies with device,4.0.3 and up
Bright Bible,GAME,5.0,98,40M,"5,000+",Free,0,Everyone,Action,"June 9, 2017",2.11.1,Varies with device
Fast Wallpapers 7,TOOLS,3.4,2.9k,Varies with device,"500,000+",Free,0,Everyone,Tools,"July 16, 2018",5.9.7,4.1 and up
Smart Photo Editor,HEALTH_AND_FITNESS,,0,Varies with device,1+,Free,0,Everyone,Health & Fitness,"April 5, 2018",7.7.1,Varies with device
Ultimate Dictionary,BOOKS_AND_REFERENCE,3.3,24,30M,500+,Free,0,Everyone,Books & Reference,"July 12, 2018",8.4.0,4.0.3 and up
Smart Dictionary 11,PRODUCTIVITY,4.3,49k,749k,"1,000,000+",Free,0,Everyone,Productivity,"September 21, 2017",5.11.1,Varies with device
Secure Music Player 13,SHOPPING,4.5,7530,Varies with device,"100,000+",Free,0,Everyone,Shopping,"October 30, 2017",7.14.7,5.0 and up
Happy Puzzle,GAME,4.0,33.7k,18M,"1,000,000+",Free,0,Everyone 10+,Action,"April 25, 2018",4.1.3,4.0.3 and up
Simple Calendar,TOOLS,4.2,62,20M,"5,000+",Free,0,Everyone,Tools,"June 28, 2015",Varies with device,5.0 and up
Fast Budget 11,GAME,4.4,30578,15M,"1,000,000+",Free,0,Everyone,Action,"January 7, 2018",6.2.8,4.4 and up
Quick Flashlight,SOCIAL,3.4,4267,3.9M,"50,000+",Free,0,Everyone,Social,"February 8, 2018",1.15.9,5.0 and up
Daily Messenger,ENTERTAINMENT,4.1,177115,100M,"5,000,000+",Free,0,Teen,Entertainment,"June 30, 2017",4.2.7,4.1 and up
Pro Workout 4,ENTERTAINMENT,4.5,532,40M,"10,000+",Free,0,Everyone,Entertainment,"July 30, 2018",8.19.7,5.0 and up
Pro Translator,MEDICAL,4.9,6401,58M,"100,000+",Free,0,Everyone,Medical,"July 6, 2018",Varies with device,4.1 and up
Secure Dictionary,FAMILY,4.1,75,Varies with device,"5,000+",Free,0,Everyone,Casual,"July 22, 2018",Varies with device,Varies with device
Magic Maps,BUSINESS,4.1,696,Varies with device,"50,000+",Free,0,Everyone,Business,"April 2, 2016",7.7.4,4.0.3 and up
Free Flashlight,FINANCE,4.8,37.1k,22M,"5,000,000+",Free,0,Everyone,Finance,"July 19, 2018",6.3.3,4.0.3 and up
Pro Radio,ENTERTAINMENT,3.9,1367,8.3M,"50,000+",Free,0,Everyone,Entertainment,"June 18, 2017",7.3.8,5.0 and up
Bright Diet Tracker,COMMUNICATION,3.9,64,6.4M,500+,Free,0,Everyone,Communication,"April 3, 2016",6.2.6,4.4 and up
Secure Music Player,FINANCE,4.4,340,16M,"10,000+",Free,0,Everyone,Finance,"May 23, 2018",1.12.3,5.0 and up
Smart Puzzle 18,PHOTOGRAPHY,3.7,581,9.3M,"5,000+",Free,0,Everyone,Photography,"October 5, 2017",1.15.9,5.0 and up
Mini Maps,MEDICAL,4.5,3307,17M,"100,000+",Free,0,Everyone,Medical,"June 5, 2018",6.11.1,4.1 and up
Tiny Maps 6,HEALTH_AND_FITNESS,3.8,33,19M,500+,Paid,$9.99,Teen,Health & Fitness,"November 11, 2016",3.17.4,5.0 and up
Super Weather 15,COMMUNICATION,3.6,1.4k,5.2M,"50,000+",Free,0,Everyone,Communication,"May 6, 2018",5.15.3,4.4 and up
Secure Maps 16,FAMILY,4.4,548,27M,"50,000+",Free,0,Everyone,Casual,"July 25, 2018",Varies with device,Varies with device
Mini Recipes,MAPS_AND_NAVIGATION,4.1,17126,11M,"1,000,000+",Free,0,Everyone,Maps & Navigation,"March 22, 2017",3.9.5,Varies with device
Secure Maps,LIFESTYLE,4.5,18682,27M,"500,000+",Free,0,Everyone 10+,Lifestyle,"December 22, 2015",Varies with device,4.4 and up
Free Maps 12,BUSINESS,3.9,1254,15M,"50,000+",Paid,$1.99,Everyone,Business,"June 6, 2017",Varies with device,4.4 and up
Quick Messenger,LIFESTYLE,,2,6.3M,50+,Free,0,Everyone,Lifestyle,"April 17, 2018",2.0.4,4.1 and up
Simple Bible 7,FAMILY,3.6,48,33M,"5,000+",Free,0,Everyone,Casual,"February 13, 2018",7.8.6,5.0 and up
Star Keyboard,MEDICAL,,90320,6.6M,"5,000,000+",Free,0,Everyone,Medical,"June 10, 2017",3.18.1,4.1 and up
Tiny Scanner,SPORTS,4.6,18k,74M,"500,000+",Free,0,Everyone,Sports,"February 3, 2017",4.5.2,Varies with device
Fast Wallpapers,ENTERTAINMENT,4.5,4835,23M,"100,000+",Free,0,Everyone,Entertainment,"May 24, 2018",3.5.2,4.4 and up
Simple Chess,GAME,4.3,92.9k,20M,"5,000,000+",Free,0,Everyone,Action,"February 8, 2018",4.8.8,4.0.3 and up
Fast Photo Editor,TRAVEL_AND_LOCAL,4.4,421,141k,"50,000+",Free,0,Everyone,Travel & Local,"November 13, 2017",6.7.6,4.1 and up
Quick Keyboard,ENTERTAINMENT,4.3,21719,67M,"1,000,000+",Free,0,Everyone,Entertainment,"May 12, 2018",Varies with device,Varies with device
Quick Chess 12,EDUCATION,4.4,15731,22M,"1,000,000+",Free,0,Everyone,Education,"June 9, 2017",1.6.7,5.0 and up
Ultimate Wallpapers,BOOKS_AND_REFERENCE,4.5,466,17M,"5,000+",Free,0,Everyone,Books & Reference,"April 4, 2018",7.17.5,Varies with device
Pixel Photo Editor 19,HEALTH_AND_FITNESS,4.6,173,19M,"5,000+",Free,0,Everyone,Health & Fitness,"August 16, 2017",8.5.3,4.1 and up
Daily Maps,FINANCE,,7,8.8M,500+,Free,0,Everyone,Finance,"June 19, 2018",2.19.8,4.1 and up
Quick Maps,TOOLS,4.5,64,366k,500+,Free,0,Everyone,Tools,"September 28, 2017",3.13.8,4.1 and up
Pixel Notes 5,MAPS_AND_NAVIGATION,,0,7.6M,1+,Paid,$4.99,Everyone,Maps & Navigation,"April 19, 2017",1.8.2,4.1 and up
Tiny Puzzle,HEALTH_AND_FITNESS,4.9,27.5k,9.4M,"1,000,000+",Free,0,Teen,Health & Fitness,"June 26, 2016",1.7.1,4.0.3 and up
Free Diet Tracker,GAME,4.3,14567,8.5M,"500,000+",Free,0,Everyone,Action,"December 12, 2017",2.5.3,4.4 and up
Pocket Launcher 18,BUSINESS,4.8,43.7k,100M,"1,000,000+",Free,0,Everyone,Business,"February 20, 2018",6.13.2,4.4 and up
Tiny Diet Tracker 19,MAPS_AND_NAVIGATION,4.3,48,26M,500+,Free,0,Everyone,Maps & Navigation,"June 28, 2017",8.18.3,4.0.3 and up
Magic Workout 4,BUSINESS,4.0,3,43M,50+,Free,0,Everyone,Business,"May 25, 2017",6.18.9,4.0.3 and up
Simple Dictionary 15,FINANCE,4.6,50,45M,"5,000+",Free,0,Everyone,Finance,"January 9, 2018",8.6.2,Varies with device
Bright Bible,SPORTS,4.0,24781,8.8M,"1,000,000+",Free,0,Everyone,Sports,"September 29, 2017",6.18.0,4.0.3 and up
Mini Recipes,TOOLS,4.2,603,14M,"10,000+",Free,0,Everyone,Tools,"April 13, 2018",Varies with device,4.4 and up
Pocket Puzzle,ART_AND_DESIGN,3.8,3741,1.7M,"100,000+",Free,0,Everyone,Art & Design,"July 11, 2017",6.10.2,Varies with device
Smart Messenger,BUSINESS,,124,22M,"5,000+",Free,0,Everyone,Business,"April 13, 2018",1.19.8,Varies with device
Pro Radio 12,SHOPPING,4.8,8k,20M,"100,000+",Free,0,Everyone,Shopping,"October 14, 2016",8.12.2,5.0 and up
Secure Calendar,PHOTOGRAPHY,4.2,31,11M,500+,Free,0,Everyone,Photography,"September 16, 2017",4.0.4,4.0.3 and up
Easy Music Player,BUSINESS,3.9,48,100M,"5,000+",Free,0,Everyone,Business,"November 19, 2017",1.3.0,4.0.3 and up
Cool Maps,EDUCATION,4.2,63.2k,12M,"5,000,000+",Paid,$0.99,Everyone,Education,"April 10, 2018",4.14.0,Varies with device
Fast Recipes,FAMILY,4.1,100,8.6M,"5,000+",Free,0,Everyone,Casual,"August 1, 2018",5.0.3,4.0.3 and up
Bright Bible,MEDICAL,3.8,128,5.2M,"5,000+",Free,0,Mature 17+,Medical,"December 15, 2017",2.3.0,5.0 and up
Pocket Workout,HEALTH_AND_FITNESS,3.7,286,9.9M,"50,000+",Free,0,Everyone,Health & Fitness,"January 3, 2018",2.3.6,Varies with device
Simple Maps 6,GAME,3.6,29610,37M,"500,000+",Free,0,Everyone,Action,"October 4, 2017",Varies with device,5.0 and up
Pro Flashlight,TOOLS,4.1,766,10M,"5,000+",Free,0,Everyone,Tools,"August 1, 2018",2.10.2,4.0.3 and up
Tiny Wallpapers,TRAVEL_AND_LOCAL,4.0,1,7.7M,10+,Free,0,Teen,Travel & Local,"July 5, 2018",4.1.8,4.0.3 and up
Tiny Puzzle,FINANCE,4.3,570,88M,"50,000+",Free,0,Everyone,Finance,"September 2, 2017",4.12.7,5.0 and up
Quick Workout,TOOLS,4.5,5147,3.5M,"100,000+",Free,0,Mature 17+,Tools,"November 3, 2017",5.10.3,4.1 and up
Bright Notes,MEDICAL,4.1,4.9k,4.9M,"500,000+",Free,0,Everyone,Medical,"April 28, 2018",1.12.3,Varies with device
Cool Messenger 8,BOOKS_AND_REFERENCE,4.4,256485,22M,"10,000,000+",Free,0,Everyone,Books & Reference,"February 8, 2017",8.11.6,Varies with device
Mini Dictionary 13,EDUCATION,,6,17M,100+,Free,0,Everyone,Education,"June 10, 2015",Varies with device,4.4 and up
Happy Calendar,MEDICAL,4.2,921,21M,"50,000+",Free,0,Everyone,Medical,"June 12, 2017",1.8.7,Varies with device
Smart Launcher 4,MEDICAL,3.9,1,48M,50+,Free,0,Everyone,Medical,"January 31, 2018",6.7.4,5.0 and up
Pocket Recipes,SPORTS,4.3,168,17M,"5,000+",Free,0,Everyone,Sports,"October 10, 2016",3.15.8,4.4 and up
Smart Coloring Book 19,SHOPPING,4.5,1207,3.8M,"50,000+",Free,0,Everyone 10+,Shopping,"November 26, 2015",8.2.3,4.4 and up
Easy Launcher,SOCIAL,4.4,35,Varies with device,500+,Free,0,Everyone,Social,"December 16, 2016",2.2.2,Varies with device
Mini Puzzle,GAME,3.6,786,23M,"50,000+",Free,0,Everyone,Action,"December 3, 2017",6.19.6,4.0.3 and up
Mini Weather,MAPS_AND_NAVIGATION,4.2,168857,11M,"5,000,000+",Free,0,Everyone,Maps & Navigation,"April 21, 2017",8.18.1,Varies with device
Bright Bible,SPORTS,3.9,76,Varies with device,500+,Free,0,Everyone,Sports,"October 13, 2016",Varies with device,Varies with device
Quick Diet Tracker,PRODUCTIVITY,4.4,2k,24M,"50,000+",Paid,$4.99,Everyone,Productivity,"September 1, 2017",8.3.0,Varies with device
Quick Keyboard 16,GAME,5.0,222,6.9M,"10,000+",Free,0,Everyone,Action,"July 22, 2018",7.12.1,4.1 and up
Bright Dictionary,TOOLS,3.9,140,2.9M,"5,000+",Free,0,Everyone,Tools,"October 15, 2016",8.1.1,4.1 and up
Cool Workout 9,FINANCE,4.1,21.0k,38M,"500,000+",Free,0,Everyone,Finance,"November 25, 2016",Varies with device,4.1 and up
Daily Recipes,PRODUCTIVITY,4.1,782,13M,"50,000+",Free,0,Everyone,Productivity,"July 1, 2018",8.19.1,4.0.3 and up
Simple Maps,PRODUCTIVITY,4.0,17,52M,500+,Free,0,Everyone,Productivity,"May 31, 2018",5.11.4,4.1 and up
Simple Workout 5,HEALTH_AND_FITNESS,,141204,5.4M,"5,000,000+",Free,0,Everyone,Health & Fitness,"August 26, 2017",3.9.0,4.1 and up
Star Translator 3,SHOPPING,4.4,121509,7.1M,"5,000,000+",Free,0,Everyone,Shopping,"August 15, 2016",2.16.2,5.0 and up
Easy Recipes,SHOPPING,3.9,3k,16M,"50,000+",Free,0,Everyone 10+,Shopping,"April 29, 2017",2.12.5,5.0 and up
Free Scanner,TOOLS,,10,24M,500+,Free,0,Everyone,Tools,"February 28, 2018",Varies with device,4.1 and up
Pocket Flashlight,FAMILY,4.1,602,26M,"10,000+",Free,0,Everyone,Casual,"May 20, 2018",5.1.5,5.0 and up
Pocket Photo Editor,SPORTS,4.0,2473,9.4M,"100,000+",Free,0,Everyone,Sports,"August 1, 2018",3.17.2,Varies with device
Smart VPN 6,ART_AND_DESIGN,4.3,4122,31M,"100,000+",Free,0,Everyone,Art & Design,"April 26, 2017",6.19.3,Varies with device
Daily Messenger,BOOKS_AND_REFERENCE,4.7,1.8M,Varies with device,"50,000,000+",Free,0,Everyone,Books & Reference,"October 4, 2016",4.7.9,4.1 and up
Star Recipes,COMMUNICATION,4.3,28k,54M,"500,000+",Free,0,Mature 17+,Communication,"July 23, 2018",Varies with device,5.0 and up
Star Wallpapers,PHOTOGRAPHY,4.4,15219,19M,"500,000+",Free,0,Everyone,Photography,"June 21, 2018",8.0.5,Varies with device
Quick Launcher,PRODUCTIVITY,4.3,1k,9.6M,"50,000+",Free,0,Everyone,Productivity,"December 14, 2017",5.2.5,Varies with device
Magic Messenger,TOOLS,5.0,866,15M,"50,000+",Free,0,Everyone 10+,Tools,"November 8, 2017",5.11.1,Varies with device
Daily Bible,MAPS_AND_NAVIGATION,3.4,7716,21M,"50,000+",Free,0,Everyone,Maps & Navigation,"May 22, 2018",1.3.5,4.4 and up
Star Budget,FAMILY,4.5,5,19M,500+,Free,0,Teen,Casual,"April 26, 2016",4.5.2,4.4 and up
Mini Chess,LIFESTYLE,3.4,393,Varies with device,"10,000+",Free,0,Everyone,Lifestyle,"February 2, 2017",Varies with device,4.0.3 and up
Pro Wallpapers,SHOPPING,4.6,51,41M,"5,000+",Free,0,Everyone,Shopping,"July 30, 2017",2.3.6,4.4 and up
Pixel Budget,TOOLS,4.0,2k,Varies with device,"100,000+",Free,0,Everyone,Tools,"June 30, 2018",8.18.9,4.1 and up
Pixel VPN,TRAVEL_AND_LOCAL,4.1,28,9.3M,500+,Free,0,Everyone,Travel & Local,"April 2, 2018",4.8.4,4.4 and up
Happy Budget,PHOTOGRAPHY,5.0,888.2k,5.0M,"50,000,000+",Free,0,Everyone,Photography,"March 26, 2017",5.11.4,5.0 and up
Bright VPN 14,ART_AND_DESIGN,4.2,36914,Varies with device,"5,000,000+",Free,0,Teen,Art & Design,"April 27, 2017",3.1.6,Varies with device
Happy Radio,BUSINESS,4.6,1.6k,16M,"100,000+",Free,0,Teen,Business,"March 5, 2018",2.3.8,Varies with device
Tiny Translator 13,PHOTOGRAPHY,5.0,31,33M,"5,000+",Free,0,Everyone,Photography,"June 26, 2014",2.13.4,Varies with device
Fast Budget,MAPS_AND_NAVIGATION,3.8,18,34M,500+,Free,0,Everyone,Maps & Navigation,"March 2, 2018",5.17.5,4.1 and up
Daily Diet Tracker,EDUCATION,4.1,57,29M,"5,000+",Free,0,Everyone,Education,"April 15, 2018",6.1.4,Varies with device
Tiny Workout 12,MEDICAL,4.1,13056,15M,"500,000+",Free,0,Everyone,Medical,"October 31, 2016",6.16.6,4.1 and up
Super Notes 12,SPORTS,3.2,617,18M,"5,000+",Free,0,Everyone,Sports,"February 10, 2017",1.9.5,4.1 and up
Mini Diet Tracker,PRODUCTIVITY,3.9,11656,8.1M,"500,000+",Free,0,Teen,Productivity,"September 25, 2014",3.11.5,4.4 and up
Cool Messenger 16,HEALTH_AND_FITNESS,4.1,6061,Varies with device,"100,000+",Free,0,Everyone,Health & Fitness,"February 16, 2017",1.18.7,5.0 and up
Ultimate Messenger,BUSINESS,3.8,10,33M,500+,Free,0,Everyone,Business,"July 11, 2018",2.2.8,5.0 and up
Cool VPN 4,COMMUNICATION,4.0,845,6.6M,"50,000+",Free,0,Everyone,Communication,"July 11, 2016",1.13.6,Varies with device
Smart Chess,BOOKS_AND_REFERENCE,4.1,3191,Varies with device,"100,000+",Free,0,Everyone,Books & Reference,"October 14, 2017",7.0.8,4.0.3 and up
Magic Recipes 7,MAPS_AND_NAVIGATION,4.2,805,22M,"50,000+",Free,0,Everyone,Maps & Navigation,"July 13, 2017",4.14.4,4.0.3 and up
Secure Photo Editor,LIFESTYLE,3.8,18,5.5M,500+,Free,0,Everyone,Lifestyle,"July 9, 2017",3.14.5,5.0 and up
Secure Keyboard,ART_AND_DESIGN,4.2,158,1.4M,"5,000+",Free,0,Everyone,Art & Design,"January 13, 2018",3.4.2,Varies with device
Free Launcher 11,PRODUCTIVITY,4.5,59k,1.9M,"1,000,000+",Free,0,Teen,Productivity,"February 5, 2016",4.19.0,4.1 and up
Star Maps,LIFESTYLE,4.4,115,7.9M,"5,000+",Free,0,Teen,Lifestyle,"June 26, 2017",5.6.0,4.4 and up
Quick Messenger,BUSINESS,4.1,9k,6.4M,"500,000+",Free,0,Mature 17+,Business,"October 5, 2016",3.19.7,Varies with device
Mini VPN,PHOTOGRAPHY,3.7,21,Varies with device,"1,000+",Free,0,Everyone,Photography,"February 17, 2018",5.9.6,Varies with device
Star Music Player 14,MAPS_AND_NAVIGATION,3.7,1k,511k,"50,000+",Free,0,Everyone,Maps & Navigation,"May 5, 2018",3.2.5,4.0.3 and up
Happy Workout,MEDICAL,4.0,25,8.0M,500+,Free,0,Everyone,Medical,"December 2, 2017",Varies with device,5.0 and up
Pocket Budget,TOOLS,4.3,605,11M,"50,000+",Paid,$2.99,Teen,Tools,"May 7, 2018",4.2.0,Varies with device
Fast Keyboard,LIFESTYLE,,0,17M,1+,Free,0,Everyone,Lifestyle,"April 1, 2018",5.10.3,Varies with device
Mini Recipes,FINANCE,3.7,311,12M,"10,000+",Free,0,Everyone,Finance,"April 27, 2017",8.2.3,Varies with device
Super Music Player 14,EDUCATION,4.0,37113,Varies with device,"1,000,000+",Free,0,Everyone 10+,Education,"December 13, 2017",1.14.5,4.4 and up
Simple Keyboard,BUSINESS,4.3,20187,16M,"1,000,000+",Free,0,Everyone,Business,"October 14, 2017",3.3.5,4.1 and up
Quick Diet Tracker,EDUCATION,4.4,4.5k,55M,"50,000+",Free,0,Everyone,Education,"April 19, 2018",8.10.8,5.0 and up
Quick VPN,HEALTH_AND_FITNESS,3.4,4523,9.5M,"100,000+",Free,0,Everyone,Health & Fitness,"March 30, 2018",7.4.1,4.0.3 and up
Quick Workout 13,MAPS_AND_NAVIGATION,4.0,206,54M,"10,000+",Free,0,Everyone,Maps & Navigation,"January 17, 2018",6.5.0,4.0.3 and up
Pocket Calendar 8,TOOLS,4.3,85906,17M,"1,000,000+",Paid,$9.99,Everyone,Tools,"July 7, 2018",4.11.6,5.0 and up
Easy Launcher,TRAVEL_AND_LOCAL,4.4,233,2.6M,"10,000+",Free,0,Teen,Travel & Local,"July 29, 2017",5.16.1,4.1 and up
Cool Radio,PRODUCTIVITY,3.7,6k,70M,"100,000+",Free,0,Everyone,Productivity,"August 17, 2015",5.13.0,5.0 and up
Daily Maps,SHOPPING,4.0,9,27M,500+,Free,0,Everyone,Shopping,"December 28, 2016",6.5.7,4.0.3 and up
Mini Maps 6,SPORTS,4.0,3267,8.0M,"50,000+",Free,0,Everyone,Sports,"April 21, 2018",5.13.3,5.0 and up
Star VPN,MAPS_AND_NAVIGATION,4.6,80k,16M,"5,000,000+",Free,0,Everyone,Maps & Navigation,"March 26, 2017",1.3.0,4.1 and up
Star Puzzle 14,EDUCATION,3.9,27,11M,"1,000+",Free,0,Everyone,Education,"July 17, 2017",Varies with device,4.1 and up
Star Puzzle,BOOKS_AND_REFERENCE,3.4,6843,Varies with device,"500,000+",Free,0,Everyone,Books & Reference,,5.15.0,5.0 and up
Daily Wallpapers 9,MAPS_AND_NAVIGATION,4.3,1.5k,8.0M,"50,000+",Free,0,Everyone,Maps & Navigation,"April 4, 2018",Varies with device,4.0.3 and up
Cool Flashlight,SHOPPING,4.3,687,816k,"50,000+",Free,0,Everyone,Shopping,"April 23, 2018",5.3.7,4.4 and up
Star Keyboard,PRODUCTIVITY,4.1,122,4.0M,"5,000+",Free,0,Everyone,Productivity,"March 8, 2017",1.4.0,4.0.3 and up
Ultimate Flashlight 8,BUSINESS,4.3,31,39M,"1,000+",Free,0,Everyone,Business,"September 17, 2017",4.10.3,5.0 and up
Star VPN,SOCIAL,4.8,1929,8.9M,"50,000+",Free,0,Everyone,Social,"May 29, 2017",8.4.7,5.0 and up
Happy Flashlight,SPORTS,4.6,173,1.9M,"5,000+",Free,0,Mature 17+,Sports,"August 19, 2016",2.11.3,4.4 and up
Star Chess,SHOPPING,4.2,0,13M,1+,Free,0,Everyone 10+,Shopping,"July 22, 2018",8.5.2,4.0.3 and up
Fast Wallpapers,FINANCE,4.2,123,53M,"1,000+",Free,0,Everyone,Finance,"July 17, 2018",7.0.9,Varies with device
Free Maps,SPORTS,4.4,14316,37M,"500,000+",Free,0,Everyone,Sports,"October 17, 2017",6.9.8,Varies with device
Mini Budget,FINANCE,4.0,1156,8.5M,"50,000+",Free,0,Everyone,Finance,"April 1, 2018",1.4.7,4.0.3 and up
Tiny Translator 3,SHOPPING,3.9,67,6.5M,"5,000+",Free,0,Everyone,Shopping,,Varies with device,5.0 and up
Secure Scanner 9,ART_AND_DESIGN,4.3,2965,818k,"50,000+",Free,0,Mature 17+,Art & Design,"May 30, 2018",8.7.1,Varies with device
Pixel Puzzle,MAPS_AND_NAVIGATION,4.5,535,57M,"50,000+",Free,0,Everyone,Maps & Navigation,"September 14, 2017",5.7.6,4.1 and up
Secure Calendar,FINANCE,4.3,8.6k,17M,"100,000+",Free,0,Teen,Finance,"December 15, 2017",4.7.9,4.0.3 and up
Star Scanner,FINANCE,,17,6.4M,"1,000+",Free,0,Everyone,Finance,"May 18, 2018",2.12.2,Varies with device
Smart Maps,TOOLS,5.0,13012,16M,"500,000+",Free,0,Everyone 10+,Tools,"February 20, 2018",8.4.1,4.0.3 and up
Pro Bible 10,LIFESTYLE,3.8,6383,28M,"500,000+",Free,0,Teen,Lifestyle,"June 14, 2018",8.7.5,4.1 and up
Happy Photo Editor 10,COMMUNICATION,4.0,9255,10.0M,"500,000+",Free,0,Teen,Communication,"December 28, 2017",4.1.8,4.0.3 and up
Smart Workout,FAMILY,4.5,13321,11M,"100,000+",Free,0,Everyone,Casual,"July 14, 2018",5.14.3,4.0.3 and up
Happy Notes,EDUCATION,,593,Varies with device,"50,000+",Free,0,Everyone,Education,"June 16, 2016",4.12.0,4.1 and up
Easy Bible 9,FAMILY,3.7,1744,13M,"50,000+",Free,0,Everyone,Casual,"September 29, 2016",7.0.2,4.1 and up
Tiny Translator,ENTERTAINMENT,4.3,110963,Varies with device,"5,000,000+",Free,0,Everyone,Entertainment,"April 15, 2017",3.9.4,Varies with device
Tiny Wallpapers 6,BOOKS_AND_REFERENCE,4.2,4126,Varies with device,"100,000+",Free,0,Teen,Books & Reference,"November 25, 2017",2.14.1,4.0.3 and up
Pixel VPN,SHOPPING,4.3,410,Varies with device,"10,000+",Free,0,Mature 17+,Shopping,"August 15, 2017",7.5.3,5.0 and up
Tiny Diet Tracker 8,SHOPPING,3.1,3,2.3M,100+,Free,0,Everyone,Shopping,"April 23, 2018",6.8.1,4.0.3 and up
Quick Launcher,COMMUNICATION,3.7,16,28M,500+,Free,0,Everyone,Communication,"December 20, 2017",7.4.8,Varies with device
Simple Calendar,MAPS_AND_NAVIGATION,4.2,1008,21M,"10,000+",Free,0,Teen,Maps & Navigation,"November 17, 2015",3.3.6,5.0 and up
Bright Weather,PRODUCTIVITY,4.4,47,Varies with device,"5,000+",Free,0,Everyone,Productivity,"April 11, 2018",5.8.6,4.1 and up
Simple Flashlight 7,ART_AND_DESIGN,3.8,303,9.4M,"10,000+",Free,0,Everyone,Art & Design,"June 11, 2018",3.13.8,5.0 and up
Secure Wallpapers,ENTERTAINMENT,3.6,4436,13M,"500,000+",Free,0,Everyone,Entertainment,"September 26, 2015",6.13.4,4.4 and up
Magic Coloring Book 14,FINANCE,4.5,735,12M,"10,000+",Free,0,Everyone,Finance,"July 5, 2017",6.13.1,4.4 and up
Star Calendar,BUSINESS,4.0,4136,17M,"50,000+",Paid,$2.99,Everyone,Business,"July 19, 2018",5.8.2,Varies with device
Mini Music Player,GAME,4.4,10k,28M,"500,000+",Free,0,Everyone 10+,Action,"April 1, 2018",8.14.5,5.0 and up
Secure Budget 17,BUSINESS,3.9,32158,11M,"1,000,000+",Free,0,Everyone,Business,"May 16, 2015",1.9.7,4.4 and up
Secure Dictionary 7,FINANCE,3.9,807,11M,"5,000+",Free,0,Everyone,Finance,"October 6, 2016",6.6.7,4.4 and up
Magic Maps,LIFESTYLE,4.8,7309,1.1M,"500,000+",Free,0,Everyone,Lifestyle,"March 5, 2016",6.7.8,4.1 and up
Super Flashlight,SHOPPING,4.0,97.8k,5.7M,"5,000,000+",Free,0,Everyone,Shopping,"June 24, 2017",2.14.1,Varies with device
Free Wallpapers,SOCIAL,4.2,233,3.9M,"10,000+",Free,0,Everyone,Social,"April 13, 2018",Varies with device,5.0 and up
Magic Recipes,BUSINESS,,4,7.3M,500+,Free,0,Everyone,Business,"June 26, 2016",2.0.5,5.0 and up
Magic Coloring Book,HEALTH_AND_FITNESS,,4,43M,100+,Free,0,Everyone,Health & Fitness,"July 27, 2018",2.7.8,4.0.3 and up
Free Dictionary,EDUCATION,4.6,145390,5.1M,"5,000,000+",Free,0,Everyone,Education,"October 27, 2017",8.17.9,Varies with device
Pixel Recipes 4,SHOPPING,4.2,52837,4.9M,"1,000,000+",Free,0,Everyone,Shopping,"August 6, 2016",7.10.4,4.1 and up
Ultimate Puzzle,SOCIAL,4.3,123,10M,"5,000+",Free,0,Everyone,Social,"February 27, 2018",6.0.5,4.4 and up
Ultimate Wallpapers 17,ART_AND_DESIGN,,131k,8.6M,"1,000,000+",Free,0,Mature 17+,Art & Design,"November 20, 2014",1.1.6,Varies with device
Free Puzzle,COMMUNICATION,4.5,1648,16M,"100,000+",Free,0,Everyone,Communication,"July 4, 2018",1.17.5,4.1 and up
Pocket Photo Editor,TOOLS,4.2,603,6.3M,"50,000+",Free,0,Everyone,Tools,"May 20, 2018",Varies with device,4.1 and up
Fast Flashlight,ART_AND_DESIGN,4.7,118,27M,"5,000+",Free,0,Everyone,Art & Design,"April 12, 2018",1.10.1,Varies with device
Free Diet Tracker,COMMUNICATION,4.4,5k,31M,"50,000+",Free,0,Everyone,Communication,"December 19, 2017",5.18.0,5.0 and up
Pro Messenger,EDUCATION,3.1,23,Varies with device,"1,000+",Free,0,Everyone,Education,"June 3, 2018",2.14.4,4.1 and up
Happy Wallpapers,HEALTH_AND_FITNESS,4.7,102,12M,"5,000+",Free,0,Everyone,Health & Fitness,"January 17, 2018",Varies with device,4.4 and up
Ultimate Launcher,PHOTOGRAPHY,3.8,6597,4.7M,"500,000+",Free,0,Everyone,Photography,"July 18, 2018",Varies with device,4.1 and up
Daily Chess 11,BOOKS_AND_REFERENCE,4.4,2882,14M,"100,000+",Free,0,Mature 17+,Books & Reference,"January 7, 2018",6.6.8,4.0.3 and up
Ultimate Scanner 2,SPORTS,3.6,1177,8.5M,"50,000+",Free,0,Everyone,Sports,"September 19, 2017",8.6.7,Varies with device
Super Flashlight,MAPS_AND_NAVIGATION,4.5,9,31M,500+,Free,0,Everyone,Maps & Navigation,"January 23, 2017",Varies with device,4.0.3 and up
Pocket Coloring Book 16,MEDICAL,,4,34M,100+,Free,0,Everyone,Medical,"March 15, 2016",6.0.6,4.4 and up
Simple Wallpapers,MAPS_AND_NAVIGATION,3.8,13,33M,100+,Free,0,Everyone,Maps & Navigation,"March 11, 2018",6.13.0,4.0.3 and up
Magic Diet Tracker 4,FINANCE,3.9,41,706k,"5,000+",Free,0,Everyone,Finance,"February 26, 2018",6.2.8,4.0.3 and up
Free Flashlight 16,ENTERTAINMENT,,41,29M,"1,000+",Free,0,Everyone,Entertainment,"April 10, 2018",4.0.9,5.0 and up
Daily Maps,MAPS_AND_NAVIGATION,,21871,12M,"1,000,000+",Free,0,Teen,Maps & Navigation,"February 22, 2018",Varies with device,4.0.3 and up
Easy Dictionary,PRODUCTIVITY,4.3,178.6k,15M,"5,000,000+",Free,0,Everyone,Productivity,"February 1, 2018",4.9.2,Varies with device
Cool Budget,PRODUCTIVITY,,388,Varies with device,"10,000+",Free,0,Everyone,Productivity,"July 3, 2018",4.14.1,5.0 and up
Star VPN 15,MEDICAL,4.0,2.2k,57M,"100,000+",Free,0,Everyone,Medical,,6.3.0,4.0.3 and up
Cool Bible,PHOTOGRAPHY,4.2,302,144k,"10,000+",Free,0,Everyone 10+,Photography,"December 28, 2017",3.9.2,5.0 and up
Super Recipes,HEALTH_AND_FITNESS,4.6,37.1k,41M,"1,000,000+",Free,0,Mature 17+,Health & Fitness,"February 18, 2017",8.1.7,5.0 and up
Tiny Translator 11,COMMUNICATION,3.9,6785,11M,"50,000+",Free,0,Teen,Communication,"November 26, 2017",7.16.4,Varies with device
Secure Translator,SOCIAL,3.7,2579,15M,"100,000+",Free,0,Everyone,Social,"December 22, 2017",Varies with device,Varies with device
Magic Keyboard,MAPS_AND_NAVIGATION,4.1,10.7k,Varies with device,"500,000+",Free,0,Everyone,Maps & Navigation,"June 23, 2015",2.6.2,Varies with device
Magic Calendar,HEALTH_AND_FITNESS,3.6,130,20M,"5,000+",Free,0,Everyone,Health & Fitness,"November 30, 2016",2.17.4,4.0.3 and up
Star Budget,LIFESTYLE,4.6,2280,1.5M,"100,000+",Free,0,Everyone,Lifestyle,"May 4, 2018",5.11.0,4.0.3 and up
Tiny Translator,FAMILY,3.1,20137,10M,"1,000,000+",Free,0,Everyone,Casual,"November 15, 2017",6.0.0,Varies with device
Pixel VPN,BOOKS_AND_REFERENCE,3.8,72,Varies with device,"5,000+",Free,0,Everyone,Books & Reference,"June 30, 2018",2.3.2,4.4 and up
Fast Radio,COMMUNICATION,3.9,192,11M,"10,000+",Free,0,Everyone 10+,Communication,"September 26, 2015",Varies with device,Varies with device
Ultimate Flashlight,BUSINESS,4.5,3,18M,100+,Free,0,Teen,Business,"April 30, 2017",8.6.6,5.0 and up
Smart Translator,LIFESTYLE,3.9,530,100M,"50,000+",Free,0,Everyone,Lifestyle,"October 12, 2017",8.0.5,4.0.3 and up
Bright Recipes,FAMILY,4.2,26,Varies with device,500+,Free,0,Everyone,Casual,"November 28, 2017",6.12.9,4.4 and up
Star Calendar,GAME,3.8,25715,3.7M,"500,000+",Free,0,Everyone,Action,"June 20, 2017",Varies with device,4.4 and up
Smart Keyboard,BUSINESS,,14,Varies with device,500+,Free,0,Everyone,Business,"December 23, 2017",6.11.8,4.1 and up
Smart Notes 4,SPORTS,3.4,119868,39M,"5,000,000+",Free,0,Teen,Sports,"July 19, 2018",1.13.7,5.0 and up
Pixel Notes,FAMILY,4.0,29k,100M,"1,000,000+",Free,0,Mature 17+,Casual,"June 3, 2017",2.19.6,4.4 and up
Tiny Budget,COMMUNICATION,4.6,4k,746k,"500,000+",Free,0,Teen,Communication,"November 6, 2017",8.9.6,4.0.3 and up
Quick Notes 12,FAMILY,5.0,509,864k,"10,000+",Free,0,Everyone,Casual,"June 29, 2017",3.1.8,4.4 and up
Super Calendar,SPORTS,4.8,650,13M,"50,000+",Free,0,Mature 17+,Sports,"December 13, 2017",5.15.4,Varies with device
Star Radio,ENTERTAINMENT,3.9,2682,34M,"100,000+",Free,0,Everyone,Entertainment,"October 26, 2017",7.5.4,4.4 and up
Super Keyboard,SOCIAL,4.6,46,26M,500+,Free,0,Everyone,Social,"May 27, 2018",5.3.2,5.0 and up
Smart Bible,LIFESTYLE,4.1,45,18M,"1,000+",Free,0,Everyone,Lifestyle,"May 12, 2016",1.8.9,4.1 and up
Star Dictionary 17,TRAVEL_AND_LOCAL,5.0,8,13M,500+,Free,0,Everyone,Travel & Local,"July 6, 2016",4.5.7,4.0.3 and up
Easy Flashlight,TOOLS,3.8,2.9k,14M,"50,000+",Free,0,Everyone,Tools,"March 15, 2018",7.14.1,Varies with device
Cool Recipes,FINANCE,4.4,25,5.5M,"1,000+",Free,0,Everyone,Finance,"March 10, 2018",6.18.6,4.0.3 and up
Bright Coloring Book,PHOTOGRAPHY,4.7,3k,4.2M,"500,000+",Free,0,Everyone,Photography,"August 14, 2015",6.14.4,4.1 and up
Pro Radio 12,ART_AND_DESIGN,5.0,463646,12M,"50,000,000+",Free,0,Everyone,Art & Design,"January 24, 2018",3.13.1,5.0 and up
Mini Puzzle 5,FINANCE,4.2,1421,23M,"50,000+",Free,0,Everyone,Finance,"January 4, 2017",6.10.1,Varies with device
Daily Weather,MEDICAL,3.6,98,5.1M,"5,000+",Paid,$1.99,Everyone,Medical,"November 17, 2017",5.0.2,4.1 and up
Pro Flashlight,GAME,4.3,6.4k,9.9M,"500,000+",Free,0,Everyone 10+,Action,"January 29, 2017",6.9.6,4.4 and up
Magic Workout 9,LIFESTYLE,3.4,2k,14M,"50,000+",Free,0,Everyone,Lifestyle,"August 23, 2017",Varies with device,4.4 and up
Ultimate Coloring Book,SOCIAL,4.2,2117,3.8M,"100,000+",Free,0,Everyone,Social,"October 22, 2017",3.16.7,Varies with device
Ultimate Budget,FINANCE,,7,2.1M,500+,Free,0,Everyone,Finance,"April 4, 2018",8.9.5,4.4 and up
Daily Budget 11,MAPS_AND_NAVIGATION,4.7,31.4k,25M,"1,000,000+",Free,0,Everyone,Maps & Navigation,"May 8, 2018",6.19.4,5.0 and up
Mini Keyboard 5,MEDICAL,3.7,23,4.6M,500+,Free,0,Everyone,Medical,"March 15, 2018",6.2.6,4.4 and up
Tiny Weather,SOCIAL,4.2,12,38M,500+,Free,0,Everyone,Social,"January 30, 2018",7.15.9,4.4 and up
Simple Flashlight,COMMUNICATION,4.3,583,16M,"50,000+",Free,0,Everyone 10+,Communication,"June 14, 2017",2.3.4,4.0.3 and up
Quick Calendar,FINANCE,4.4,22,8.1M,"1,000+",Free,0,Everyone,Finance,"June 5, 2018",7.3.0,Varies with device
Fast Notes 2,ART_AND_DESIGN,3.9,77,13M,"5,000+",Free,0,Everyone,Art & Design,"May 19, 2017",1.18.4,4.4 and up
Easy Chess,COMMUNICATION,3.7,1469,37M,"50,000+",Free,0,Mature 17+,Communication,"July 8, 2017",1.19.1,Varies with device
Cool Budget,FINANCE,4.1,95.1k,8.4M,"5,000,000+",Free,0,Everyone 10+,Finance,"April 18, 2017",2.0.7,5.0 and up
Daily Music Player,FAMILY,3.8,67,13M,"5,000+",Free,0,Everyone,Casual,"April 15, 2016",6.17.6,4.0.3 and up
Happy Bible 17,LIFESTYLE,4.5,570,115k,"50,000+",Paid,$9.99,Teen,Lifestyle,"June 9, 2018",5.3.8,5.0 and up
Tiny Diet Tracker 5,SPORTS,,12359,Varies with device,"500,000+",Paid,$1.99,Everyone,Sports,"August 22, 2017",Varies with device,4.1 and up
Ultimate Chess,LIFESTYLE,4.1,529,4.0M,"5,000+",Free,0,Everyone,Lifestyle,"July 29, 2018",3.3.0,5.0 and up
Free Puzzle,LIFESTYLE,4.0,1222,Varies with device,"50,000+",Free,0,Teen,Lifestyle,"October 23, 2017",8.15.3,4.1 and up
Quick Workout 6,ART_AND_DESIGN,4.4,76,4.3M,"5,000+",Free,0,Everyone,Art & Design,"May 21, 2018",4.0.9,5.0 and up
Star Dictionary,BOOKS_AND_REFERENCE,,13,17M,500+,Free,0,Everyone,Books & Reference,"December 9, 2014",7.5.1,4.0.3 and up
Pro Workout,ART_AND_DESIGN,4.5,43561,49M,"1,000,000+",Free,0,Everyone,Art & Design,"August 17, 2015",8.18.1,5.0 and up
Mini Maps 5,HEALTH_AND_FITNESS,4.4,253,Varies with device,"10,000+",Free,0,Everyone,Health & Fitness,"January 3, 2017",Varies with device,Varies with device
Pocket Budget,MAPS_AND_NAVIGATION,4.0,62,24M,"5,000+",Free,0,Everyone,Maps & Navigation,"March 31, 2016",2.13.8,Varies with device
Happy Coloring Book 14,COMMUNICATION,4.2,2k,27M,"100,000+",Free,0,Everyone,Communication,"February 21, 2017",8.3.2,4.0.3 and up
Fast Workout,MEDICAL,4.6,12116,5.4M,"500,000+",Free,0,Everyone,Medical,"April 12, 2018",Varies with device,4.1 and up
Smart Recipes 2,FINANCE,5.0,19,513k,"1,000+",Free,0,Teen,Finance,"August 12, 2017",5.6.6,4.0.3 and up
Magic Coloring Book,SHOPPING,3.5,197,9.9M,"10,000+",Free,0,Everyone,Shopping,"August 12, 2017",8.1.8,4.4 and up
Happy Radio,EDUCATION,4.0,8001,9.2M,"500,000+",Free,0,Everyone,Education,"October 4, 2017",2.18.8,4.1 and up
Tiny Radio,LIFESTYLE,4.2,1.1k,46M,"50,000+",Paid,$2.99,Everyone,Lifestyle,"April 13, 2017",6.8.9,5.0 and up
Ultimate Maps,ENTERTAINMENT,4.5,953,21M,"50,000+",Free,0,Everyone,Entertainment,"April 20, 2017",Varies with device,4.4 and up
Happy Launcher,SPORTS,4.1,39k,14M,"1,000,000+",Paid,$1.99,Everyone,Sports,"February 23, 2017",7.9.9,5.0 and up
Pocket Bible,ART_AND_DESIGN,4.3,222,20M,"10,000+",Free,0,Everyone,Art & Design,"April 3, 2017",1.8.7,4.1 and up
Star Radio,HEALTH_AND_FITNESS,4.3,121,26M,"1,000+",Free,0,Teen,Health & Fitness,"November 8, 2017",7.8.6,4.1 and up
Secure Launcher,BUSINESS,3.9,94863,6.3M,"1,000,000+",Free,0,Everyone 10+,Business,"May 20, 2018",Varies with device,4.0.3 and up
Tiny Weather,LIFESTYLE,3.9,280,24M,"10,000+",Free,0,Everyone,Lifestyle,"March 27, 2018",3.13.1,4.0.3 and up
Mini Radio,MEDICAL,4.5,8.9k,5.5M,"500,000+",Paid,$4.99,Everyone,Medical,"April 29, 2018",8.13.1,4.4 and up
Star Bible 11,ENTERTAINMENT,,8k,Varies with device,"100,000+",Free,0,Everyone,Entertainment,"January 1, 2018",Varies with device,4.0.3 and up
Easy Radio,COMMUNICATION,4.7,17990,14M,"1,000,000+",Free,0,Everyone,Communication,"June 8, 2018",7.15.6,4.0.3 and up
Pro Messenger 17,LIFESTYLE,3.9,2.1k,24M,"50,000+",Free,0,Everyone,Lifestyle,"March 24, 2018",1.13.2,4.4 and up
Bright Dictionary,COMMUNICATION,4.0,705,33M,"50,000+",Free,0,Everyone,Communication,"April 28, 2018",4.5.7,5.0 and up
Fast Weather,SHOPPING,3.9,195956,6.9M,"5,000,000+",Free,0,Everyone,Shopping,"June 22, 2016",6.1.5,4.4 and up
Pixel Keyboard,SHOPPING,3.2,86966,3.3M,"5,000,000+",Free,0,Teen,Shopping,"November 20, 2016",4.0.8,4.0.3 and up
Magic Wallpapers,FAMILY,4.4,8.6k,6.3M,"500,000+",Free,0,Everyone,Casual,"June 26, 2018",3.3.9,4.1 and up
Fast Notes,BUSINESS,,8,3.1M,500+,Free,0,Everyone,Business,"July 14, 2018",2.17.9,4.1 and up
Cool Calendar,GAME,4.0,195,2.5M,"5,000+",Free,0,Everyone,Action,"November 7, 2015",1.6.0,Varies with device
Bright Recipes 16,PHOTOGRAPHY,4.5,2.3M,3.4M,"100,000,000+",Free,0,Everyone,Photography,"June 27, 2014",Varies with device,4.4 and up
Simple Budget,LIFESTYLE,3.7,5884,9.4M,"100,000+",Free,0,Everyone,Lifestyle,"June 9, 2017",Varies with device,4.1 and up
Daily Diet Tracker 14,PHOTOGRAPHY,,17907,15M,"500,000+",Free,0,Everyone 10+,Photography,"June 24, 2016",4.8.4,4.0.3 and up
Pixel Wallpapers,SOCIAL,4.0,1677,7.0M,"50,000+",Free,0,Everyone 10+,Social,"July 7, 2016",2.19.8,4.0.3 and up
Tiny Notes,SPORTS,4.5,453,21M,"5,000+",Free,0,Everyone,Sports,"May 31, 2018",2.13.1,5.0 and up
Fast Photo Editor,BUSINESS,4.1,37,52M,"5,000+",Free,0,Everyone,Business,"February 4, 2017",7.16.7,4.4 and up
Tiny Calendar,ART_AND_DESIGN,4.3,14520,9.2M,"1,000,000+",Free,0,Everyone,Art & Design,"July 13, 2017",Varies with device,5.0 and up
Smart Weather,ART_AND_DESIGN,4.1,262,20M,"5,000+",Free,0,Teen,Art & Design,"September 3, 2017",Varies with device,4.0.3 and up
Quick Chess,BOOKS_AND_REFERENCE,5.0,124,12M,"5,000+",Free,0,Everyone,Books & Reference,"October 27, 2017",8.14.9,4.0.3 and up
Magic Coloring Book,MAPS_AND_NAVIGATION,4.3,924,16M,"50,000+",Free,0,Everyone,Maps & Navigation,"October 29, 2016",2.11.2,Varies with device
Easy Wallpapers,ENTERTAINMENT,,628,3.8M,"50,000+",Free,0,Everyone,Entertainment,"May 28, 2018",4.19.6,4.4 and up
Free Flashlight,SOCIAL,3.5,14,19M,500+,Free,0,Everyone,Social,"November 1, 2015",4.6.4,Varies with device
Cool Scanner,TRAVEL_AND_LOCAL,4.4,137,2.7M,"5,000+",Free,0,Everyone 10+,Travel & Local,"November 1, 2017",3.18.4,5.0 and up
Happy Launcher,TRAVEL_AND_LOCAL,,146,35M,"5,000+",Free,0,Everyone,Travel & Local,"July 27, 2016",2.9.1,4.0.3 and up
Simple Scanner 10,EDUCATION,4.2,1785,16M,"50,000+",Free,0,Everyone,Education,"May 28, 2016",7.17.9,4.0.3 and up
Cool Puzzle,COMMUNICATION,3.9,308,7.6M,"5,000+",Free,0,Everyone,Communication,"May 1, 2017",Varies with device,5.0 and up
Pocket Maps,COMMUNICATION,5.0,143017,11M,"5,000,000+",Free,0,Everyone,Communication,"September 24, 2017",7.1.7,Varies with device
Magic VPN,MAPS_AND_NAVIGATION,5.0,162,19M,"10,000+",Free,0,Everyone,Maps & Navigation,"June 10, 2018",8.6.1,4.1 and up
Mini Coloring Book 11,MAPS_AND_NAVIGATION,4.4,2403,5.5M,"50,000+",Free,0,Everyone,Maps & Navigation,"July 12, 2018",4.2.9,5.0 and up
Pocket Keyboard 7,GAME,5.0,1941,0.7M,"50,000+",Free,0,Everyone,Action,"September 4, 2017",Varies with device,5.0 and up
Pocket Bible 2,LIFESTYLE,4.3,177,2.0M,"5,000+",Free,0,Everyone,Lifestyle,"October 22, 2017",8.8.0,4.4 and up
Pocket Chess,TRAVEL_AND_LOCAL,4.4,23,Varies with device,500+,Free,0,Everyone,Travel & Local,"March 27, 2018",7.4.9,4.0.3 and up
Smart Launcher,GAME,4.2,3k,80M,"50,000+",Free,0,Everyone,Action,"September 29, 2015",7.0.5,4.4 and up
Ultimate Music Player 13,PRODUCTIVITY,4.8,905,48M,"50,000+",Free,0,Everyone,Productivity,"June 21, 2017",5.19.7,Varies with device
Happy Coloring Book 8,BUSINESS,5.0,128,Varies with device,"5,000+",Free,0,Everyone,Business,"June 10, 2018",1.2.1,4.0.3 and up
Quick Messenger 16,GAME,3.6,257,47M,"5,000+",Free,0,Everyone,Action,"November 13, 2017",5.11.5,5.0 and up
Pro Budget,MEDICAL,3.8,820,70M,"50,000+",Free,0,Everyone,Medical,"July 10, 2018",2.11.5,4.1 and up
Magic Dictionary,COMMUNICATION,,24,7.4M,"1,000+",Free,0,Teen,Communication,"January 22, 2017",4.19.8,Varies with device
Star Budget,FINANCE,,671,5.5M,"50,000+",Paid,$0.99,Everyone,Finance,"May 10, 2018",5.15.7,4.4 and up
Simple Keyboard,HEALTH_AND_FITNESS,4.2,774,Varies with device,"50,000+",Free,0,Everyone,Health & Fitness,"July 21, 2016",7.7.8,4.0.3 and up
Ultimate Launcher,MEDICAL,4.2,108,13M,"5,000+",Free,0,Mature 17+,Medical,"February 1, 2017",7.4.1,5.0 and up
Secure Keyboard 9,TRAVEL_AND_LOCAL,4.1,121,6.4M,"5,000+",Free,0,Everyone,Travel & Local,"September 27, 2016",4.3.3,5.0 and up
Mini Radio 10,COMMUNICATION,,17597,31M,"500,000+",Free,0,Everyone,Communication,"May 1, 2018",1.18.4,5.0 and up
Star Calendar,MEDICAL,5.0,373,20M,"5,000+",Paid,$4.99,Everyone,Medical,"July 29, 2018",4.7.9,4.0.3 and up
Fast Puzzle 15,PRODUCTIVITY,5.0,4k,20M,"50,000+",Free,0,Mature 17+,Productivity,"April 5, 2016",8.13.2,4.4 and up
Fast Maps 7,MAPS_AND_NAVIGATION,3.8,9789,Varies with device,"500,000+",Free,0,Teen,Maps & Navigation,"July 19, 2017",1.14.6,4.4 and up
Super Recipes,PHOTOGRAPHY,3.9,889505,25M,"10,000,000+",Free,0,Everyone,Photography,"November 12, 2017",7.3.7,Varies with device
Smart Scanner 10,BUSINESS,4.5,885,8.4M,"10,000+",Free,0,Everyone 10+,Business,"December 8, 2017",Varies with device,4.0.3 and up
Tiny Chess,LIFESTYLE,4.1,126,19M,"5,000+",Free,0,Everyone,Lifestyle,"April 29, 2018",6.16.6,4.0.3 and up
Quick Launcher,ART_AND_DESIGN,4.5,11684,1.7M,"500,000+",Free,0,Everyone,Art & Design,"July 17, 2018",1.0.6,4.1 and up
Easy Messenger,BUSINESS,4.3,951738,6.7M,"50,000,000+",Free,0,Everyone,Business,"July 15, 2018",5.18.8,4.0.3 and up
Easy Radio,PHOTOGRAPHY,3.9,254,39M,"10,000+",Free,0,Everyone,Photography,"August 1, 2018",3.6.7,4.4 and up
Bright Messenger,HEALTH_AND_FITNESS,4.7,10k,Varies with device,"500,000+",Free,0,Everyone 10+,Health & Fitness,"July 30, 2016",6.19.6,Varies with device
Mini Flashlight,SHOPPING,3.6,2k,3.0M,"100,000+",Free,0,Teen,Shopping,"August 5, 2017",3.17.3,Varies with device
Bright Calendar,PHOTOGRAPHY,4.5,210,5.2M,"10,000+",Free,0,Everyone,Photography,"November 13, 2017",4.7.2,5.0 and up
Star Wallpapers,TOOLS,4.2,1936,33M,"100,000+",Free,0,Everyone,Tools,"August 26, 2017",1.5.6,4.1 and up
Simple VPN,HEALTH_AND_FITNESS,4.5,84,97M,"1,000+",Free,0,Everyone,Health & Fitness,"November 19, 2017",5.14.4,Varies with device
Ultimate Budget 11,PRODUCTIVITY,4.5,3,23M,100+,Free,0,Mature 17+,Productivity,"August 4, 2017",1.4.5,4.0.3 and up
Simple Translator,EDUCATION,,432361,23M,"10,000,000+",Free,0,Everyone 10+,Education,"May 21, 2018",7.17.6,4.4 and up
Ultimate Translator 14,SHOPPING,3.5,314.7k,23M,"5,000,000+",Free,0,Everyone,Shopping,"January 7, 2017",4.18.7,4.0.3 and up
Free Puzzle 3,EDUCATION,3.6,36619,29M,"1,000,000+",Free,0,Everyone,Education,"October 24, 2017",8.11.4,4.0.3 and up
Ultimate Translator 18,COMMUNICATION,4.1,1.2k,353k,"50,000+",Free,0,Everyone,Communication,"November 5, 2017",2.10.4,4.1 and up
Pro VPN 5,COMMUNICATION,3.1,312,3.3M,"10,000+",Free,0,Everyone,Communication,"October 21, 2016",7.6.8,4.1 and up
Star Wallpapers,BOOKS_AND_REFERENCE,4.6,799,21M,"50,000+",Free,0,Everyone,Books & Reference,"June 10, 2015",7.10.9,4.4 and up
Pixel Budget 2,SHOPPING,4.4,1886,18M,"50,000+",Paid,$9.99,Everyone,Shopping,"November 4, 2015",8.11.3,4.4 and up
Magic Messenger,SHOPPING,3.7,19113,16M,"1,000,000+",Free,0,Everyone,Shopping,"December 7, 2015",4.7.2,4.1 and up
Daily Weather 13,COMMUNICATION,,67,28M,"5,000+",Free,0,Everyone,Communication,"January 2, 2016",8.5.9,Varies with device
Magic Chess,TOOLS,4.0,107,28M,"5,000+",Free,0,Everyone,Tools,"December 15, 2017",4.13.9,4.1 and up
Tiny Dictionary,GAME,4.3,11133,14M,"500,000+",Free,0,Everyone,Action,"February 11, 2017",5.3.4,4.0.3 and up
Fast Notes,HEALTH_AND_FITNESS,4.7,8076,1.0M,"500,000+",Free,0,Mature 17+,Health & Fitness,"April 23, 2018",3.5.5,Varies with device
Pixel Launcher 5,TOOLS,4.2,481,18M,"10,000+",Free,0,Everyone,Tools,"September 8, 2017",2.15.1,Varies with device
Secure Notes,MEDICAL,4.2,37.3k,15M,"500,000+",Free,0,Everyone,Medical,"May 6, 2017",1.9.4,4.0.3 and up
Secure Maps,LIFESTYLE,4.2,2811,146k,"100,000+",Free,0,Everyone,Lifestyle,"May 9, 2018",Varies with device,Varies with device
Easy Dictionary,GAME,3.8,86,12M,"5,000+",Free,0,Everyone,Action,"April 22, 2016",2.5.4,4.4 and up
Cool Radio 2,ENTERTAINMENT,4.3,3337,3.3M,"100,000+",Paid,$4.99,Everyone,Entertainment,"January 13, 2017",3.6.9,4.4 and up
Smart Translator,PHOTOGRAPHY,,5,100M,500+,Paid,$0.99,Everyone,Photography,"May 14, 2018",Varies with device,4.0.3 and up
Smart Scanner,SOCIAL,4.3,2k,94M,"50,000+",Paid,$1.99,Everyone,Social,"March 8, 2018",Varies with device,5.0 and up
Mini Music Player,MAPS_AND_NAVIGATION,3.5,331,55M,"5,000+",Free,0,Everyone,Maps & Navigation,"April 27, 2018",5.1.5,4.1 and up
Easy Scanner,TRAVEL_AND_LOCAL,3.9,280,18M,"5,000+",Free,0,Everyone,Travel & Local,"January 17, 2018",8.18.7,4.0.3 and up
Mini Budget 6,TRAVEL_AND_LOCAL,4.2,156,676k,"10,000+",Free,0,Teen,Travel & Local,"April 24, 2018",2.14.1,4.4 and up
Simple Calendar 15,LIFESTYLE,4.1,5.0k,7.8M,"100,000+",Paid,$9.99,Everyone,Lifestyle,"December 8, 2016",8.12.0,4.4 and up
Super Translator,EDUCATION,4.5,57,13M,"1,000+",Free,0,Teen,Education,"December 8, 2016",7.10.5,Varies with device
Secure Notes,TOOLS,4.2,1564,41M,"50,000+",Free,0,Everyone,Tools,"October 16, 2016",Varies with device,5.0 and up
Secure Music Player,FAMILY,4.1,1420,17M,"50,000+",Free,0,Everyone 10+,Casual,"June 11, 2018",1.9.6,4.1 and up
Secure Messenger,ART_AND_DESIGN,4.4,620,12M,"50,000+",Free,0,Everyone 10+,Art & Design,"November 23, 2017",Varies with device,5.0 and up
Pro Chess 19,MEDICAL,5.0,995,6.1M,"50,000+",Free,0,Everyone,Medical,"May 26, 2018",5.18.0,4.0.3 and up
Daily Budget,EDUCATION,3.5,7559,15M,"500,000+",Free,0,Everyone,Education,"October 30, 2017",1.9.1,Varies with device
Secure Recipes,PRODUCTIVITY,4.0,3k,36M,"100,000+",Free,0,Everyone,Productivity,"June 20, 2017",4.16.3,4.4 and up
Simple Music Player 18,ENTERTAINMENT,4.3,91,55M,"5,000+",Free,0,Everyone,Entertainment,"July 19, 2017",3.7.3,4.1 and up
Happy VPN,PHOTOGRAPHY,3.7,14277,9.9M,"500,000+",Free,0,Teen,Photography,"March 18, 2017",5.5.5,5.0 and up
Super Recipes,FAMILY,4.3,4017,13M,"50,000+",Paid,$4.99,Everyone,Casual,"December 31, 2016",6.16.2,4.0.3 and up
Ultimate Maps 6,FINANCE,4.5,256,Varies with device,"5,000+",Free,0,Everyone,Finance,"June 14, 2018",6.1.4,5.0 and up
Mini Weather,EDUCATION,4.4,2710,10M,"100,000+",Paid,$4.99,Everyone,Education,"May 28, 2018",3.3.2,5.0 and up
Simple Maps 7,EDUCATION,4.4,90,2.2M,"5,000+",Free,0,Everyone,Education,"June 27, 2018",2.1.1,4.4 and up
Simple Scanner,SPORTS,4.6,7k,25M,"500,000+",Free,0,Everyone,Sports,"November 24, 2016",1.7.8,5.0 and up
Super Diet Tracker,LIFESTYLE,4.6,167,11M,"5,000+",Free,0,Everyone,Lifestyle,"March 26, 2018",1.14.0,4.0.3 and up
Pocket Coloring Book,PRODUCTIVITY,4.8,869503,11M,"50,000,000+",Free,0,Everyone,Productivity,"August 18, 2017",Varies with device,4.0.3 and up
Easy Radio 16,COMMUNICATION,,5.4k,25M,"100,000+",Free,0,Everyone,Communication,"March 30, 2018",1.16.8,Varies with device
Fast Maps 9,PHOTOGRAPHY,3.9,196,17M,"5,000+",Free,0,Everyone,Photography,"January 13, 2017",6.10.3,4.0.3 and up
Super Radio 7,TOOLS,4.5,817,3.1M,"50,000+",Free,0,Everyone 10+,Tools,"September 13, 2017",7.15.6,4.1 and up
Pocket Notes 11,SHOPPING,3.7,871,35M,"50,000+",Free,0,Everyone,Shopping,"March 31, 2018",2.1.3,5.0 and up
Fast Weather,SOCIAL,5.0,32,9.6M,"1,000+",Free,0,Everyone,Social,"February 5, 2018",1.9.5,4.1 and up
Daily Radio 4,TRAVEL_AND_LOCAL,4.3,343,22M,"50,000+",Free,0,Everyone,Travel & Local,"July 25, 2017",Varies with device,Varies with device
Cool Chess,LIFESTYLE,3.4,8917,Varies with device,"500,000+",Free,0,Everyone,Lifestyle,"March 10, 2018",1.13.6,5.0 and up
Star Maps 9,COMMUNICATION,4.3,53,12M,"5,000+",Free,0,Everyone,Communication,"June 8, 2018",2.17.2,4.0.3 and up
Tiny Bible,MAPS_AND_NAVIGATION,4.4,5432,9.2M,"500,000+",Free,0,Everyone,Maps & Navigation,"July 13, 2016",7.2.8,5.0 and up
Daily Bible 6,SOCIAL,4.3,878,5.8M,"50,000+",Free,0,Everyone,Social,"September 30, 2017",6.3.3,Varies with device
Free VPN,SOCIAL,3.9,8686,28M,"500,000+",Free,0,Teen,Social,"June 19, 2017",Varies with device,4.0.3 and up
Tiny Puzzle 4,SPORTS,5.0,38k,20M,"1,000,000+",Paid,$1.99,Everyone,Sports,"May 26, 2018",6.8.6,5.0 and up
Smart Wallpapers,TRAVEL_AND_LOCAL,4.3,2.3k,45M,"100,000+",Paid,$4.99,Teen,Travel & Local,"February 1, 2017",5.11.1,Varies with device
Simple Notes,COMMUNICATION,4.1,17799,5.5M,"500,000+",Free,0,Everyone,Communication,"May 31, 2017",5.5.3,5.0 and up
Star Dictionary 9,SHOPPING,4.5,10744,9.1M,"100,000+",Free,0,Everyone,Shopping,"February 10, 2017",8.1.5,4.4 and up
Super Diet Tracker,EDUCATION,4.5,1912,15M,"50,000+",Free,0,Everyone,Education,"July 26, 2018",8.19.1,4.4 and up
Pocket Calendar,TOOLS,4.6,237,20M,"10,000+",Free,0,Everyone 10+,Tools,"March 16, 2017",3.10.3,Varies with device
Pro Keyboard,GAME,5.0,193,6.5M,"10,000+",Free,0,Everyone,Action,"May 19, 2017",7.3.4,Varies with device
Bright Wallpapers 17,ENTERTAINMENT,3.7,7990,36M,"500,000+",Free,0,Teen,Entertainment,"July 18, 2017",7.3.9,4.0.3 and up
Bright Photo Editor,MAPS_AND_NAVIGATION,3.4,5k,62M,"50,000+",Free,0,Everyone,Maps & Navigation,"April 15, 2018",1.8.1,4.0.3 and up
Simple Calendar,COMMUNICATION,4.2,2,11M,50+,Free,0,Everyone,Communication,"August 28, 2017",Varies with device,4.0.3 and up
Ultimate Budget 4,BOOKS_AND_REFERENCE,3.8,1k,4.5M,"50,000+",Free,0,Teen,Books & Reference,"April 13, 2018",7.19.7,Varies with device
Happy Wallpapers 13,BOOKS_AND_REFERENCE,4.2,4276,20M,"50,000+",Free,0,Everyone,Books & Reference,"July 17, 2018",3.18.4,4.1 and up
Pocket Messenger,PRODUCTIVITY,4.8,56,Varies with device,"1,000+",Free,0,Everyone,Productivity,"April 24, 2017",4.2.6,5.0 and up
Super Messenger,GAME,5.0,24728,Varies with device,"1,000,000+",Free,0,Everyone,Action,"April 30, 2017",8.16.9,4.0.3 and up
Mini Keyboard,BUSINESS,4.1,10k,18M,"500,000+",Free,0,Teen,Business,"March 17, 2018",1.7.3,4.1 and up
Smart Calendar,PHOTOGRAPHY,4.8,10048,19M,"500,000+",Free,0,Everyone,Photography,"May 21, 2016",Varies with device,4.4 and up
Tiny Weather,MAPS_AND_NAVIGATION,5.0,4.0k,21M,"50,000+",Free,0,Everyone 10+,Maps & Navigation,"March 31, 2018",6.12.6,4.0.3 and up
Pocket Scanner,SPORTS,4.1,79,6.5M,"5,000+",Paid,$4.99,Everyone,Sports,"November 18, 2016",Varies with device,Varies with device
Fast Photo Editor 15,GAME,3.5,9140,21M,"500,000+",Free,0,Mature 17+,Action,"May 9, 2018",4.19.1,Varies with device
Fast Coloring Book,HEALTH_AND_FITNESS,3.2,754,11M,"50,000+",Free,0,Everyone,Health & Fitness,"April 18, 2018",5.7.2,4.4 and up
Free VPN,PHOTOGRAPHY,,59,47M,"1,000+",Free,0,Everyone,Photography,"September 19, 2016",4.5.7,4.0.3 and up
Mini Recipes 15,PRODUCTIVITY,4.2,6284,422k,"500,000+",Free,0,Everyone,Productivity,"July 14, 2018",Varies with device,4.1 and up
Pocket Weather 6,BUSINESS,4.2,4282,Varies with device,"500,000+",Free,0,Everyone,Business,"January 6, 2018",2.0.3,4.1 and up
Fast Messenger,PRODUCTIVITY,5.0,487,24M,"50,000+",Free,0,Everyone,Productivity,"April 21, 2018",1.15.1,5.0 and up
Tiny Puzzle,EDUCATION,2.0,5.8k,20M,"100,000+",Paid,$2.99,Everyone,Education,"March 16, 2018",8.1.3,4.0.3 and up
Secure Music Player,HEALTH_AND_FITNESS,4.3,48,85M,"1,000+",Paid,$2.99,Everyone,Health & Fitness,"March 11, 2018",2.18.0,Varies with device
Daily Notes,HEALTH_AND_FITNESS,4.4,1915,8.2M,"50,000+",Paid,$4.99,Everyone,Health & Fitness,"January 25, 2018",6.8.6,4.1 and up
Pro Puzzle,MAPS_AND_NAVIGATION,4.9,61818,3.4M,"500,000+",Free,0,Everyone,Maps & Navigation,"May 27, 2016",Varies with device,4.0.3 and up
Happy Calendar 17,HEALTH_AND_FITNESS,4.0,35,Varies with device,"5,000+",Free,0,Everyone,Health & Fitness,"March 18, 2017",8.10.0,4.0.3 and up
Pixel Scanner,TRAVEL_AND_LOCAL,4.8,46,23M,"5,000+",Paid,$9.99,Everyone,Travel & Local,"March 12, 2018",3.10.7,4.0.3 and up
